ISO-10303-21;
HEADER;
/* Generated by software containing ST-Developer
 * from STEP Tools, Inc. (www.steptools.com) 
 */

FILE_DESCRIPTION(
/* description */ (''),
/* implementation_level */ '2;1');

FILE_NAME(
/* name */ 'Board Main.step',
/* time_stamp */ '2026-08-27T02:15:13+09:00',
/* author */ (''),
/* organization */ (''),
/* preprocessor_version */ 'ST-DEVELOPER v20.1',
/* originating_system */ 'Autodesk Translation Framework v15.8.0.0',
/* authorisation */ '');

FILE_SCHEMA (('AUTOMOTIVE_DESIGN { 1 0 10303 214 3 1 1 }'));
ENDSEC;

DATA;
#10=MECHANICAL_DESIGN_GEOMETRIC_PRESENTATION_REPRESENTATION('',(#13,#14,
#15,#16,#17,#18,#19,#20,#21,#22),#5308);
#11=SHAPE_REPRESENTATION_RELATIONSHIP('SRR','None',#5315,#12);
#12=ADVANCED_BREP_SHAPE_REPRESENTATION('',(#23,#24,#25,#26,#27,#28,#29,
#30,#31,#32),#5307);
#13=STYLED_ITEM('',(#5324),#23);
#14=STYLED_ITEM('',(#5324),#24);
#15=STYLED_ITEM('',(#5324),#25);
#16=STYLED_ITEM('',(#5324),#26);
#17=STYLED_ITEM('',(#5324),#27);
#18=STYLED_ITEM('',(#5324),#28);
#19=STYLED_ITEM('',(#5324),#29);
#20=STYLED_ITEM('',(#5324),#30);
#21=STYLED_ITEM('',(#5324),#31);
#22=STYLED_ITEM('',(#5324),#32);
#23=MANIFOLD_SOLID_BREP('Board Main',#3143);
#24=MANIFOLD_SOLID_BREP('Body2',#3144);
#25=MANIFOLD_SOLID_BREP('Body3',#3145);
#26=MANIFOLD_SOLID_BREP('Body4',#3146);
#27=MANIFOLD_SOLID_BREP('Body5',#3147);
#28=MANIFOLD_SOLID_BREP('Body6',#3148);
#29=MANIFOLD_SOLID_BREP('Body7',#3149);
#30=MANIFOLD_SOLID_BREP('Body8',#3150);
#31=MANIFOLD_SOLID_BREP('Body9',#3151);
#32=MANIFOLD_SOLID_BREP('Body10',#3152);
#33=TOROIDAL_SURFACE('',#3272,2.,0.999999999999998);
#34=TOROIDAL_SURFACE('',#3277,2.,1.);
#35=TOROIDAL_SURFACE('',#3284,2.,1.);
#36=TOROIDAL_SURFACE('',#3289,2.,1.);
#37=TOROIDAL_SURFACE('',#3318,3.25,1.);
#38=TOROIDAL_SURFACE('',#3324,3.25,1.);
#39=TOROIDAL_SURFACE('',#3340,3.25,1.);
#40=TOROIDAL_SURFACE('',#3346,3.25,1.);
#41=SPHERICAL_SURFACE('',#3261,1.);
#42=SPHERICAL_SURFACE('',#3265,0.999999999999996);
#43=SPHERICAL_SURFACE('',#3296,1.);
#44=SPHERICAL_SURFACE('',#3300,1.);
#45=B_SPLINE_CURVE_WITH_KNOTS('',3,(#4700,#4701,#4702,#4703,#4704,#4705,
#4706,#4707,#4708,#4709,#4710,#4711,#4712,#4713),.UNSPECIFIED.,.F.,.F.,
(4,2,2,2,2,2,4),(-0.180534373464578,-0.179996433885141,-0.141587370453516,
-0.103641750689791,-0.0603272157627385,-0.0280251920227736,0.),
 .UNSPECIFIED.);
#46=B_SPLINE_CURVE_WITH_KNOTS('',3,(#4831,#4832,#4833,#4834,#4835,#4836,
#4837,#4838,#4839,#4840,#4841,#4842,#4843,#4844),.UNSPECIFIED.,.F.,.F.,
(4,2,2,2,2,2,4),(-0.181417619235444,-0.153171150650001,-0.120614082064147,
-0.0769575515713055,-0.0387123272124446,0.,0.000542186951427576),
 .UNSPECIFIED.);
#47=B_SPLINE_CURVE_WITH_KNOTS('',3,(#4899,#4900,#4901,#4902,#4903,#4904,
#4905,#4906,#4907,#4908,#4909,#4910,#4911,#4912),.UNSPECIFIED.,.F.,.F.,
(4,2,2,2,2,2,4),(-0.181417619283701,-0.153171150689859,-0.120614082094325,
-0.0769575515884983,-0.0387123272182628,0.,0.000542186951785185),
 .UNSPECIFIED.);
#48=B_SPLINE_CURVE_WITH_KNOTS('',3,(#4918,#4919,#4920,#4921,#4922,#4923,
#4924,#4925,#4926,#4927,#4928,#4929,#4930,#4931),.UNSPECIFIED.,.F.,.F.,
(4,2,2,2,2,2,4),(-0.180534373470015,-0.179996433890771,-0.141587370453516,
-0.103641750689791,-0.0603272157627386,-0.0280251920227736,0.),
 .UNSPECIFIED.);
#49=FACE_BOUND('',#423,.T.);
#50=FACE_BOUND('',#424,.T.);
#51=FACE_BOUND('',#425,.T.);
#52=FACE_BOUND('',#426,.T.);
#53=FACE_BOUND('',#427,.T.);
#54=FACE_BOUND('',#428,.T.);
#55=FACE_BOUND('',#429,.T.);
#56=FACE_BOUND('',#430,.T.);
#57=FACE_BOUND('',#431,.T.);
#58=CIRCLE('',#3177,2.);
#59=CIRCLE('',#3178,2.00000000000003);
#60=CIRCLE('',#3262,1.);
#61=CIRCLE('',#3263,1.);
#62=CIRCLE('',#3264,1.00000000000001);
#63=CIRCLE('',#3266,1.);
#64=CIRCLE('',#3267,0.999999999999996);
#65=CIRCLE('',#3268,1.00000000000001);
#66=CIRCLE('',#3273,1.00000000000001);
#67=CIRCLE('',#3274,1.);
#68=CIRCLE('',#3275,0.999999999999998);
#69=CIRCLE('',#3278,2.);
#70=CIRCLE('',#3279,1.00000000000001);
#71=CIRCLE('',#3280,1.);
#72=CIRCLE('',#3281,1.);
#73=CIRCLE('',#3285,1.);
#74=CIRCLE('',#3286,1.);
#75=CIRCLE('',#3287,1.);
#76=CIRCLE('',#3290,2.);
#77=CIRCLE('',#3291,0.999999999999998);
#78=CIRCLE('',#3292,0.999999999999996);
#79=CIRCLE('',#3293,1.);
#80=CIRCLE('',#3297,0.999999999999996);
#81=CIRCLE('',#3298,1.);
#82=CIRCLE('',#3299,1.);
#83=CIRCLE('',#3301,1.);
#84=CIRCLE('',#3302,1.);
#85=CIRCLE('',#3303,1.);
#86=CIRCLE('',#3319,2.25);
#87=CIRCLE('',#3320,1.);
#88=CIRCLE('',#3321,3.25);
#89=CIRCLE('',#3323,0.999999999999999);
#90=CIRCLE('',#3325,3.25);
#91=CIRCLE('',#3326,2.25);
#92=CIRCLE('',#3341,2.25);
#93=CIRCLE('',#3342,1.);
#94=CIRCLE('',#3343,3.25);
#95=CIRCLE('',#3345,0.999999999999998);
#96=CIRCLE('',#3347,3.25);
#97=CIRCLE('',#3348,2.25);
#98=CIRCLE('',#3351,2.25);
#99=CIRCLE('',#3355,2.25);
#100=CIRCLE('',#3358,2.25);
#101=CIRCLE('',#3366,2.25);
#102=PLANE('',#3174);
#103=PLANE('',#3175);
#104=PLANE('',#3176);
#105=PLANE('',#3187);
#106=PLANE('',#3188);
#107=PLANE('',#3197);
#108=PLANE('',#3198);
#109=PLANE('',#3207);
#110=PLANE('',#3208);
#111=PLANE('',#3217);
#112=PLANE('',#3218);
#113=PLANE('',#3227);
#114=PLANE('',#3228);
#115=PLANE('',#3237);
#116=PLANE('',#3238);
#117=PLANE('',#3247);
#118=PLANE('',#3248);
#119=PLANE('',#3257);
#120=PLANE('',#3258);
#121=PLANE('',#3349);
#122=PLANE('',#3352);
#123=PLANE('',#3353);
#124=PLANE('',#3356);
#125=PLANE('',#3359);
#126=PLANE('',#3360);
#127=PLANE('',#3361);
#128=PLANE('',#3362);
#129=PLANE('',#3363);
#130=PLANE('',#3364);
#131=PLANE('',#3365);
#132=PLANE('',#3367);
#133=PLANE('',#3368);
#134=PLANE('',#3370);
#135=PLANE('',#3371);
#136=PLANE('',#3372);
#137=PLANE('',#3373);
#138=PLANE('',#3374);
#139=PLANE('',#3375);
#140=PLANE('',#3376);
#141=PLANE('',#3377);
#142=PLANE('',#3378);
#143=PLANE('',#3379);
#144=PLANE('',#3380);
#145=PLANE('',#3381);
#146=PLANE('',#3382);
#147=PLANE('',#3383);
#148=PLANE('',#3384);
#149=PLANE('',#3385);
#150=PLANE('',#3386);
#151=PLANE('',#3387);
#152=PLANE('',#3388);
#153=PLANE('',#3389);
#154=PLANE('',#3390);
#155=PLANE('',#3391);
#156=PLANE('',#3392);
#157=PLANE('',#3393);
#158=PLANE('',#3394);
#159=PLANE('',#3395);
#160=PLANE('',#3396);
#161=PLANE('',#3397);
#162=PLANE('',#3398);
#163=PLANE('',#3399);
#164=PLANE('',#3400);
#165=PLANE('',#3401);
#166=PLANE('',#3402);
#167=PLANE('',#3403);
#168=PLANE('',#3404);
#169=PLANE('',#3405);
#170=PLANE('',#3406);
#171=PLANE('',#3407);
#172=PLANE('',#3408);
#173=PLANE('',#3409);
#174=PLANE('',#3410);
#175=PLANE('',#3411);
#176=PLANE('',#3412);
#177=PLANE('',#3413);
#178=PLANE('',#3414);
#179=PLANE('',#3415);
#180=PLANE('',#3416);
#181=PLANE('',#3417);
#182=PLANE('',#3418);
#183=PLANE('',#3419);
#184=PLANE('',#3420);
#185=PLANE('',#3421);
#186=PLANE('',#3422);
#187=PLANE('',#3423);
#188=PLANE('',#3424);
#189=PLANE('',#3425);
#190=PLANE('',#3426);
#191=PLANE('',#3427);
#192=PLANE('',#3428);
#193=PLANE('',#3429);
#194=PLANE('',#3430);
#195=PLANE('',#3431);
#196=PLANE('',#3432);
#197=PLANE('',#3433);
#198=PLANE('',#3434);
#199=PLANE('',#3435);
#200=PLANE('',#3436);
#201=PLANE('',#3437);
#202=PLANE('',#3438);
#203=PLANE('',#3439);
#204=PLANE('',#3440);
#205=PLANE('',#3441);
#206=PLANE('',#3442);
#207=PLANE('',#3443);
#208=PLANE('',#3444);
#209=PLANE('',#3445);
#210=PLANE('',#3446);
#211=PLANE('',#3447);
#212=PLANE('',#3448);
#213=PLANE('',#3449);
#214=PLANE('',#3450);
#215=PLANE('',#3451);
#216=PLANE('',#3452);
#217=PLANE('',#3453);
#218=PLANE('',#3454);
#219=FACE_OUTER_BOUND('',#416,.T.);
#220=FACE_OUTER_BOUND('',#417,.T.);
#221=FACE_OUTER_BOUND('',#418,.T.);
#222=FACE_OUTER_BOUND('',#419,.T.);
#223=FACE_OUTER_BOUND('',#420,.T.);
#224=FACE_OUTER_BOUND('',#421,.T.);
#225=FACE_OUTER_BOUND('',#422,.T.);
#226=FACE_OUTER_BOUND('',#432,.T.);
#227=FACE_OUTER_BOUND('',#433,.T.);
#228=FACE_OUTER_BOUND('',#434,.T.);
#229=FACE_OUTER_BOUND('',#435,.T.);
#230=FACE_OUTER_BOUND('',#436,.T.);
#231=FACE_OUTER_BOUND('',#437,.T.);
#232=FACE_OUTER_BOUND('',#438,.T.);
#233=FACE_OUTER_BOUND('',#439,.T.);
#234=FACE_OUTER_BOUND('',#440,.T.);
#235=FACE_OUTER_BOUND('',#441,.T.);
#236=FACE_OUTER_BOUND('',#442,.T.);
#237=FACE_OUTER_BOUND('',#443,.T.);
#238=FACE_OUTER_BOUND('',#444,.T.);
#239=FACE_OUTER_BOUND('',#445,.T.);
#240=FACE_OUTER_BOUND('',#446,.T.);
#241=FACE_OUTER_BOUND('',#447,.T.);
#242=FACE_OUTER_BOUND('',#448,.T.);
#243=FACE_OUTER_BOUND('',#449,.T.);
#244=FACE_OUTER_BOUND('',#450,.T.);
#245=FACE_OUTER_BOUND('',#451,.T.);
#246=FACE_OUTER_BOUND('',#452,.T.);
#247=FACE_OUTER_BOUND('',#453,.T.);
#248=FACE_OUTER_BOUND('',#454,.T.);
#249=FACE_OUTER_BOUND('',#455,.T.);
#250=FACE_OUTER_BOUND('',#456,.T.);
#251=FACE_OUTER_BOUND('',#457,.T.);
#252=FACE_OUTER_BOUND('',#458,.T.);
#253=FACE_OUTER_BOUND('',#459,.T.);
#254=FACE_OUTER_BOUND('',#460,.T.);
#255=FACE_OUTER_BOUND('',#461,.T.);
#256=FACE_OUTER_BOUND('',#462,.T.);
#257=FACE_OUTER_BOUND('',#463,.T.);
#258=FACE_OUTER_BOUND('',#464,.T.);
#259=FACE_OUTER_BOUND('',#465,.T.);
#260=FACE_OUTER_BOUND('',#466,.T.);
#261=FACE_OUTER_BOUND('',#467,.T.);
#262=FACE_OUTER_BOUND('',#468,.T.);
#263=FACE_OUTER_BOUND('',#469,.T.);
#264=FACE_OUTER_BOUND('',#470,.T.);
#265=FACE_OUTER_BOUND('',#471,.T.);
#266=FACE_OUTER_BOUND('',#472,.T.);
#267=FACE_OUTER_BOUND('',#473,.T.);
#268=FACE_OUTER_BOUND('',#474,.T.);
#269=FACE_OUTER_BOUND('',#475,.T.);
#270=FACE_OUTER_BOUND('',#476,.T.);
#271=FACE_OUTER_BOUND('',#477,.T.);
#272=FACE_OUTER_BOUND('',#478,.T.);
#273=FACE_OUTER_BOUND('',#479,.T.);
#274=FACE_OUTER_BOUND('',#480,.T.);
#275=FACE_OUTER_BOUND('',#481,.T.);
#276=FACE_OUTER_BOUND('',#482,.T.);
#277=FACE_OUTER_BOUND('',#483,.T.);
#278=FACE_OUTER_BOUND('',#484,.T.);
#279=FACE_OUTER_BOUND('',#485,.T.);
#280=FACE_OUTER_BOUND('',#486,.T.);
#281=FACE_OUTER_BOUND('',#487,.T.);
#282=FACE_OUTER_BOUND('',#488,.T.);
#283=FACE_OUTER_BOUND('',#489,.T.);
#284=FACE_OUTER_BOUND('',#490,.T.);
#285=FACE_OUTER_BOUND('',#491,.T.);
#286=FACE_OUTER_BOUND('',#492,.T.);
#287=FACE_OUTER_BOUND('',#493,.T.);
#288=FACE_OUTER_BOUND('',#494,.T.);
#289=FACE_OUTER_BOUND('',#495,.T.);
#290=FACE_OUTER_BOUND('',#496,.T.);
#291=FACE_OUTER_BOUND('',#497,.T.);
#292=FACE_OUTER_BOUND('',#498,.T.);
#293=FACE_OUTER_BOUND('',#499,.T.);
#294=FACE_OUTER_BOUND('',#500,.T.);
#295=FACE_OUTER_BOUND('',#501,.T.);
#296=FACE_OUTER_BOUND('',#502,.T.);
#297=FACE_OUTER_BOUND('',#503,.T.);
#298=FACE_OUTER_BOUND('',#504,.T.);
#299=FACE_OUTER_BOUND('',#505,.T.);
#300=FACE_OUTER_BOUND('',#506,.T.);
#301=FACE_OUTER_BOUND('',#507,.T.);
#302=FACE_OUTER_BOUND('',#508,.T.);
#303=FACE_OUTER_BOUND('',#509,.T.);
#304=FACE_OUTER_BOUND('',#510,.T.);
#305=FACE_OUTER_BOUND('',#511,.T.);
#306=FACE_OUTER_BOUND('',#512,.T.);
#307=FACE_OUTER_BOUND('',#513,.T.);
#308=FACE_OUTER_BOUND('',#514,.T.);
#309=FACE_OUTER_BOUND('',#515,.T.);
#310=FACE_OUTER_BOUND('',#516,.T.);
#311=FACE_OUTER_BOUND('',#517,.T.);
#312=FACE_OUTER_BOUND('',#518,.T.);
#313=FACE_OUTER_BOUND('',#519,.T.);
#314=FACE_OUTER_BOUND('',#520,.T.);
#315=FACE_OUTER_BOUND('',#521,.T.);
#316=FACE_OUTER_BOUND('',#522,.T.);
#317=FACE_OUTER_BOUND('',#523,.T.);
#318=FACE_OUTER_BOUND('',#524,.T.);
#319=FACE_OUTER_BOUND('',#525,.T.);
#320=FACE_OUTER_BOUND('',#526,.T.);
#321=FACE_OUTER_BOUND('',#527,.T.);
#322=FACE_OUTER_BOUND('',#528,.T.);
#323=FACE_OUTER_BOUND('',#529,.T.);
#324=FACE_OUTER_BOUND('',#530,.T.);
#325=FACE_OUTER_BOUND('',#531,.T.);
#326=FACE_OUTER_BOUND('',#532,.T.);
#327=FACE_OUTER_BOUND('',#533,.T.);
#328=FACE_OUTER_BOUND('',#534,.T.);
#329=FACE_OUTER_BOUND('',#535,.T.);
#330=FACE_OUTER_BOUND('',#536,.T.);
#331=FACE_OUTER_BOUND('',#537,.T.);
#332=FACE_OUTER_BOUND('',#538,.T.);
#333=FACE_OUTER_BOUND('',#539,.T.);
#334=FACE_OUTER_BOUND('',#540,.T.);
#335=FACE_OUTER_BOUND('',#541,.T.);
#336=FACE_OUTER_BOUND('',#542,.T.);
#337=FACE_OUTER_BOUND('',#543,.T.);
#338=FACE_OUTER_BOUND('',#544,.T.);
#339=FACE_OUTER_BOUND('',#545,.T.);
#340=FACE_OUTER_BOUND('',#546,.T.);
#341=FACE_OUTER_BOUND('',#547,.T.);
#342=FACE_OUTER_BOUND('',#548,.T.);
#343=FACE_OUTER_BOUND('',#549,.T.);
#344=FACE_OUTER_BOUND('',#550,.T.);
#345=FACE_OUTER_BOUND('',#551,.T.);
#346=FACE_OUTER_BOUND('',#552,.T.);
#347=FACE_OUTER_BOUND('',#553,.T.);
#348=FACE_OUTER_BOUND('',#554,.T.);
#349=FACE_OUTER_BOUND('',#555,.T.);
#350=FACE_OUTER_BOUND('',#556,.T.);
#351=FACE_OUTER_BOUND('',#557,.T.);
#352=FACE_OUTER_BOUND('',#558,.T.);
#353=FACE_OUTER_BOUND('',#559,.T.);
#354=FACE_OUTER_BOUND('',#560,.T.);
#355=FACE_OUTER_BOUND('',#561,.T.);
#356=FACE_OUTER_BOUND('',#562,.T.);
#357=FACE_OUTER_BOUND('',#563,.T.);
#358=FACE_OUTER_BOUND('',#564,.T.);
#359=FACE_OUTER_BOUND('',#565,.T.);
#360=FACE_OUTER_BOUND('',#566,.T.);
#361=FACE_OUTER_BOUND('',#567,.T.);
#362=FACE_OUTER_BOUND('',#568,.T.);
#363=FACE_OUTER_BOUND('',#569,.T.);
#364=FACE_OUTER_BOUND('',#570,.T.);
#365=FACE_OUTER_BOUND('',#571,.T.);
#366=FACE_OUTER_BOUND('',#572,.T.);
#367=FACE_OUTER_BOUND('',#573,.T.);
#368=FACE_OUTER_BOUND('',#574,.T.);
#369=FACE_OUTER_BOUND('',#575,.T.);
#370=FACE_OUTER_BOUND('',#576,.T.);
#371=FACE_OUTER_BOUND('',#577,.T.);
#372=FACE_OUTER_BOUND('',#578,.T.);
#373=FACE_OUTER_BOUND('',#579,.T.);
#374=FACE_OUTER_BOUND('',#580,.T.);
#375=FACE_OUTER_BOUND('',#581,.T.);
#376=FACE_OUTER_BOUND('',#582,.T.);
#377=FACE_OUTER_BOUND('',#583,.T.);
#378=FACE_OUTER_BOUND('',#584,.T.);
#379=FACE_OUTER_BOUND('',#585,.T.);
#380=FACE_OUTER_BOUND('',#586,.T.);
#381=FACE_OUTER_BOUND('',#587,.T.);
#382=FACE_OUTER_BOUND('',#588,.T.);
#383=FACE_OUTER_BOUND('',#589,.T.);
#384=FACE_OUTER_BOUND('',#590,.T.);
#385=FACE_OUTER_BOUND('',#591,.T.);
#386=FACE_OUTER_BOUND('',#592,.T.);
#387=FACE_OUTER_BOUND('',#593,.T.);
#388=FACE_OUTER_BOUND('',#594,.T.);
#389=FACE_OUTER_BOUND('',#595,.T.);
#390=FACE_OUTER_BOUND('',#596,.T.);
#391=FACE_OUTER_BOUND('',#597,.T.);
#392=FACE_OUTER_BOUND('',#598,.T.);
#393=FACE_OUTER_BOUND('',#599,.T.);
#394=FACE_OUTER_BOUND('',#600,.T.);
#395=FACE_OUTER_BOUND('',#601,.T.);
#396=FACE_OUTER_BOUND('',#602,.T.);
#397=FACE_OUTER_BOUND('',#603,.T.);
#398=FACE_OUTER_BOUND('',#604,.T.);
#399=FACE_OUTER_BOUND('',#605,.T.);
#400=FACE_OUTER_BOUND('',#606,.T.);
#401=FACE_OUTER_BOUND('',#607,.T.);
#402=FACE_OUTER_BOUND('',#608,.T.);
#403=FACE_OUTER_BOUND('',#609,.T.);
#404=FACE_OUTER_BOUND('',#610,.T.);
#405=FACE_OUTER_BOUND('',#611,.T.);
#406=FACE_OUTER_BOUND('',#612,.T.);
#407=FACE_OUTER_BOUND('',#613,.T.);
#408=FACE_OUTER_BOUND('',#614,.T.);
#409=FACE_OUTER_BOUND('',#615,.T.);
#410=FACE_OUTER_BOUND('',#616,.T.);
#411=FACE_OUTER_BOUND('',#617,.T.);
#412=FACE_OUTER_BOUND('',#618,.T.);
#413=FACE_OUTER_BOUND('',#619,.T.);
#414=FACE_OUTER_BOUND('',#620,.T.);
#415=FACE_OUTER_BOUND('',#621,.T.);
#416=EDGE_LOOP('',(#2022,#2023,#2024,#2025));
#417=EDGE_LOOP('',(#2026,#2027,#2028,#2029));
#418=EDGE_LOOP('',(#2030,#2031,#2032,#2033));
#419=EDGE_LOOP('',(#2034,#2035,#2036,#2037));
#420=EDGE_LOOP('',(#2038,#2039,#2040,#2041));
#421=EDGE_LOOP('',(#2042,#2043,#2044,#2045));
#422=EDGE_LOOP('',(#2046,#2047,#2048,#2049,#2050,#2051,#2052,#2053,#2054,
#2055));
#423=EDGE_LOOP('',(#2056,#2057,#2058,#2059));
#424=EDGE_LOOP('',(#2060,#2061,#2062,#2063));
#425=EDGE_LOOP('',(#2064,#2065,#2066,#2067));
#426=EDGE_LOOP('',(#2068,#2069,#2070,#2071));
#427=EDGE_LOOP('',(#2072,#2073,#2074,#2075));
#428=EDGE_LOOP('',(#2076,#2077,#2078,#2079));
#429=EDGE_LOOP('',(#2080,#2081,#2082,#2083));
#430=EDGE_LOOP('',(#2084,#2085,#2086,#2087));
#431=EDGE_LOOP('',(#2088,#2089,#2090,#2091));
#432=EDGE_LOOP('',(#2092,#2093,#2094,#2095));
#433=EDGE_LOOP('',(#2096,#2097,#2098,#2099));
#434=EDGE_LOOP('',(#2100,#2101,#2102,#2103));
#435=EDGE_LOOP('',(#2104,#2105,#2106,#2107));
#436=EDGE_LOOP('',(#2108,#2109,#2110,#2111));
#437=EDGE_LOOP('',(#2112,#2113,#2114,#2115));
#438=EDGE_LOOP('',(#2116,#2117,#2118,#2119));
#439=EDGE_LOOP('',(#2120,#2121,#2122,#2123));
#440=EDGE_LOOP('',(#2124,#2125,#2126,#2127));
#441=EDGE_LOOP('',(#2128,#2129,#2130,#2131));
#442=EDGE_LOOP('',(#2132,#2133,#2134,#2135));
#443=EDGE_LOOP('',(#2136,#2137,#2138,#2139));
#444=EDGE_LOOP('',(#2140,#2141,#2142,#2143));
#445=EDGE_LOOP('',(#2144,#2145,#2146,#2147));
#446=EDGE_LOOP('',(#2148,#2149,#2150,#2151));
#447=EDGE_LOOP('',(#2152,#2153,#2154,#2155));
#448=EDGE_LOOP('',(#2156,#2157,#2158,#2159));
#449=EDGE_LOOP('',(#2160,#2161,#2162,#2163));
#450=EDGE_LOOP('',(#2164,#2165,#2166,#2167));
#451=EDGE_LOOP('',(#2168,#2169,#2170,#2171));
#452=EDGE_LOOP('',(#2172,#2173,#2174,#2175));
#453=EDGE_LOOP('',(#2176,#2177,#2178,#2179));
#454=EDGE_LOOP('',(#2180,#2181,#2182,#2183));
#455=EDGE_LOOP('',(#2184,#2185,#2186,#2187));
#456=EDGE_LOOP('',(#2188,#2189,#2190,#2191));
#457=EDGE_LOOP('',(#2192,#2193,#2194,#2195));
#458=EDGE_LOOP('',(#2196,#2197,#2198,#2199));
#459=EDGE_LOOP('',(#2200,#2201,#2202,#2203));
#460=EDGE_LOOP('',(#2204,#2205,#2206,#2207));
#461=EDGE_LOOP('',(#2208,#2209,#2210,#2211));
#462=EDGE_LOOP('',(#2212,#2213,#2214,#2215));
#463=EDGE_LOOP('',(#2216,#2217,#2218,#2219));
#464=EDGE_LOOP('',(#2220,#2221,#2222,#2223));
#465=EDGE_LOOP('',(#2224,#2225,#2226,#2227));
#466=EDGE_LOOP('',(#2228,#2229,#2230,#2231));
#467=EDGE_LOOP('',(#2232,#2233,#2234,#2235));
#468=EDGE_LOOP('',(#2236,#2237,#2238,#2239));
#469=EDGE_LOOP('',(#2240,#2241,#2242,#2243));
#470=EDGE_LOOP('',(#2244,#2245,#2246,#2247));
#471=EDGE_LOOP('',(#2248,#2249,#2250,#2251));
#472=EDGE_LOOP('',(#2252,#2253,#2254,#2255));
#473=EDGE_LOOP('',(#2256,#2257,#2258,#2259));
#474=EDGE_LOOP('',(#2260,#2261,#2262,#2263));
#475=EDGE_LOOP('',(#2264,#2265,#2266,#2267));
#476=EDGE_LOOP('',(#2268,#2269,#2270,#2271));
#477=EDGE_LOOP('',(#2272,#2273,#2274,#2275));
#478=EDGE_LOOP('',(#2276,#2277,#2278,#2279));
#479=EDGE_LOOP('',(#2280,#2281,#2282,#2283));
#480=EDGE_LOOP('',(#2284,#2285,#2286,#2287));
#481=EDGE_LOOP('',(#2288,#2289,#2290));
#482=EDGE_LOOP('',(#2291,#2292,#2293));
#483=EDGE_LOOP('',(#2294,#2295,#2296,#2297));
#484=EDGE_LOOP('',(#2298,#2299,#2300,#2301));
#485=EDGE_LOOP('',(#2302,#2303,#2304,#2305));
#486=EDGE_LOOP('',(#2306,#2307,#2308,#2309));
#487=EDGE_LOOP('',(#2310,#2311,#2312,#2313));
#488=EDGE_LOOP('',(#2314,#2315,#2316,#2317));
#489=EDGE_LOOP('',(#2318,#2319,#2320,#2321));
#490=EDGE_LOOP('',(#2322,#2323,#2324,#2325));
#491=EDGE_LOOP('',(#2326,#2327,#2328,#2329));
#492=EDGE_LOOP('',(#2330,#2331,#2332,#2333));
#493=EDGE_LOOP('',(#2334,#2335,#2336,#2337));
#494=EDGE_LOOP('',(#2338,#2339,#2340,#2341));
#495=EDGE_LOOP('',(#2342,#2343,#2344));
#496=EDGE_LOOP('',(#2345,#2346,#2347));
#497=EDGE_LOOP('',(#2348,#2349,#2350,#2351));
#498=EDGE_LOOP('',(#2352,#2353,#2354,#2355));
#499=EDGE_LOOP('',(#2356,#2357,#2358,#2359));
#500=EDGE_LOOP('',(#2360,#2361,#2362,#2363));
#501=EDGE_LOOP('',(#2364,#2365,#2366,#2367));
#502=EDGE_LOOP('',(#2368,#2369,#2370,#2371));
#503=EDGE_LOOP('',(#2372,#2373,#2374,#2375));
#504=EDGE_LOOP('',(#2376,#2377,#2378,#2379));
#505=EDGE_LOOP('',(#2380,#2381,#2382,#2383));
#506=EDGE_LOOP('',(#2384,#2385,#2386,#2387));
#507=EDGE_LOOP('',(#2388,#2389,#2390,#2391));
#508=EDGE_LOOP('',(#2392,#2393,#2394,#2395));
#509=EDGE_LOOP('',(#2396,#2397,#2398,#2399));
#510=EDGE_LOOP('',(#2400,#2401,#2402,#2403));
#511=EDGE_LOOP('',(#2404,#2405,#2406,#2407));
#512=EDGE_LOOP('',(#2408,#2409,#2410,#2411));
#513=EDGE_LOOP('',(#2412,#2413,#2414,#2415));
#514=EDGE_LOOP('',(#2416,#2417,#2418,#2419));
#515=EDGE_LOOP('',(#2420,#2421,#2422,#2423));
#516=EDGE_LOOP('',(#2424,#2425,#2426,#2427));
#517=EDGE_LOOP('',(#2428,#2429,#2430,#2431));
#518=EDGE_LOOP('',(#2432,#2433,#2434,#2435));
#519=EDGE_LOOP('',(#2436,#2437,#2438,#2439));
#520=EDGE_LOOP('',(#2440,#2441,#2442,#2443));
#521=EDGE_LOOP('',(#2444,#2445,#2446,#2447));
#522=EDGE_LOOP('',(#2448,#2449,#2450,#2451));
#523=EDGE_LOOP('',(#2452,#2453,#2454,#2455));
#524=EDGE_LOOP('',(#2456,#2457,#2458,#2459));
#525=EDGE_LOOP('',(#2460,#2461,#2462,#2463));
#526=EDGE_LOOP('',(#2464,#2465,#2466,#2467));
#527=EDGE_LOOP('',(#2468,#2469,#2470,#2471));
#528=EDGE_LOOP('',(#2472,#2473,#2474,#2475));
#529=EDGE_LOOP('',(#2476,#2477,#2478,#2479));
#530=EDGE_LOOP('',(#2480,#2481,#2482,#2483));
#531=EDGE_LOOP('',(#2484,#2485,#2486,#2487));
#532=EDGE_LOOP('',(#2488,#2489,#2490,#2491,#2492,#2493,#2494,#2495,#2496,
#2497,#2498,#2499,#2500,#2501,#2502,#2503,#2504,#2505,#2506,#2507,#2508,
#2509));
#533=EDGE_LOOP('',(#2510,#2511,#2512,#2513,#2514,#2515));
#534=EDGE_LOOP('',(#2516,#2517,#2518,#2519,#2520,#2521));
#535=EDGE_LOOP('',(#2522,#2523,#2524,#2525));
#536=EDGE_LOOP('',(#2526,#2527,#2528,#2529));
#537=EDGE_LOOP('',(#2530,#2531,#2532,#2533));
#538=EDGE_LOOP('',(#2534,#2535,#2536,#2537));
#539=EDGE_LOOP('',(#2538,#2539,#2540,#2541));
#540=EDGE_LOOP('',(#2542,#2543,#2544,#2545));
#541=EDGE_LOOP('',(#2546,#2547,#2548,#2549));
#542=EDGE_LOOP('',(#2550,#2551,#2552,#2553));
#543=EDGE_LOOP('',(#2554,#2555,#2556,#2557));
#544=EDGE_LOOP('',(#2558,#2559,#2560,#2561));
#545=EDGE_LOOP('',(#2562,#2563,#2564,#2565));
#546=EDGE_LOOP('',(#2566,#2567,#2568,#2569));
#547=EDGE_LOOP('',(#2570,#2571,#2572,#2573));
#548=EDGE_LOOP('',(#2574,#2575,#2576,#2577));
#549=EDGE_LOOP('',(#2578,#2579,#2580,#2581));
#550=EDGE_LOOP('',(#2582,#2583,#2584,#2585));
#551=EDGE_LOOP('',(#2586,#2587,#2588,#2589));
#552=EDGE_LOOP('',(#2590,#2591,#2592,#2593));
#553=EDGE_LOOP('',(#2594,#2595,#2596,#2597));
#554=EDGE_LOOP('',(#2598,#2599,#2600,#2601));
#555=EDGE_LOOP('',(#2602,#2603,#2604,#2605));
#556=EDGE_LOOP('',(#2606,#2607,#2608,#2609));
#557=EDGE_LOOP('',(#2610,#2611,#2612,#2613));
#558=EDGE_LOOP('',(#2614,#2615,#2616,#2617));
#559=EDGE_LOOP('',(#2618,#2619,#2620,#2621));
#560=EDGE_LOOP('',(#2622,#2623,#2624,#2625));
#561=EDGE_LOOP('',(#2626,#2627,#2628,#2629));
#562=EDGE_LOOP('',(#2630,#2631,#2632,#2633));
#563=EDGE_LOOP('',(#2634,#2635,#2636,#2637));
#564=EDGE_LOOP('',(#2638,#2639,#2640,#2641));
#565=EDGE_LOOP('',(#2642,#2643,#2644,#2645,#2646,#2647,#2648,#2649,#2650,
#2651,#2652,#2653));
#566=EDGE_LOOP('',(#2654,#2655,#2656,#2657));
#567=EDGE_LOOP('',(#2658,#2659,#2660,#2661));
#568=EDGE_LOOP('',(#2662,#2663,#2664,#2665));
#569=EDGE_LOOP('',(#2666,#2667,#2668,#2669));
#570=EDGE_LOOP('',(#2670,#2671,#2672,#2673));
#571=EDGE_LOOP('',(#2674,#2675,#2676,#2677));
#572=EDGE_LOOP('',(#2678,#2679,#2680,#2681));
#573=EDGE_LOOP('',(#2682,#2683,#2684,#2685));
#574=EDGE_LOOP('',(#2686,#2687,#2688,#2689));
#575=EDGE_LOOP('',(#2690,#2691,#2692,#2693));
#576=EDGE_LOOP('',(#2694,#2695,#2696,#2697));
#577=EDGE_LOOP('',(#2698,#2699,#2700,#2701));
#578=EDGE_LOOP('',(#2702,#2703,#2704,#2705));
#579=EDGE_LOOP('',(#2706,#2707,#2708,#2709));
#580=EDGE_LOOP('',(#2710,#2711,#2712,#2713));
#581=EDGE_LOOP('',(#2714,#2715,#2716,#2717));
#582=EDGE_LOOP('',(#2718,#2719,#2720,#2721));
#583=EDGE_LOOP('',(#2722,#2723,#2724,#2725));
#584=EDGE_LOOP('',(#2726,#2727,#2728,#2729));
#585=EDGE_LOOP('',(#2730,#2731,#2732,#2733));
#586=EDGE_LOOP('',(#2734,#2735,#2736,#2737));
#587=EDGE_LOOP('',(#2738,#2739,#2740,#2741));
#588=EDGE_LOOP('',(#2742,#2743,#2744,#2745));
#589=EDGE_LOOP('',(#2746,#2747,#2748,#2749));
#590=EDGE_LOOP('',(#2750,#2751,#2752,#2753));
#591=EDGE_LOOP('',(#2754,#2755,#2756,#2757));
#592=EDGE_LOOP('',(#2758,#2759,#2760,#2761));
#593=EDGE_LOOP('',(#2762,#2763,#2764,#2765));
#594=EDGE_LOOP('',(#2766,#2767,#2768,#2769));
#595=EDGE_LOOP('',(#2770,#2771,#2772,#2773));
#596=EDGE_LOOP('',(#2774,#2775,#2776,#2777));
#597=EDGE_LOOP('',(#2778,#2779,#2780,#2781));
#598=EDGE_LOOP('',(#2782,#2783,#2784,#2785));
#599=EDGE_LOOP('',(#2786,#2787,#2788,#2789));
#600=EDGE_LOOP('',(#2790,#2791,#2792,#2793));
#601=EDGE_LOOP('',(#2794,#2795,#2796,#2797));
#602=EDGE_LOOP('',(#2798,#2799,#2800,#2801));
#603=EDGE_LOOP('',(#2802,#2803,#2804,#2805));
#604=EDGE_LOOP('',(#2806,#2807,#2808,#2809));
#605=EDGE_LOOP('',(#2810,#2811,#2812,#2813));
#606=EDGE_LOOP('',(#2814,#2815,#2816,#2817));
#607=EDGE_LOOP('',(#2818,#2819,#2820,#2821));
#608=EDGE_LOOP('',(#2822,#2823,#2824,#2825));
#609=EDGE_LOOP('',(#2826,#2827,#2828,#2829));
#610=EDGE_LOOP('',(#2830,#2831,#2832,#2833));
#611=EDGE_LOOP('',(#2834,#2835,#2836,#2837));
#612=EDGE_LOOP('',(#2838,#2839,#2840,#2841));
#613=EDGE_LOOP('',(#2842,#2843,#2844,#2845));
#614=EDGE_LOOP('',(#2846,#2847,#2848,#2849));
#615=EDGE_LOOP('',(#2850,#2851,#2852,#2853));
#616=EDGE_LOOP('',(#2854,#2855,#2856,#2857));
#617=EDGE_LOOP('',(#2858,#2859,#2860,#2861));
#618=EDGE_LOOP('',(#2862,#2863,#2864,#2865));
#619=EDGE_LOOP('',(#2866,#2867,#2868,#2869));
#620=EDGE_LOOP('',(#2870,#2871,#2872,#2873));
#621=EDGE_LOOP('',(#2874,#2875,#2876,#2877));
#622=ELLIPSE('',#3167,1.4142135623731,1.);
#623=ELLIPSE('',#3168,1.41421356237308,1.);
#624=ELLIPSE('',#3170,1.4142135623731,1.);
#625=ELLIPSE('',#3172,1.41421356237311,1.);
#626=ELLIPSE('',#3180,1.4142135623731,1.);
#627=ELLIPSE('',#3181,1.41421356237308,1.);
#628=ELLIPSE('',#3183,1.41421356237311,1.);
#629=ELLIPSE('',#3185,1.4142135623731,1.);
#630=ELLIPSE('',#3190,1.4142135623731,1.);
#631=ELLIPSE('',#3191,1.41421356237309,1.);
#632=ELLIPSE('',#3193,1.41421356237309,1.);
#633=ELLIPSE('',#3195,1.4142135623731,1.);
#634=ELLIPSE('',#3200,1.4142135623731,1.);
#635=ELLIPSE('',#3201,1.4142135623731,1.);
#636=ELLIPSE('',#3203,1.41421356237311,1.);
#637=ELLIPSE('',#3205,1.41421356237308,1.);
#638=ELLIPSE('',#3210,1.4142135623731,1.);
#639=ELLIPSE('',#3211,1.4142135623731,1.);
#640=ELLIPSE('',#3213,1.4142135623731,1.);
#641=ELLIPSE('',#3215,1.4142135623731,1.);
#642=ELLIPSE('',#3220,1.4142135623731,1.);
#643=ELLIPSE('',#3221,1.41421356237309,1.);
#644=ELLIPSE('',#3223,1.4142135623731,1.);
#645=ELLIPSE('',#3225,1.41421356237309,1.);
#646=ELLIPSE('',#3230,1.4142135623731,1.);
#647=ELLIPSE('',#3231,1.41421356237309,1.);
#648=ELLIPSE('',#3233,1.41421356237311,1.);
#649=ELLIPSE('',#3235,1.41421356237308,1.);
#650=ELLIPSE('',#3240,1.4142135623731,1.);
#651=ELLIPSE('',#3241,1.4142135623731,1.);
#652=ELLIPSE('',#3243,1.4142135623731,1.);
#653=ELLIPSE('',#3245,1.41421356237309,1.);
#654=ELLIPSE('',#3250,1.4142135623731,1.);
#655=ELLIPSE('',#3251,1.41421356237308,1.);
#656=ELLIPSE('',#3253,1.4142135623731,1.);
#657=ELLIPSE('',#3255,1.41421356237311,1.);
#658=ELLIPSE('',#3260,1.4142135623731,1.);
#659=ELLIPSE('',#3270,1.41421356237311,1.);
#660=ELLIPSE('',#3306,1.4142135623731,1.);
#661=ELLIPSE('',#3310,1.4142135623731,1.);
#662=ELLIPSE('',#3312,1.41421356237311,1.);
#663=ELLIPSE('',#3314,1.41421356237311,1.);
#664=ELLIPSE('',#3317,1.4142135623731,1.);
#665=ELLIPSE('',#3328,1.41421356237308,1.);
#666=ELLIPSE('',#3331,1.4142135623731,1.);
#667=ELLIPSE('',#3333,1.41421356237308,1.);
#668=ELLIPSE('',#3335,1.41421356237308,1.);
#669=ELLIPSE('',#3337,1.41421356237311,1.);
#670=LINE('',#4371,#1002);
#671=LINE('',#4375,#1003);
#672=LINE('',#4379,#1004);
#673=LINE('',#4382,#1005);
#674=LINE('',#4385,#1006);
#675=LINE('',#4388,#1007);
#676=LINE('',#4390,#1008);
#677=LINE('',#4391,#1009);
#678=LINE('',#4394,#1010);
#679=LINE('',#4396,#1011);
#680=LINE('',#4397,#1012);
#681=LINE('',#4400,#1013);
#682=LINE('',#4401,#1014);
#683=LINE('',#4407,#1015);
#684=LINE('',#4411,#1016);
#685=LINE('',#4413,#1017);
#686=LINE('',#4415,#1018);
#687=LINE('',#4417,#1019);
#688=LINE('',#4419,#1020);
#689=LINE('',#4421,#1021);
#690=LINE('',#4422,#1022);
#691=LINE('',#4425,#1023);
#692=LINE('',#4427,#1024);
#693=LINE('',#4429,#1025);
#694=LINE('',#4430,#1026);
#695=LINE('',#4433,#1027);
#696=LINE('',#4435,#1028);
#697=LINE('',#4437,#1029);
#698=LINE('',#4438,#1030);
#699=LINE('',#4441,#1031);
#700=LINE('',#4443,#1032);
#701=LINE('',#4445,#1033);
#702=LINE('',#4446,#1034);
#703=LINE('',#4449,#1035);
#704=LINE('',#4451,#1036);
#705=LINE('',#4453,#1037);
#706=LINE('',#4454,#1038);
#707=LINE('',#4457,#1039);
#708=LINE('',#4459,#1040);
#709=LINE('',#4461,#1041);
#710=LINE('',#4462,#1042);
#711=LINE('',#4465,#1043);
#712=LINE('',#4467,#1044);
#713=LINE('',#4469,#1045);
#714=LINE('',#4470,#1046);
#715=LINE('',#4473,#1047);
#716=LINE('',#4475,#1048);
#717=LINE('',#4477,#1049);
#718=LINE('',#4478,#1050);
#719=LINE('',#4481,#1051);
#720=LINE('',#4483,#1052);
#721=LINE('',#4485,#1053);
#722=LINE('',#4486,#1054);
#723=LINE('',#4491,#1055);
#724=LINE('',#4496,#1056);
#725=LINE('',#4500,#1057);
#726=LINE('',#4502,#1058);
#727=LINE('',#4505,#1059);
#728=LINE('',#4507,#1060);
#729=LINE('',#4508,#1061);
#730=LINE('',#4511,#1062);
#731=LINE('',#4512,#1063);
#732=LINE('',#4517,#1064);
#733=LINE('',#4522,#1065);
#734=LINE('',#4526,#1066);
#735=LINE('',#4528,#1067);
#736=LINE('',#4531,#1068);
#737=LINE('',#4533,#1069);
#738=LINE('',#4534,#1070);
#739=LINE('',#4537,#1071);
#740=LINE('',#4538,#1072);
#741=LINE('',#4543,#1073);
#742=LINE('',#4548,#1074);
#743=LINE('',#4552,#1075);
#744=LINE('',#4554,#1076);
#745=LINE('',#4557,#1077);
#746=LINE('',#4559,#1078);
#747=LINE('',#4560,#1079);
#748=LINE('',#4563,#1080);
#749=LINE('',#4564,#1081);
#750=LINE('',#4569,#1082);
#751=LINE('',#4574,#1083);
#752=LINE('',#4578,#1084);
#753=LINE('',#4580,#1085);
#754=LINE('',#4583,#1086);
#755=LINE('',#4585,#1087);
#756=LINE('',#4586,#1088);
#757=LINE('',#4589,#1089);
#758=LINE('',#4590,#1090);
#759=LINE('',#4595,#1091);
#760=LINE('',#4600,#1092);
#761=LINE('',#4604,#1093);
#762=LINE('',#4606,#1094);
#763=LINE('',#4609,#1095);
#764=LINE('',#4611,#1096);
#765=LINE('',#4612,#1097);
#766=LINE('',#4615,#1098);
#767=LINE('',#4616,#1099);
#768=LINE('',#4621,#1100);
#769=LINE('',#4626,#1101);
#770=LINE('',#4630,#1102);
#771=LINE('',#4632,#1103);
#772=LINE('',#4635,#1104);
#773=LINE('',#4637,#1105);
#774=LINE('',#4638,#1106);
#775=LINE('',#4641,#1107);
#776=LINE('',#4642,#1108);
#777=LINE('',#4647,#1109);
#778=LINE('',#4652,#1110);
#779=LINE('',#4656,#1111);
#780=LINE('',#4658,#1112);
#781=LINE('',#4661,#1113);
#782=LINE('',#4663,#1114);
#783=LINE('',#4664,#1115);
#784=LINE('',#4667,#1116);
#785=LINE('',#4668,#1117);
#786=LINE('',#4673,#1118);
#787=LINE('',#4678,#1119);
#788=LINE('',#4682,#1120);
#789=LINE('',#4684,#1121);
#790=LINE('',#4687,#1122);
#791=LINE('',#4689,#1123);
#792=LINE('',#4690,#1124);
#793=LINE('',#4693,#1125);
#794=LINE('',#4694,#1126);
#795=LINE('',#4698,#1127);
#796=LINE('',#4715,#1128);
#797=LINE('',#4732,#1129);
#798=LINE('',#4734,#1130);
#799=LINE('',#4737,#1131);
#800=LINE('',#4738,#1132);
#801=LINE('',#4746,#1133);
#802=LINE('',#4757,#1134);
#803=LINE('',#4758,#1135);
#804=LINE('',#4760,#1136);
#805=LINE('',#4761,#1137);
#806=LINE('',#4769,#1138);
#807=LINE('',#4780,#1139);
#808=LINE('',#4781,#1140);
#809=LINE('',#4783,#1141);
#810=LINE('',#4784,#1142);
#811=LINE('',#4799,#1143);
#812=LINE('',#4800,#1144);
#813=LINE('',#4803,#1145);
#814=LINE('',#4805,#1146);
#815=LINE('',#4808,#1147);
#816=LINE('',#4809,#1148);
#817=LINE('',#4811,#1149);
#818=LINE('',#4814,#1150);
#819=LINE('',#4818,#1151);
#820=LINE('',#4820,#1152);
#821=LINE('',#4824,#1153);
#822=LINE('',#4828,#1154);
#823=LINE('',#4830,#1155);
#824=LINE('',#4847,#1156);
#825=LINE('',#4859,#1157);
#826=LINE('',#4860,#1158);
#827=LINE('',#4866,#1159);
#828=LINE('',#4869,#1160);
#829=LINE('',#4872,#1161);
#830=LINE('',#4874,#1162);
#831=LINE('',#4878,#1163);
#832=LINE('',#4880,#1164);
#833=LINE('',#4884,#1165);
#834=LINE('',#4886,#1166);
#835=LINE('',#4890,#1167);
#836=LINE('',#4892,#1168);
#837=LINE('',#4896,#1169);
#838=LINE('',#4898,#1170);
#839=LINE('',#4915,#1171);
#840=LINE('',#4917,#1172);
#841=LINE('',#4942,#1173);
#842=LINE('',#4943,#1174);
#843=LINE('',#4949,#1175);
#844=LINE('',#4951,#1176);
#845=LINE('',#4952,#1177);
#846=LINE('',#4955,#1178);
#847=LINE('',#4959,#1179);
#848=LINE('',#4960,#1180);
#849=LINE('',#4963,#1181);
#850=LINE('',#4965,#1182);
#851=LINE('',#4966,#1183);
#852=LINE('',#4969,#1184);
#853=LINE('',#4973,#1185);
#854=LINE('',#4974,#1186);
#855=LINE('',#4977,#1187);
#856=LINE('',#4981,#1188);
#857=LINE('',#4982,#1189);
#858=LINE('',#4984,#1190);
#859=LINE('',#4991,#1191);
#860=LINE('',#4993,#1192);
#861=LINE('',#4996,#1193);
#862=LINE('',#4998,#1194);
#863=LINE('',#4999,#1195);
#864=LINE('',#5002,#1196);
#865=LINE('',#5005,#1197);
#866=LINE('',#5006,#1198);
#867=LINE('',#5008,#1199);
#868=LINE('',#5011,#1200);
#869=LINE('',#5012,#1201);
#870=LINE('',#5014,#1202);
#871=LINE('',#5017,#1203);
#872=LINE('',#5018,#1204);
#873=LINE('',#5020,#1205);
#874=LINE('',#5023,#1206);
#875=LINE('',#5024,#1207);
#876=LINE('',#5026,#1208);
#877=LINE('',#5029,#1209);
#878=LINE('',#5030,#1210);
#879=LINE('',#5032,#1211);
#880=LINE('',#5035,#1212);
#881=LINE('',#5036,#1213);
#882=LINE('',#5038,#1214);
#883=LINE('',#5041,#1215);
#884=LINE('',#5042,#1216);
#885=LINE('',#5044,#1217);
#886=LINE('',#5047,#1218);
#887=LINE('',#5048,#1219);
#888=LINE('',#5050,#1220);
#889=LINE('',#5053,#1221);
#890=LINE('',#5054,#1222);
#891=LINE('',#5056,#1223);
#892=LINE('',#5067,#1224);
#893=LINE('',#5069,#1225);
#894=LINE('',#5074,#1226);
#895=LINE('',#5076,#1227);
#896=LINE('',#5078,#1228);
#897=LINE('',#5079,#1229);
#898=LINE('',#5082,#1230);
#899=LINE('',#5084,#1231);
#900=LINE('',#5085,#1232);
#901=LINE('',#5088,#1233);
#902=LINE('',#5090,#1234);
#903=LINE('',#5091,#1235);
#904=LINE('',#5093,#1236);
#905=LINE('',#5094,#1237);
#906=LINE('',#5100,#1238);
#907=LINE('',#5102,#1239);
#908=LINE('',#5104,#1240);
#909=LINE('',#5105,#1241);
#910=LINE('',#5108,#1242);
#911=LINE('',#5110,#1243);
#912=LINE('',#5111,#1244);
#913=LINE('',#5114,#1245);
#914=LINE('',#5116,#1246);
#915=LINE('',#5117,#1247);
#916=LINE('',#5119,#1248);
#917=LINE('',#5120,#1249);
#918=LINE('',#5126,#1250);
#919=LINE('',#5128,#1251);
#920=LINE('',#5130,#1252);
#921=LINE('',#5131,#1253);
#922=LINE('',#5134,#1254);
#923=LINE('',#5136,#1255);
#924=LINE('',#5137,#1256);
#925=LINE('',#5140,#1257);
#926=LINE('',#5142,#1258);
#927=LINE('',#5143,#1259);
#928=LINE('',#5145,#1260);
#929=LINE('',#5146,#1261);
#930=LINE('',#5152,#1262);
#931=LINE('',#5154,#1263);
#932=LINE('',#5156,#1264);
#933=LINE('',#5157,#1265);
#934=LINE('',#5160,#1266);
#935=LINE('',#5162,#1267);
#936=LINE('',#5163,#1268);
#937=LINE('',#5166,#1269);
#938=LINE('',#5168,#1270);
#939=LINE('',#5169,#1271);
#940=LINE('',#5171,#1272);
#941=LINE('',#5172,#1273);
#942=LINE('',#5178,#1274);
#943=LINE('',#5180,#1275);
#944=LINE('',#5182,#1276);
#945=LINE('',#5183,#1277);
#946=LINE('',#5186,#1278);
#947=LINE('',#5188,#1279);
#948=LINE('',#5189,#1280);
#949=LINE('',#5192,#1281);
#950=LINE('',#5194,#1282);
#951=LINE('',#5195,#1283);
#952=LINE('',#5197,#1284);
#953=LINE('',#5198,#1285);
#954=LINE('',#5204,#1286);
#955=LINE('',#5206,#1287);
#956=LINE('',#5208,#1288);
#957=LINE('',#5209,#1289);
#958=LINE('',#5212,#1290);
#959=LINE('',#5214,#1291);
#960=LINE('',#5215,#1292);
#961=LINE('',#5218,#1293);
#962=LINE('',#5220,#1294);
#963=LINE('',#5221,#1295);
#964=LINE('',#5223,#1296);
#965=LINE('',#5224,#1297);
#966=LINE('',#5230,#1298);
#967=LINE('',#5232,#1299);
#968=LINE('',#5234,#1300);
#969=LINE('',#5235,#1301);
#970=LINE('',#5238,#1302);
#971=LINE('',#5240,#1303);
#972=LINE('',#5241,#1304);
#973=LINE('',#5244,#1305);
#974=LINE('',#5246,#1306);
#975=LINE('',#5247,#1307);
#976=LINE('',#5249,#1308);
#977=LINE('',#5250,#1309);
#978=LINE('',#5256,#1310);
#979=LINE('',#5258,#1311);
#980=LINE('',#5260,#1312);
#981=LINE('',#5261,#1313);
#982=LINE('',#5264,#1314);
#983=LINE('',#5266,#1315);
#984=LINE('',#5267,#1316);
#985=LINE('',#5270,#1317);
#986=LINE('',#5272,#1318);
#987=LINE('',#5273,#1319);
#988=LINE('',#5275,#1320);
#989=LINE('',#5276,#1321);
#990=LINE('',#5282,#1322);
#991=LINE('',#5284,#1323);
#992=LINE('',#5286,#1324);
#993=LINE('',#5287,#1325);
#994=LINE('',#5290,#1326);
#995=LINE('',#5292,#1327);
#996=LINE('',#5293,#1328);
#997=LINE('',#5296,#1329);
#998=LINE('',#5298,#1330);
#999=LINE('',#5299,#1331);
#1000=LINE('',#5301,#1332);
#1001=LINE('',#5302,#1333);
#1002=VECTOR('',#3459,10.);
#1003=VECTOR('',#3462,10.);
#1004=VECTOR('',#3467,10.);
#1005=VECTOR('',#3470,10.);
#1006=VECTOR('',#3473,10.);
#1007=VECTOR('',#3476,10.);
#1008=VECTOR('',#3479,10.);
#1009=VECTOR('',#3480,10.);
#1010=VECTOR('',#3483,10.);
#1011=VECTOR('',#3484,10.);
#1012=VECTOR('',#3485,10.);
#1013=VECTOR('',#3488,10.);
#1014=VECTOR('',#3489,10.);
#1015=VECTOR('',#3494,10.);
#1016=VECTOR('',#3497,10.);
#1017=VECTOR('',#3498,10.);
#1018=VECTOR('',#3499,10.);
#1019=VECTOR('',#3500,10.);
#1020=VECTOR('',#3501,10.);
#1021=VECTOR('',#3502,10.);
#1022=VECTOR('',#3503,10.);
#1023=VECTOR('',#3504,10.);
#1024=VECTOR('',#3505,10.);
#1025=VECTOR('',#3506,10.);
#1026=VECTOR('',#3507,10.);
#1027=VECTOR('',#3508,10.);
#1028=VECTOR('',#3509,10.);
#1029=VECTOR('',#3510,10.);
#1030=VECTOR('',#3511,10.);
#1031=VECTOR('',#3512,10.);
#1032=VECTOR('',#3513,10.);
#1033=VECTOR('',#3514,10.);
#1034=VECTOR('',#3515,10.);
#1035=VECTOR('',#3516,10.);
#1036=VECTOR('',#3517,10.);
#1037=VECTOR('',#3518,10.);
#1038=VECTOR('',#3519,10.);
#1039=VECTOR('',#3520,10.);
#1040=VECTOR('',#3521,10.);
#1041=VECTOR('',#3522,10.);
#1042=VECTOR('',#3523,10.);
#1043=VECTOR('',#3524,10.);
#1044=VECTOR('',#3525,10.);
#1045=VECTOR('',#3526,10.);
#1046=VECTOR('',#3527,10.);
#1047=VECTOR('',#3528,10.);
#1048=VECTOR('',#3529,10.);
#1049=VECTOR('',#3530,10.);
#1050=VECTOR('',#3531,10.);
#1051=VECTOR('',#3532,10.);
#1052=VECTOR('',#3533,10.);
#1053=VECTOR('',#3534,10.);
#1054=VECTOR('',#3535,10.);
#1055=VECTOR('',#3540,10.);
#1056=VECTOR('',#3547,10.);
#1057=VECTOR('',#3552,10.);
#1058=VECTOR('',#3555,10.);
#1059=VECTOR('',#3558,10.);
#1060=VECTOR('',#3559,10.);
#1061=VECTOR('',#3560,10.);
#1062=VECTOR('',#3563,10.);
#1063=VECTOR('',#3564,10.);
#1064=VECTOR('',#3569,10.);
#1065=VECTOR('',#3576,10.);
#1066=VECTOR('',#3581,10.);
#1067=VECTOR('',#3584,10.);
#1068=VECTOR('',#3587,10.);
#1069=VECTOR('',#3588,10.);
#1070=VECTOR('',#3589,10.);
#1071=VECTOR('',#3592,10.);
#1072=VECTOR('',#3593,10.);
#1073=VECTOR('',#3598,10.);
#1074=VECTOR('',#3605,10.);
#1075=VECTOR('',#3610,10.);
#1076=VECTOR('',#3613,10.);
#1077=VECTOR('',#3616,10.);
#1078=VECTOR('',#3617,10.);
#1079=VECTOR('',#3618,10.);
#1080=VECTOR('',#3621,10.);
#1081=VECTOR('',#3622,10.);
#1082=VECTOR('',#3627,10.);
#1083=VECTOR('',#3634,10.);
#1084=VECTOR('',#3639,10.);
#1085=VECTOR('',#3642,10.);
#1086=VECTOR('',#3645,10.);
#1087=VECTOR('',#3646,10.);
#1088=VECTOR('',#3647,10.);
#1089=VECTOR('',#3650,10.);
#1090=VECTOR('',#3651,10.);
#1091=VECTOR('',#3656,10.);
#1092=VECTOR('',#3663,10.);
#1093=VECTOR('',#3668,10.);
#1094=VECTOR('',#3671,10.);
#1095=VECTOR('',#3674,10.);
#1096=VECTOR('',#3675,10.);
#1097=VECTOR('',#3676,10.);
#1098=VECTOR('',#3679,10.);
#1099=VECTOR('',#3680,10.);
#1100=VECTOR('',#3685,10.);
#1101=VECTOR('',#3692,10.);
#1102=VECTOR('',#3697,10.);
#1103=VECTOR('',#3700,10.);
#1104=VECTOR('',#3703,10.);
#1105=VECTOR('',#3704,10.);
#1106=VECTOR('',#3705,10.);
#1107=VECTOR('',#3708,10.);
#1108=VECTOR('',#3709,10.);
#1109=VECTOR('',#3714,10.);
#1110=VECTOR('',#3721,10.);
#1111=VECTOR('',#3726,10.);
#1112=VECTOR('',#3729,10.);
#1113=VECTOR('',#3732,10.);
#1114=VECTOR('',#3733,10.);
#1115=VECTOR('',#3734,10.);
#1116=VECTOR('',#3737,10.);
#1117=VECTOR('',#3738,10.);
#1118=VECTOR('',#3743,10.);
#1119=VECTOR('',#3750,10.);
#1120=VECTOR('',#3755,10.);
#1121=VECTOR('',#3758,10.);
#1122=VECTOR('',#3761,10.);
#1123=VECTOR('',#3762,10.);
#1124=VECTOR('',#3763,10.);
#1125=VECTOR('',#3766,10.);
#1126=VECTOR('',#3767,10.);
#1127=VECTOR('',#3770,10.);
#1128=VECTOR('',#3771,10.);
#1129=VECTOR('',#3792,10.);
#1130=VECTOR('',#3793,10.);
#1131=VECTOR('',#3798,10.);
#1132=VECTOR('',#3799,10.);
#1133=VECTOR('',#3810,10.);
#1134=VECTOR('',#3823,10.);
#1135=VECTOR('',#3824,10.);
#1136=VECTOR('',#3827,10.);
#1137=VECTOR('',#3828,10.);
#1138=VECTOR('',#3839,10.);
#1139=VECTOR('',#3852,10.);
#1140=VECTOR('',#3853,10.);
#1141=VECTOR('',#3856,10.);
#1142=VECTOR('',#3857,10.);
#1143=VECTOR('',#3876,10.);
#1144=VECTOR('',#3877,10.);
#1145=VECTOR('',#3880,10.);
#1146=VECTOR('',#3881,10.);
#1147=VECTOR('',#3886,10.);
#1148=VECTOR('',#3887,10.);
#1149=VECTOR('',#3890,10.);
#1150=VECTOR('',#3893,10.);
#1151=VECTOR('',#3898,10.);
#1152=VECTOR('',#3899,10.);
#1153=VECTOR('',#3904,10.);
#1154=VECTOR('',#3909,10.);
#1155=VECTOR('',#3910,10.);
#1156=VECTOR('',#3913,10.);
#1157=VECTOR('',#3928,10.);
#1158=VECTOR('',#3929,10.);
#1159=VECTOR('',#3938,10.);
#1160=VECTOR('',#3943,10.);
#1161=VECTOR('',#3946,10.);
#1162=VECTOR('',#3947,10.);
#1163=VECTOR('',#3952,10.);
#1164=VECTOR('',#3953,10.);
#1165=VECTOR('',#3958,10.);
#1166=VECTOR('',#3959,10.);
#1167=VECTOR('',#3964,10.);
#1168=VECTOR('',#3965,10.);
#1169=VECTOR('',#3970,10.);
#1170=VECTOR('',#3971,10.);
#1171=VECTOR('',#3974,10.);
#1172=VECTOR('',#3975,10.);
#1173=VECTOR('',#3988,10.);
#1174=VECTOR('',#3989,10.);
#1175=VECTOR('',#3998,10.);
#1176=VECTOR('',#3999,10.);
#1177=VECTOR('',#4000,10.);
#1178=VECTOR('',#4003,10.);
#1179=VECTOR('',#4008,10.);
#1180=VECTOR('',#4009,10.);
#1181=VECTOR('',#4012,10.);
#1182=VECTOR('',#4013,10.);
#1183=VECTOR('',#4014,10.);
#1184=VECTOR('',#4017,10.);
#1185=VECTOR('',#4022,10.);
#1186=VECTOR('',#4023,10.);
#1187=VECTOR('',#4026,10.);
#1188=VECTOR('',#4031,10.);
#1189=VECTOR('',#4032,10.);
#1190=VECTOR('',#4035,10.);
#1191=VECTOR('',#4046,10.);
#1192=VECTOR('',#4047,10.);
#1193=VECTOR('',#4052,10.);
#1194=VECTOR('',#4055,10.);
#1195=VECTOR('',#4056,10.);
#1196=VECTOR('',#4061,10.);
#1197=VECTOR('',#4064,10.);
#1198=VECTOR('',#4065,10.);
#1199=VECTOR('',#4068,10.);
#1200=VECTOR('',#4071,10.);
#1201=VECTOR('',#4072,10.);
#1202=VECTOR('',#4075,10.);
#1203=VECTOR('',#4078,10.);
#1204=VECTOR('',#4079,10.);
#1205=VECTOR('',#4082,10.);
#1206=VECTOR('',#4085,10.);
#1207=VECTOR('',#4086,10.);
#1208=VECTOR('',#4089,10.);
#1209=VECTOR('',#4092,10.);
#1210=VECTOR('',#4093,10.);
#1211=VECTOR('',#4096,10.);
#1212=VECTOR('',#4099,10.);
#1213=VECTOR('',#4100,10.);
#1214=VECTOR('',#4103,10.);
#1215=VECTOR('',#4106,10.);
#1216=VECTOR('',#4107,10.);
#1217=VECTOR('',#4110,10.);
#1218=VECTOR('',#4113,10.);
#1219=VECTOR('',#4114,10.);
#1220=VECTOR('',#4117,10.);
#1221=VECTOR('',#4120,10.);
#1222=VECTOR('',#4121,10.);
#1223=VECTOR('',#4124,10.);
#1224=VECTOR('',#4145,10.);
#1225=VECTOR('',#4148,10.);
#1226=VECTOR('',#4153,10.);
#1227=VECTOR('',#4154,10.);
#1228=VECTOR('',#4155,10.);
#1229=VECTOR('',#4156,10.);
#1230=VECTOR('',#4159,10.);
#1231=VECTOR('',#4160,10.);
#1232=VECTOR('',#4161,10.);
#1233=VECTOR('',#4164,10.);
#1234=VECTOR('',#4165,10.);
#1235=VECTOR('',#4166,10.);
#1236=VECTOR('',#4169,10.);
#1237=VECTOR('',#4170,10.);
#1238=VECTOR('',#4177,10.);
#1239=VECTOR('',#4178,10.);
#1240=VECTOR('',#4179,10.);
#1241=VECTOR('',#4180,10.);
#1242=VECTOR('',#4183,10.);
#1243=VECTOR('',#4184,10.);
#1244=VECTOR('',#4185,10.);
#1245=VECTOR('',#4188,10.);
#1246=VECTOR('',#4189,10.);
#1247=VECTOR('',#4190,10.);
#1248=VECTOR('',#4193,10.);
#1249=VECTOR('',#4194,10.);
#1250=VECTOR('',#4201,10.);
#1251=VECTOR('',#4202,10.);
#1252=VECTOR('',#4203,10.);
#1253=VECTOR('',#4204,10.);
#1254=VECTOR('',#4207,10.);
#1255=VECTOR('',#4208,10.);
#1256=VECTOR('',#4209,10.);
#1257=VECTOR('',#4212,10.);
#1258=VECTOR('',#4213,10.);
#1259=VECTOR('',#4214,10.);
#1260=VECTOR('',#4217,10.);
#1261=VECTOR('',#4218,10.);
#1262=VECTOR('',#4225,10.);
#1263=VECTOR('',#4226,10.);
#1264=VECTOR('',#4227,10.);
#1265=VECTOR('',#4228,10.);
#1266=VECTOR('',#4231,10.);
#1267=VECTOR('',#4232,10.);
#1268=VECTOR('',#4233,10.);
#1269=VECTOR('',#4236,10.);
#1270=VECTOR('',#4237,10.);
#1271=VECTOR('',#4238,10.);
#1272=VECTOR('',#4241,10.);
#1273=VECTOR('',#4242,10.);
#1274=VECTOR('',#4249,10.);
#1275=VECTOR('',#4250,10.);
#1276=VECTOR('',#4251,10.);
#1277=VECTOR('',#4252,10.);
#1278=VECTOR('',#4255,10.);
#1279=VECTOR('',#4256,10.);
#1280=VECTOR('',#4257,10.);
#1281=VECTOR('',#4260,10.);
#1282=VECTOR('',#4261,10.);
#1283=VECTOR('',#4262,10.);
#1284=VECTOR('',#4265,10.);
#1285=VECTOR('',#4266,10.);
#1286=VECTOR('',#4273,10.);
#1287=VECTOR('',#4274,10.);
#1288=VECTOR('',#4275,10.);
#1289=VECTOR('',#4276,10.);
#1290=VECTOR('',#4279,10.);
#1291=VECTOR('',#4280,10.);
#1292=VECTOR('',#4281,10.);
#1293=VECTOR('',#4284,10.);
#1294=VECTOR('',#4285,10.);
#1295=VECTOR('',#4286,10.);
#1296=VECTOR('',#4289,10.);
#1297=VECTOR('',#4290,10.);
#1298=VECTOR('',#4297,10.);
#1299=VECTOR('',#4298,10.);
#1300=VECTOR('',#4299,10.);
#1301=VECTOR('',#4300,10.);
#1302=VECTOR('',#4303,10.);
#1303=VECTOR('',#4304,10.);
#1304=VECTOR('',#4305,10.);
#1305=VECTOR('',#4308,10.);
#1306=VECTOR('',#4309,10.);
#1307=VECTOR('',#4310,10.);
#1308=VECTOR('',#4313,10.);
#1309=VECTOR('',#4314,10.);
#1310=VECTOR('',#4321,10.);
#1311=VECTOR('',#4322,10.);
#1312=VECTOR('',#4323,10.);
#1313=VECTOR('',#4324,10.);
#1314=VECTOR('',#4327,10.);
#1315=VECTOR('',#4328,10.);
#1316=VECTOR('',#4329,10.);
#1317=VECTOR('',#4332,10.);
#1318=VECTOR('',#4333,10.);
#1319=VECTOR('',#4334,10.);
#1320=VECTOR('',#4337,10.);
#1321=VECTOR('',#4338,10.);
#1322=VECTOR('',#4345,10.);
#1323=VECTOR('',#4346,10.);
#1324=VECTOR('',#4347,10.);
#1325=VECTOR('',#4348,10.);
#1326=VECTOR('',#4351,10.);
#1327=VECTOR('',#4352,10.);
#1328=VECTOR('',#4353,10.);
#1329=VECTOR('',#4356,10.);
#1330=VECTOR('',#4357,10.);
#1331=VECTOR('',#4358,10.);
#1332=VECTOR('',#4361,10.);
#1333=VECTOR('',#4362,10.);
#1334=VERTEX_POINT('',#4369);
#1335=VERTEX_POINT('',#4370);
#1336=VERTEX_POINT('',#4372);
#1337=VERTEX_POINT('',#4374);
#1338=VERTEX_POINT('',#4378);
#1339=VERTEX_POINT('',#4380);
#1340=VERTEX_POINT('',#4384);
#1341=VERTEX_POINT('',#4386);
#1342=VERTEX_POINT('',#4393);
#1343=VERTEX_POINT('',#4395);
#1344=VERTEX_POINT('',#4399);
#1345=VERTEX_POINT('',#4403);
#1346=VERTEX_POINT('',#4404);
#1347=VERTEX_POINT('',#4406);
#1348=VERTEX_POINT('',#4408);
#1349=VERTEX_POINT('',#4410);
#1350=VERTEX_POINT('',#4412);
#1351=VERTEX_POINT('',#4414);
#1352=VERTEX_POINT('',#4416);
#1353=VERTEX_POINT('',#4418);
#1354=VERTEX_POINT('',#4420);
#1355=VERTEX_POINT('',#4423);
#1356=VERTEX_POINT('',#4424);
#1357=VERTEX_POINT('',#4426);
#1358=VERTEX_POINT('',#4428);
#1359=VERTEX_POINT('',#4431);
#1360=VERTEX_POINT('',#4432);
#1361=VERTEX_POINT('',#4434);
#1362=VERTEX_POINT('',#4436);
#1363=VERTEX_POINT('',#4439);
#1364=VERTEX_POINT('',#4440);
#1365=VERTEX_POINT('',#4442);
#1366=VERTEX_POINT('',#4444);
#1367=VERTEX_POINT('',#4447);
#1368=VERTEX_POINT('',#4448);
#1369=VERTEX_POINT('',#4450);
#1370=VERTEX_POINT('',#4452);
#1371=VERTEX_POINT('',#4455);
#1372=VERTEX_POINT('',#4456);
#1373=VERTEX_POINT('',#4458);
#1374=VERTEX_POINT('',#4460);
#1375=VERTEX_POINT('',#4463);
#1376=VERTEX_POINT('',#4464);
#1377=VERTEX_POINT('',#4466);
#1378=VERTEX_POINT('',#4468);
#1379=VERTEX_POINT('',#4471);
#1380=VERTEX_POINT('',#4472);
#1381=VERTEX_POINT('',#4474);
#1382=VERTEX_POINT('',#4476);
#1383=VERTEX_POINT('',#4479);
#1384=VERTEX_POINT('',#4480);
#1385=VERTEX_POINT('',#4482);
#1386=VERTEX_POINT('',#4484);
#1387=VERTEX_POINT('',#4488);
#1388=VERTEX_POINT('',#4490);
#1389=VERTEX_POINT('',#4494);
#1390=VERTEX_POINT('',#4498);
#1391=VERTEX_POINT('',#4504);
#1392=VERTEX_POINT('',#4506);
#1393=VERTEX_POINT('',#4510);
#1394=VERTEX_POINT('',#4514);
#1395=VERTEX_POINT('',#4516);
#1396=VERTEX_POINT('',#4520);
#1397=VERTEX_POINT('',#4524);
#1398=VERTEX_POINT('',#4530);
#1399=VERTEX_POINT('',#4532);
#1400=VERTEX_POINT('',#4536);
#1401=VERTEX_POINT('',#4540);
#1402=VERTEX_POINT('',#4542);
#1403=VERTEX_POINT('',#4546);
#1404=VERTEX_POINT('',#4550);
#1405=VERTEX_POINT('',#4556);
#1406=VERTEX_POINT('',#4558);
#1407=VERTEX_POINT('',#4562);
#1408=VERTEX_POINT('',#4566);
#1409=VERTEX_POINT('',#4568);
#1410=VERTEX_POINT('',#4572);
#1411=VERTEX_POINT('',#4576);
#1412=VERTEX_POINT('',#4582);
#1413=VERTEX_POINT('',#4584);
#1414=VERTEX_POINT('',#4588);
#1415=VERTEX_POINT('',#4592);
#1416=VERTEX_POINT('',#4594);
#1417=VERTEX_POINT('',#4598);
#1418=VERTEX_POINT('',#4602);
#1419=VERTEX_POINT('',#4608);
#1420=VERTEX_POINT('',#4610);
#1421=VERTEX_POINT('',#4614);
#1422=VERTEX_POINT('',#4618);
#1423=VERTEX_POINT('',#4620);
#1424=VERTEX_POINT('',#4624);
#1425=VERTEX_POINT('',#4628);
#1426=VERTEX_POINT('',#4634);
#1427=VERTEX_POINT('',#4636);
#1428=VERTEX_POINT('',#4640);
#1429=VERTEX_POINT('',#4644);
#1430=VERTEX_POINT('',#4646);
#1431=VERTEX_POINT('',#4650);
#1432=VERTEX_POINT('',#4654);
#1433=VERTEX_POINT('',#4660);
#1434=VERTEX_POINT('',#4662);
#1435=VERTEX_POINT('',#4666);
#1436=VERTEX_POINT('',#4670);
#1437=VERTEX_POINT('',#4672);
#1438=VERTEX_POINT('',#4676);
#1439=VERTEX_POINT('',#4680);
#1440=VERTEX_POINT('',#4686);
#1441=VERTEX_POINT('',#4688);
#1442=VERTEX_POINT('',#4692);
#1443=VERTEX_POINT('',#4696);
#1444=VERTEX_POINT('',#4697);
#1445=VERTEX_POINT('',#4699);
#1446=VERTEX_POINT('',#4714);
#1447=VERTEX_POINT('',#4718);
#1448=VERTEX_POINT('',#4719);
#1449=VERTEX_POINT('',#4724);
#1450=VERTEX_POINT('',#4725);
#1451=VERTEX_POINT('',#4727);
#1452=VERTEX_POINT('',#4731);
#1453=VERTEX_POINT('',#4733);
#1454=VERTEX_POINT('',#4740);
#1455=VERTEX_POINT('',#4741);
#1456=VERTEX_POINT('',#4748);
#1457=VERTEX_POINT('',#4749);
#1458=VERTEX_POINT('',#4751);
#1459=VERTEX_POINT('',#4753);
#1460=VERTEX_POINT('',#4763);
#1461=VERTEX_POINT('',#4764);
#1462=VERTEX_POINT('',#4771);
#1463=VERTEX_POINT('',#4772);
#1464=VERTEX_POINT('',#4774);
#1465=VERTEX_POINT('',#4776);
#1466=VERTEX_POINT('',#4786);
#1467=VERTEX_POINT('',#4788);
#1468=VERTEX_POINT('',#4792);
#1469=VERTEX_POINT('',#4793);
#1470=VERTEX_POINT('',#4795);
#1471=VERTEX_POINT('',#4802);
#1472=VERTEX_POINT('',#4804);
#1473=VERTEX_POINT('',#4813);
#1474=VERTEX_POINT('',#4817);
#1475=VERTEX_POINT('',#4819);
#1476=VERTEX_POINT('',#4823);
#1477=VERTEX_POINT('',#4827);
#1478=VERTEX_POINT('',#4829);
#1479=VERTEX_POINT('',#4846);
#1480=VERTEX_POINT('',#4850);
#1481=VERTEX_POINT('',#4852);
#1482=VERTEX_POINT('',#4856);
#1483=VERTEX_POINT('',#4857);
#1484=VERTEX_POINT('',#4865);
#1485=VERTEX_POINT('',#4871);
#1486=VERTEX_POINT('',#4873);
#1487=VERTEX_POINT('',#4877);
#1488=VERTEX_POINT('',#4879);
#1489=VERTEX_POINT('',#4883);
#1490=VERTEX_POINT('',#4885);
#1491=VERTEX_POINT('',#4889);
#1492=VERTEX_POINT('',#4891);
#1493=VERTEX_POINT('',#4895);
#1494=VERTEX_POINT('',#4897);
#1495=VERTEX_POINT('',#4914);
#1496=VERTEX_POINT('',#4916);
#1497=VERTEX_POINT('',#4933);
#1498=VERTEX_POINT('',#4935);
#1499=VERTEX_POINT('',#4939);
#1500=VERTEX_POINT('',#4940);
#1501=VERTEX_POINT('',#4948);
#1502=VERTEX_POINT('',#4950);
#1503=VERTEX_POINT('',#4954);
#1504=VERTEX_POINT('',#4958);
#1505=VERTEX_POINT('',#4962);
#1506=VERTEX_POINT('',#4964);
#1507=VERTEX_POINT('',#4968);
#1508=VERTEX_POINT('',#4972);
#1509=VERTEX_POINT('',#4976);
#1510=VERTEX_POINT('',#4980);
#1511=VERTEX_POINT('',#4990);
#1512=VERTEX_POINT('',#4992);
#1513=VERTEX_POINT('',#5004);
#1514=VERTEX_POINT('',#5010);
#1515=VERTEX_POINT('',#5016);
#1516=VERTEX_POINT('',#5022);
#1517=VERTEX_POINT('',#5028);
#1518=VERTEX_POINT('',#5034);
#1519=VERTEX_POINT('',#5040);
#1520=VERTEX_POINT('',#5046);
#1521=VERTEX_POINT('',#5052);
#1522=VERTEX_POINT('',#5072);
#1523=VERTEX_POINT('',#5073);
#1524=VERTEX_POINT('',#5075);
#1525=VERTEX_POINT('',#5077);
#1526=VERTEX_POINT('',#5081);
#1527=VERTEX_POINT('',#5083);
#1528=VERTEX_POINT('',#5087);
#1529=VERTEX_POINT('',#5089);
#1530=VERTEX_POINT('',#5098);
#1531=VERTEX_POINT('',#5099);
#1532=VERTEX_POINT('',#5101);
#1533=VERTEX_POINT('',#5103);
#1534=VERTEX_POINT('',#5107);
#1535=VERTEX_POINT('',#5109);
#1536=VERTEX_POINT('',#5113);
#1537=VERTEX_POINT('',#5115);
#1538=VERTEX_POINT('',#5124);
#1539=VERTEX_POINT('',#5125);
#1540=VERTEX_POINT('',#5127);
#1541=VERTEX_POINT('',#5129);
#1542=VERTEX_POINT('',#5133);
#1543=VERTEX_POINT('',#5135);
#1544=VERTEX_POINT('',#5139);
#1545=VERTEX_POINT('',#5141);
#1546=VERTEX_POINT('',#5150);
#1547=VERTEX_POINT('',#5151);
#1548=VERTEX_POINT('',#5153);
#1549=VERTEX_POINT('',#5155);
#1550=VERTEX_POINT('',#5159);
#1551=VERTEX_POINT('',#5161);
#1552=VERTEX_POINT('',#5165);
#1553=VERTEX_POINT('',#5167);
#1554=VERTEX_POINT('',#5176);
#1555=VERTEX_POINT('',#5177);
#1556=VERTEX_POINT('',#5179);
#1557=VERTEX_POINT('',#5181);
#1558=VERTEX_POINT('',#5185);
#1559=VERTEX_POINT('',#5187);
#1560=VERTEX_POINT('',#5191);
#1561=VERTEX_POINT('',#5193);
#1562=VERTEX_POINT('',#5202);
#1563=VERTEX_POINT('',#5203);
#1564=VERTEX_POINT('',#5205);
#1565=VERTEX_POINT('',#5207);
#1566=VERTEX_POINT('',#5211);
#1567=VERTEX_POINT('',#5213);
#1568=VERTEX_POINT('',#5217);
#1569=VERTEX_POINT('',#5219);
#1570=VERTEX_POINT('',#5228);
#1571=VERTEX_POINT('',#5229);
#1572=VERTEX_POINT('',#5231);
#1573=VERTEX_POINT('',#5233);
#1574=VERTEX_POINT('',#5237);
#1575=VERTEX_POINT('',#5239);
#1576=VERTEX_POINT('',#5243);
#1577=VERTEX_POINT('',#5245);
#1578=VERTEX_POINT('',#5254);
#1579=VERTEX_POINT('',#5255);
#1580=VERTEX_POINT('',#5257);
#1581=VERTEX_POINT('',#5259);
#1582=VERTEX_POINT('',#5263);
#1583=VERTEX_POINT('',#5265);
#1584=VERTEX_POINT('',#5269);
#1585=VERTEX_POINT('',#5271);
#1586=VERTEX_POINT('',#5280);
#1587=VERTEX_POINT('',#5281);
#1588=VERTEX_POINT('',#5283);
#1589=VERTEX_POINT('',#5285);
#1590=VERTEX_POINT('',#5289);
#1591=VERTEX_POINT('',#5291);
#1592=VERTEX_POINT('',#5295);
#1593=VERTEX_POINT('',#5297);
#1594=EDGE_CURVE('',#1334,#1335,#670,.T.);
#1595=EDGE_CURVE('',#1335,#1336,#622,.T.);
#1596=EDGE_CURVE('',#1336,#1337,#671,.T.);
#1597=EDGE_CURVE('',#1334,#1337,#623,.T.);
#1598=EDGE_CURVE('',#1335,#1338,#672,.T.);
#1599=EDGE_CURVE('',#1338,#1339,#624,.T.);
#1600=EDGE_CURVE('',#1339,#1336,#673,.T.);
#1601=EDGE_CURVE('',#1338,#1340,#674,.T.);
#1602=EDGE_CURVE('',#1340,#1341,#625,.T.);
#1603=EDGE_CURVE('',#1341,#1339,#675,.T.);
#1604=EDGE_CURVE('',#1337,#1341,#676,.T.);
#1605=EDGE_CURVE('',#1340,#1334,#677,.T.);
#1606=EDGE_CURVE('',#1342,#1337,#678,.T.);
#1607=EDGE_CURVE('',#1343,#1342,#679,.T.);
#1608=EDGE_CURVE('',#1343,#1341,#680,.T.);
#1609=EDGE_CURVE('',#1344,#1336,#681,.T.);
#1610=EDGE_CURVE('',#1342,#1344,#682,.T.);
#1611=EDGE_CURVE('',#1345,#1346,#58,.T.);
#1612=EDGE_CURVE('',#1347,#1345,#683,.T.);
#1613=EDGE_CURVE('',#1348,#1347,#59,.T.);
#1614=EDGE_CURVE('',#1349,#1348,#684,.T.);
#1615=EDGE_CURVE('',#1350,#1349,#685,.T.);
#1616=EDGE_CURVE('',#1351,#1350,#686,.T.);
#1617=EDGE_CURVE('',#1352,#1351,#687,.T.);
#1618=EDGE_CURVE('',#1353,#1352,#688,.T.);
#1619=EDGE_CURVE('',#1354,#1353,#689,.T.);
#1620=EDGE_CURVE('',#1346,#1354,#690,.T.);
#1621=EDGE_CURVE('',#1355,#1356,#691,.T.);
#1622=EDGE_CURVE('',#1357,#1355,#692,.T.);
#1623=EDGE_CURVE('',#1358,#1357,#693,.T.);
#1624=EDGE_CURVE('',#1356,#1358,#694,.T.);
#1625=EDGE_CURVE('',#1359,#1360,#695,.T.);
#1626=EDGE_CURVE('',#1361,#1359,#696,.T.);
#1627=EDGE_CURVE('',#1362,#1361,#697,.T.);
#1628=EDGE_CURVE('',#1360,#1362,#698,.T.);
#1629=EDGE_CURVE('',#1363,#1364,#699,.T.);
#1630=EDGE_CURVE('',#1365,#1363,#700,.T.);
#1631=EDGE_CURVE('',#1366,#1365,#701,.T.);
#1632=EDGE_CURVE('',#1364,#1366,#702,.T.);
#1633=EDGE_CURVE('',#1367,#1368,#703,.T.);
#1634=EDGE_CURVE('',#1369,#1367,#704,.T.);
#1635=EDGE_CURVE('',#1370,#1369,#705,.T.);
#1636=EDGE_CURVE('',#1368,#1370,#706,.T.);
#1637=EDGE_CURVE('',#1371,#1372,#707,.T.);
#1638=EDGE_CURVE('',#1373,#1371,#708,.T.);
#1639=EDGE_CURVE('',#1374,#1373,#709,.T.);
#1640=EDGE_CURVE('',#1372,#1374,#710,.T.);
#1641=EDGE_CURVE('',#1375,#1376,#711,.T.);
#1642=EDGE_CURVE('',#1377,#1375,#712,.T.);
#1643=EDGE_CURVE('',#1378,#1377,#713,.T.);
#1644=EDGE_CURVE('',#1376,#1378,#714,.T.);
#1645=EDGE_CURVE('',#1379,#1380,#715,.T.);
#1646=EDGE_CURVE('',#1381,#1379,#716,.T.);
#1647=EDGE_CURVE('',#1382,#1381,#717,.T.);
#1648=EDGE_CURVE('',#1380,#1382,#718,.T.);
#1649=EDGE_CURVE('',#1383,#1384,#719,.T.);
#1650=EDGE_CURVE('',#1385,#1383,#720,.T.);
#1651=EDGE_CURVE('',#1386,#1385,#721,.T.);
#1652=EDGE_CURVE('',#1384,#1386,#722,.T.);
#1653=EDGE_CURVE('',#1356,#1387,#626,.T.);
#1654=EDGE_CURVE('',#1387,#1388,#723,.T.);
#1655=EDGE_CURVE('',#1355,#1388,#627,.T.);
#1656=EDGE_CURVE('',#1358,#1389,#628,.T.);
#1657=EDGE_CURVE('',#1389,#1387,#724,.T.);
#1658=EDGE_CURVE('',#1357,#1390,#629,.T.);
#1659=EDGE_CURVE('',#1390,#1389,#725,.T.);
#1660=EDGE_CURVE('',#1388,#1390,#726,.T.);
#1661=EDGE_CURVE('',#1391,#1388,#727,.T.);
#1662=EDGE_CURVE('',#1392,#1391,#728,.T.);
#1663=EDGE_CURVE('',#1392,#1390,#729,.T.);
#1664=EDGE_CURVE('',#1393,#1387,#730,.T.);
#1665=EDGE_CURVE('',#1391,#1393,#731,.T.);
#1666=EDGE_CURVE('',#1384,#1394,#630,.T.);
#1667=EDGE_CURVE('',#1394,#1395,#732,.T.);
#1668=EDGE_CURVE('',#1383,#1395,#631,.T.);
#1669=EDGE_CURVE('',#1386,#1396,#632,.T.);
#1670=EDGE_CURVE('',#1396,#1394,#733,.T.);
#1671=EDGE_CURVE('',#1385,#1397,#633,.T.);
#1672=EDGE_CURVE('',#1397,#1396,#734,.T.);
#1673=EDGE_CURVE('',#1395,#1397,#735,.T.);
#1674=EDGE_CURVE('',#1398,#1395,#736,.T.);
#1675=EDGE_CURVE('',#1399,#1398,#737,.T.);
#1676=EDGE_CURVE('',#1399,#1397,#738,.T.);
#1677=EDGE_CURVE('',#1400,#1394,#739,.T.);
#1678=EDGE_CURVE('',#1398,#1400,#740,.T.);
#1679=EDGE_CURVE('',#1360,#1401,#634,.T.);
#1680=EDGE_CURVE('',#1401,#1402,#741,.T.);
#1681=EDGE_CURVE('',#1359,#1402,#635,.T.);
#1682=EDGE_CURVE('',#1362,#1403,#636,.T.);
#1683=EDGE_CURVE('',#1403,#1401,#742,.T.);
#1684=EDGE_CURVE('',#1361,#1404,#637,.T.);
#1685=EDGE_CURVE('',#1404,#1403,#743,.T.);
#1686=EDGE_CURVE('',#1402,#1404,#744,.T.);
#1687=EDGE_CURVE('',#1405,#1402,#745,.T.);
#1688=EDGE_CURVE('',#1406,#1405,#746,.T.);
#1689=EDGE_CURVE('',#1406,#1404,#747,.T.);
#1690=EDGE_CURVE('',#1407,#1401,#748,.T.);
#1691=EDGE_CURVE('',#1405,#1407,#749,.T.);
#1692=EDGE_CURVE('',#1380,#1408,#638,.T.);
#1693=EDGE_CURVE('',#1408,#1409,#750,.T.);
#1694=EDGE_CURVE('',#1379,#1409,#639,.T.);
#1695=EDGE_CURVE('',#1382,#1410,#640,.T.);
#1696=EDGE_CURVE('',#1410,#1408,#751,.T.);
#1697=EDGE_CURVE('',#1381,#1411,#641,.T.);
#1698=EDGE_CURVE('',#1411,#1410,#752,.T.);
#1699=EDGE_CURVE('',#1409,#1411,#753,.T.);
#1700=EDGE_CURVE('',#1412,#1409,#754,.T.);
#1701=EDGE_CURVE('',#1413,#1412,#755,.T.);
#1702=EDGE_CURVE('',#1413,#1411,#756,.T.);
#1703=EDGE_CURVE('',#1414,#1408,#757,.T.);
#1704=EDGE_CURVE('',#1412,#1414,#758,.T.);
#1705=EDGE_CURVE('',#1364,#1415,#642,.T.);
#1706=EDGE_CURVE('',#1415,#1416,#759,.T.);
#1707=EDGE_CURVE('',#1363,#1416,#643,.T.);
#1708=EDGE_CURVE('',#1366,#1417,#644,.T.);
#1709=EDGE_CURVE('',#1417,#1415,#760,.T.);
#1710=EDGE_CURVE('',#1365,#1418,#645,.T.);
#1711=EDGE_CURVE('',#1418,#1417,#761,.T.);
#1712=EDGE_CURVE('',#1416,#1418,#762,.T.);
#1713=EDGE_CURVE('',#1419,#1416,#763,.T.);
#1714=EDGE_CURVE('',#1420,#1419,#764,.T.);
#1715=EDGE_CURVE('',#1420,#1418,#765,.T.);
#1716=EDGE_CURVE('',#1421,#1415,#766,.T.);
#1717=EDGE_CURVE('',#1419,#1421,#767,.T.);
#1718=EDGE_CURVE('',#1376,#1422,#646,.T.);
#1719=EDGE_CURVE('',#1422,#1423,#768,.T.);
#1720=EDGE_CURVE('',#1375,#1423,#647,.T.);
#1721=EDGE_CURVE('',#1378,#1424,#648,.T.);
#1722=EDGE_CURVE('',#1424,#1422,#769,.T.);
#1723=EDGE_CURVE('',#1377,#1425,#649,.T.);
#1724=EDGE_CURVE('',#1425,#1424,#770,.T.);
#1725=EDGE_CURVE('',#1423,#1425,#771,.T.);
#1726=EDGE_CURVE('',#1426,#1423,#772,.T.);
#1727=EDGE_CURVE('',#1427,#1426,#773,.T.);
#1728=EDGE_CURVE('',#1427,#1425,#774,.T.);
#1729=EDGE_CURVE('',#1428,#1422,#775,.T.);
#1730=EDGE_CURVE('',#1426,#1428,#776,.T.);
#1731=EDGE_CURVE('',#1368,#1429,#650,.T.);
#1732=EDGE_CURVE('',#1429,#1430,#777,.T.);
#1733=EDGE_CURVE('',#1367,#1430,#651,.T.);
#1734=EDGE_CURVE('',#1370,#1431,#652,.T.);
#1735=EDGE_CURVE('',#1431,#1429,#778,.T.);
#1736=EDGE_CURVE('',#1369,#1432,#653,.T.);
#1737=EDGE_CURVE('',#1432,#1431,#779,.T.);
#1738=EDGE_CURVE('',#1430,#1432,#780,.T.);
#1739=EDGE_CURVE('',#1433,#1430,#781,.T.);
#1740=EDGE_CURVE('',#1434,#1433,#782,.T.);
#1741=EDGE_CURVE('',#1434,#1432,#783,.T.);
#1742=EDGE_CURVE('',#1435,#1429,#784,.T.);
#1743=EDGE_CURVE('',#1433,#1435,#785,.T.);
#1744=EDGE_CURVE('',#1372,#1436,#654,.T.);
#1745=EDGE_CURVE('',#1436,#1437,#786,.T.);
#1746=EDGE_CURVE('',#1371,#1437,#655,.T.);
#1747=EDGE_CURVE('',#1374,#1438,#656,.T.);
#1748=EDGE_CURVE('',#1438,#1436,#787,.T.);
#1749=EDGE_CURVE('',#1373,#1439,#657,.T.);
#1750=EDGE_CURVE('',#1439,#1438,#788,.T.);
#1751=EDGE_CURVE('',#1437,#1439,#789,.T.);
#1752=EDGE_CURVE('',#1440,#1437,#790,.T.);
#1753=EDGE_CURVE('',#1441,#1440,#791,.T.);
#1754=EDGE_CURVE('',#1441,#1439,#792,.T.);
#1755=EDGE_CURVE('',#1442,#1436,#793,.T.);
#1756=EDGE_CURVE('',#1440,#1442,#794,.T.);
#1757=EDGE_CURVE('',#1443,#1444,#795,.T.);
#1758=EDGE_CURVE('',#1444,#1445,#45,.T.);
#1759=EDGE_CURVE('',#1445,#1446,#796,.T.);
#1760=EDGE_CURVE('',#1446,#1443,#658,.T.);
#1761=EDGE_CURVE('',#1447,#1448,#60,.F.);
#1762=EDGE_CURVE('',#1349,#1447,#61,.F.);
#1763=EDGE_CURVE('',#1448,#1349,#62,.F.);
#1764=EDGE_CURVE('',#1449,#1450,#63,.F.);
#1765=EDGE_CURVE('',#1451,#1449,#64,.F.);
#1766=EDGE_CURVE('',#1450,#1451,#65,.F.);
#1767=EDGE_CURVE('',#1452,#1451,#797,.T.);
#1768=EDGE_CURVE('',#1449,#1453,#798,.T.);
#1769=EDGE_CURVE('',#1453,#1452,#659,.T.);
#1770=EDGE_CURVE('',#1451,#1447,#799,.T.);
#1771=EDGE_CURVE('',#1448,#1450,#800,.T.);
#1772=EDGE_CURVE('',#1454,#1455,#66,.F.);
#1773=EDGE_CURVE('',#1348,#1454,#67,.T.);
#1774=EDGE_CURVE('',#1455,#1347,#68,.T.);
#1775=EDGE_CURVE('',#1454,#1448,#801,.T.);
#1776=EDGE_CURVE('',#1456,#1457,#69,.T.);
#1777=EDGE_CURVE('',#1458,#1457,#70,.T.);
#1778=EDGE_CURVE('',#1459,#1458,#71,.F.);
#1779=EDGE_CURVE('',#1456,#1459,#72,.T.);
#1780=EDGE_CURVE('',#1457,#1449,#802,.T.);
#1781=EDGE_CURVE('',#1450,#1458,#803,.T.);
#1782=EDGE_CURVE('',#1458,#1454,#804,.T.);
#1783=EDGE_CURVE('',#1455,#1459,#805,.T.);
#1784=EDGE_CURVE('',#1460,#1461,#73,.F.);
#1785=EDGE_CURVE('',#1345,#1460,#74,.T.);
#1786=EDGE_CURVE('',#1461,#1346,#75,.T.);
#1787=EDGE_CURVE('',#1460,#1455,#806,.T.);
#1788=EDGE_CURVE('',#1462,#1463,#76,.T.);
#1789=EDGE_CURVE('',#1464,#1463,#77,.T.);
#1790=EDGE_CURVE('',#1465,#1464,#78,.F.);
#1791=EDGE_CURVE('',#1462,#1465,#79,.T.);
#1792=EDGE_CURVE('',#1463,#1456,#807,.T.);
#1793=EDGE_CURVE('',#1459,#1464,#808,.T.);
#1794=EDGE_CURVE('',#1464,#1460,#809,.T.);
#1795=EDGE_CURVE('',#1461,#1465,#810,.T.);
#1796=EDGE_CURVE('',#1466,#1354,#80,.F.);
#1797=EDGE_CURVE('',#1467,#1466,#81,.F.);
#1798=EDGE_CURVE('',#1354,#1467,#82,.F.);
#1799=EDGE_CURVE('',#1468,#1469,#83,.F.);
#1800=EDGE_CURVE('',#1470,#1468,#84,.F.);
#1801=EDGE_CURVE('',#1469,#1470,#85,.F.);
#1802=EDGE_CURVE('',#1466,#1470,#811,.T.);
#1803=EDGE_CURVE('',#1468,#1467,#812,.T.);
#1804=EDGE_CURVE('',#1471,#1469,#813,.T.);
#1805=EDGE_CURVE('',#1470,#1472,#814,.T.);
#1806=EDGE_CURVE('',#1472,#1471,#660,.T.);
#1807=EDGE_CURVE('',#1469,#1462,#815,.T.);
#1808=EDGE_CURVE('',#1465,#1468,#816,.T.);
#1809=EDGE_CURVE('',#1467,#1461,#817,.T.);
#1810=EDGE_CURVE('',#1473,#1466,#818,.T.);
#1811=EDGE_CURVE('',#1353,#1473,#661,.T.);
#1812=EDGE_CURVE('',#1474,#1471,#819,.T.);
#1813=EDGE_CURVE('',#1472,#1475,#820,.T.);
#1814=EDGE_CURVE('',#1475,#1474,#662,.T.);
#1815=EDGE_CURVE('',#1476,#1473,#821,.T.);
#1816=EDGE_CURVE('',#1352,#1476,#663,.T.);
#1817=EDGE_CURVE('',#1477,#1474,#822,.T.);
#1818=EDGE_CURVE('',#1475,#1478,#823,.T.);
#1819=EDGE_CURVE('',#1478,#1477,#46,.T.);
#1820=EDGE_CURVE('',#1479,#1476,#824,.T.);
#1821=EDGE_CURVE('',#1351,#1479,#664,.T.);
#1822=EDGE_CURVE('',#1478,#1480,#86,.T.);
#1823=EDGE_CURVE('',#1480,#1481,#87,.T.);
#1824=EDGE_CURVE('',#1481,#1477,#88,.T.);
#1825=EDGE_CURVE('',#1482,#1483,#89,.T.);
#1826=EDGE_CURVE('',#1483,#1481,#825,.T.);
#1827=EDGE_CURVE('',#1480,#1482,#826,.T.);
#1828=EDGE_CURVE('',#1444,#1483,#90,.T.);
#1829=EDGE_CURVE('',#1482,#1445,#91,.T.);
#1830=EDGE_CURVE('',#1484,#1479,#827,.T.);
#1831=EDGE_CURVE('',#1350,#1484,#665,.T.);
#1832=EDGE_CURVE('',#1447,#1484,#828,.T.);
#1833=EDGE_CURVE('',#1485,#1452,#829,.T.);
#1834=EDGE_CURVE('',#1453,#1486,#830,.T.);
#1835=EDGE_CURVE('',#1486,#1485,#666,.T.);
#1836=EDGE_CURVE('',#1487,#1485,#831,.T.);
#1837=EDGE_CURVE('',#1486,#1488,#832,.T.);
#1838=EDGE_CURVE('',#1488,#1487,#667,.T.);
#1839=EDGE_CURVE('',#1489,#1443,#833,.T.);
#1840=EDGE_CURVE('',#1446,#1490,#834,.T.);
#1841=EDGE_CURVE('',#1490,#1489,#668,.T.);
#1842=EDGE_CURVE('',#1491,#1487,#835,.T.);
#1843=EDGE_CURVE('',#1488,#1492,#836,.T.);
#1844=EDGE_CURVE('',#1492,#1491,#669,.T.);
#1845=EDGE_CURVE('',#1493,#1489,#837,.T.);
#1846=EDGE_CURVE('',#1490,#1494,#838,.T.);
#1847=EDGE_CURVE('',#1494,#1493,#47,.T.);
#1848=EDGE_CURVE('',#1495,#1491,#839,.T.);
#1849=EDGE_CURVE('',#1492,#1496,#840,.T.);
#1850=EDGE_CURVE('',#1496,#1495,#48,.T.);
#1851=EDGE_CURVE('',#1494,#1497,#92,.T.);
#1852=EDGE_CURVE('',#1497,#1498,#93,.T.);
#1853=EDGE_CURVE('',#1498,#1493,#94,.T.);
#1854=EDGE_CURVE('',#1499,#1500,#95,.T.);
#1855=EDGE_CURVE('',#1500,#1498,#841,.T.);
#1856=EDGE_CURVE('',#1497,#1499,#842,.T.);
#1857=EDGE_CURVE('',#1496,#1500,#96,.T.);
#1858=EDGE_CURVE('',#1499,#1495,#97,.T.);
#1859=EDGE_CURVE('',#1501,#1497,#843,.T.);
#1860=EDGE_CURVE('',#1502,#1501,#844,.T.);
#1861=EDGE_CURVE('',#1502,#1499,#845,.T.);
#1862=EDGE_CURVE('',#1503,#1494,#846,.F.);
#1863=EDGE_CURVE('',#1503,#1501,#98,.F.);
#1864=EDGE_CURVE('',#1504,#1490,#847,.T.);
#1865=EDGE_CURVE('',#1503,#1504,#848,.F.);
#1866=EDGE_CURVE('',#1505,#1445,#849,.T.);
#1867=EDGE_CURVE('',#1505,#1506,#850,.T.);
#1868=EDGE_CURVE('',#1446,#1506,#851,.T.);
#1869=EDGE_CURVE('',#1507,#1482,#852,.T.);
#1870=EDGE_CURVE('',#1505,#1507,#99,.T.);
#1871=EDGE_CURVE('',#1508,#1480,#853,.T.);
#1872=EDGE_CURVE('',#1508,#1507,#854,.F.);
#1873=EDGE_CURVE('',#1509,#1478,#855,.F.);
#1874=EDGE_CURVE('',#1508,#1509,#100,.T.);
#1875=EDGE_CURVE('',#1510,#1475,#856,.T.);
#1876=EDGE_CURVE('',#1510,#1509,#857,.T.);
#1877=EDGE_CURVE('',#1472,#1473,#858,.T.);
#1878=EDGE_CURVE('',#1511,#1504,#859,.T.);
#1879=EDGE_CURVE('',#1511,#1512,#860,.F.);
#1880=EDGE_CURVE('',#1502,#1512,#101,.F.);
#1881=EDGE_CURVE('',#1506,#1510,#861,.T.);
#1882=EDGE_CURVE('',#1512,#1495,#862,.T.);
#1883=EDGE_CURVE('',#1491,#1511,#863,.T.);
#1884=EDGE_CURVE('',#1452,#1484,#864,.T.);
#1885=EDGE_CURVE('',#1513,#1438,#865,.T.);
#1886=EDGE_CURVE('',#1442,#1513,#866,.T.);
#1887=EDGE_CURVE('',#1513,#1441,#867,.T.);
#1888=EDGE_CURVE('',#1514,#1431,#868,.T.);
#1889=EDGE_CURVE('',#1435,#1514,#869,.T.);
#1890=EDGE_CURVE('',#1514,#1434,#870,.T.);
#1891=EDGE_CURVE('',#1515,#1424,#871,.T.);
#1892=EDGE_CURVE('',#1428,#1515,#872,.T.);
#1893=EDGE_CURVE('',#1515,#1427,#873,.T.);
#1894=EDGE_CURVE('',#1516,#1417,#874,.T.);
#1895=EDGE_CURVE('',#1421,#1516,#875,.T.);
#1896=EDGE_CURVE('',#1516,#1420,#876,.T.);
#1897=EDGE_CURVE('',#1517,#1410,#877,.T.);
#1898=EDGE_CURVE('',#1414,#1517,#878,.T.);
#1899=EDGE_CURVE('',#1517,#1413,#879,.T.);
#1900=EDGE_CURVE('',#1518,#1403,#880,.T.);
#1901=EDGE_CURVE('',#1407,#1518,#881,.T.);
#1902=EDGE_CURVE('',#1518,#1406,#882,.T.);
#1903=EDGE_CURVE('',#1519,#1396,#883,.T.);
#1904=EDGE_CURVE('',#1400,#1519,#884,.T.);
#1905=EDGE_CURVE('',#1519,#1399,#885,.T.);
#1906=EDGE_CURVE('',#1520,#1389,#886,.T.);
#1907=EDGE_CURVE('',#1393,#1520,#887,.T.);
#1908=EDGE_CURVE('',#1520,#1392,#888,.T.);
#1909=EDGE_CURVE('',#1521,#1339,#889,.T.);
#1910=EDGE_CURVE('',#1344,#1521,#890,.T.);
#1911=EDGE_CURVE('',#1521,#1343,#891,.T.);
#1912=EDGE_CURVE('',#1487,#1476,#892,.T.);
#1913=EDGE_CURVE('',#1485,#1479,#893,.T.);
#1914=EDGE_CURVE('',#1522,#1523,#894,.T.);
#1915=EDGE_CURVE('',#1523,#1524,#895,.T.);
#1916=EDGE_CURVE('',#1525,#1524,#896,.T.);
#1917=EDGE_CURVE('',#1522,#1525,#897,.T.);
#1918=EDGE_CURVE('',#1526,#1522,#898,.T.);
#1919=EDGE_CURVE('',#1527,#1525,#899,.T.);
#1920=EDGE_CURVE('',#1526,#1527,#900,.T.);
#1921=EDGE_CURVE('',#1528,#1526,#901,.T.);
#1922=EDGE_CURVE('',#1529,#1527,#902,.T.);
#1923=EDGE_CURVE('',#1528,#1529,#903,.T.);
#1924=EDGE_CURVE('',#1523,#1528,#904,.T.);
#1925=EDGE_CURVE('',#1524,#1529,#905,.T.);
#1926=EDGE_CURVE('',#1530,#1531,#906,.T.);
#1927=EDGE_CURVE('',#1531,#1532,#907,.T.);
#1928=EDGE_CURVE('',#1533,#1532,#908,.T.);
#1929=EDGE_CURVE('',#1530,#1533,#909,.T.);
#1930=EDGE_CURVE('',#1534,#1530,#910,.T.);
#1931=EDGE_CURVE('',#1535,#1533,#911,.T.);
#1932=EDGE_CURVE('',#1534,#1535,#912,.T.);
#1933=EDGE_CURVE('',#1536,#1534,#913,.T.);
#1934=EDGE_CURVE('',#1537,#1535,#914,.T.);
#1935=EDGE_CURVE('',#1536,#1537,#915,.T.);
#1936=EDGE_CURVE('',#1531,#1536,#916,.T.);
#1937=EDGE_CURVE('',#1532,#1537,#917,.T.);
#1938=EDGE_CURVE('',#1538,#1539,#918,.T.);
#1939=EDGE_CURVE('',#1539,#1540,#919,.T.);
#1940=EDGE_CURVE('',#1541,#1540,#920,.T.);
#1941=EDGE_CURVE('',#1538,#1541,#921,.T.);
#1942=EDGE_CURVE('',#1542,#1538,#922,.T.);
#1943=EDGE_CURVE('',#1543,#1541,#923,.T.);
#1944=EDGE_CURVE('',#1542,#1543,#924,.T.);
#1945=EDGE_CURVE('',#1544,#1542,#925,.T.);
#1946=EDGE_CURVE('',#1545,#1543,#926,.T.);
#1947=EDGE_CURVE('',#1544,#1545,#927,.T.);
#1948=EDGE_CURVE('',#1539,#1544,#928,.T.);
#1949=EDGE_CURVE('',#1540,#1545,#929,.T.);
#1950=EDGE_CURVE('',#1546,#1547,#930,.T.);
#1951=EDGE_CURVE('',#1547,#1548,#931,.T.);
#1952=EDGE_CURVE('',#1549,#1548,#932,.T.);
#1953=EDGE_CURVE('',#1546,#1549,#933,.T.);
#1954=EDGE_CURVE('',#1550,#1546,#934,.T.);
#1955=EDGE_CURVE('',#1551,#1549,#935,.T.);
#1956=EDGE_CURVE('',#1550,#1551,#936,.T.);
#1957=EDGE_CURVE('',#1552,#1550,#937,.T.);
#1958=EDGE_CURVE('',#1553,#1551,#938,.T.);
#1959=EDGE_CURVE('',#1552,#1553,#939,.T.);
#1960=EDGE_CURVE('',#1547,#1552,#940,.T.);
#1961=EDGE_CURVE('',#1548,#1553,#941,.T.);
#1962=EDGE_CURVE('',#1554,#1555,#942,.T.);
#1963=EDGE_CURVE('',#1555,#1556,#943,.T.);
#1964=EDGE_CURVE('',#1557,#1556,#944,.T.);
#1965=EDGE_CURVE('',#1554,#1557,#945,.T.);
#1966=EDGE_CURVE('',#1558,#1554,#946,.T.);
#1967=EDGE_CURVE('',#1559,#1557,#947,.T.);
#1968=EDGE_CURVE('',#1558,#1559,#948,.T.);
#1969=EDGE_CURVE('',#1560,#1558,#949,.T.);
#1970=EDGE_CURVE('',#1561,#1559,#950,.T.);
#1971=EDGE_CURVE('',#1560,#1561,#951,.T.);
#1972=EDGE_CURVE('',#1555,#1560,#952,.T.);
#1973=EDGE_CURVE('',#1556,#1561,#953,.T.);
#1974=EDGE_CURVE('',#1562,#1563,#954,.T.);
#1975=EDGE_CURVE('',#1563,#1564,#955,.T.);
#1976=EDGE_CURVE('',#1565,#1564,#956,.T.);
#1977=EDGE_CURVE('',#1562,#1565,#957,.T.);
#1978=EDGE_CURVE('',#1566,#1562,#958,.T.);
#1979=EDGE_CURVE('',#1567,#1565,#959,.T.);
#1980=EDGE_CURVE('',#1566,#1567,#960,.T.);
#1981=EDGE_CURVE('',#1568,#1566,#961,.T.);
#1982=EDGE_CURVE('',#1569,#1567,#962,.T.);
#1983=EDGE_CURVE('',#1568,#1569,#963,.T.);
#1984=EDGE_CURVE('',#1563,#1568,#964,.T.);
#1985=EDGE_CURVE('',#1564,#1569,#965,.T.);
#1986=EDGE_CURVE('',#1570,#1571,#966,.T.);
#1987=EDGE_CURVE('',#1571,#1572,#967,.T.);
#1988=EDGE_CURVE('',#1573,#1572,#968,.T.);
#1989=EDGE_CURVE('',#1570,#1573,#969,.T.);
#1990=EDGE_CURVE('',#1574,#1570,#970,.T.);
#1991=EDGE_CURVE('',#1575,#1573,#971,.T.);
#1992=EDGE_CURVE('',#1574,#1575,#972,.T.);
#1993=EDGE_CURVE('',#1576,#1574,#973,.T.);
#1994=EDGE_CURVE('',#1577,#1575,#974,.T.);
#1995=EDGE_CURVE('',#1576,#1577,#975,.T.);
#1996=EDGE_CURVE('',#1571,#1576,#976,.T.);
#1997=EDGE_CURVE('',#1572,#1577,#977,.T.);
#1998=EDGE_CURVE('',#1578,#1579,#978,.T.);
#1999=EDGE_CURVE('',#1579,#1580,#979,.T.);
#2000=EDGE_CURVE('',#1581,#1580,#980,.T.);
#2001=EDGE_CURVE('',#1578,#1581,#981,.T.);
#2002=EDGE_CURVE('',#1582,#1578,#982,.T.);
#2003=EDGE_CURVE('',#1583,#1581,#983,.T.);
#2004=EDGE_CURVE('',#1582,#1583,#984,.T.);
#2005=EDGE_CURVE('',#1584,#1582,#985,.T.);
#2006=EDGE_CURVE('',#1585,#1583,#986,.T.);
#2007=EDGE_CURVE('',#1584,#1585,#987,.T.);
#2008=EDGE_CURVE('',#1579,#1584,#988,.T.);
#2009=EDGE_CURVE('',#1580,#1585,#989,.T.);
#2010=EDGE_CURVE('',#1586,#1587,#990,.T.);
#2011=EDGE_CURVE('',#1587,#1588,#991,.T.);
#2012=EDGE_CURVE('',#1589,#1588,#992,.T.);
#2013=EDGE_CURVE('',#1586,#1589,#993,.T.);
#2014=EDGE_CURVE('',#1590,#1586,#994,.T.);
#2015=EDGE_CURVE('',#1591,#1589,#995,.T.);
#2016=EDGE_CURVE('',#1590,#1591,#996,.T.);
#2017=EDGE_CURVE('',#1592,#1590,#997,.T.);
#2018=EDGE_CURVE('',#1593,#1591,#998,.T.);
#2019=EDGE_CURVE('',#1592,#1593,#999,.T.);
#2020=EDGE_CURVE('',#1587,#1592,#1000,.T.);
#2021=EDGE_CURVE('',#1588,#1593,#1001,.T.);
#2022=ORIENTED_EDGE('',*,*,#1594,.T.);
#2023=ORIENTED_EDGE('',*,*,#1595,.T.);
#2024=ORIENTED_EDGE('',*,*,#1596,.T.);
#2025=ORIENTED_EDGE('',*,*,#1597,.F.);
#2026=ORIENTED_EDGE('',*,*,#1598,.T.);
#2027=ORIENTED_EDGE('',*,*,#1599,.T.);
#2028=ORIENTED_EDGE('',*,*,#1600,.T.);
#2029=ORIENTED_EDGE('',*,*,#1595,.F.);
#2030=ORIENTED_EDGE('',*,*,#1601,.T.);
#2031=ORIENTED_EDGE('',*,*,#1602,.T.);
#2032=ORIENTED_EDGE('',*,*,#1603,.T.);
#2033=ORIENTED_EDGE('',*,*,#1599,.F.);
#2034=ORIENTED_EDGE('',*,*,#1604,.T.);
#2035=ORIENTED_EDGE('',*,*,#1602,.F.);
#2036=ORIENTED_EDGE('',*,*,#1605,.T.);
#2037=ORIENTED_EDGE('',*,*,#1597,.T.);
#2038=ORIENTED_EDGE('',*,*,#1604,.F.);
#2039=ORIENTED_EDGE('',*,*,#1606,.F.);
#2040=ORIENTED_EDGE('',*,*,#1607,.F.);
#2041=ORIENTED_EDGE('',*,*,#1608,.T.);
#2042=ORIENTED_EDGE('',*,*,#1596,.F.);
#2043=ORIENTED_EDGE('',*,*,#1609,.F.);
#2044=ORIENTED_EDGE('',*,*,#1610,.F.);
#2045=ORIENTED_EDGE('',*,*,#1606,.T.);
#2046=ORIENTED_EDGE('',*,*,#1611,.F.);
#2047=ORIENTED_EDGE('',*,*,#1612,.F.);
#2048=ORIENTED_EDGE('',*,*,#1613,.F.);
#2049=ORIENTED_EDGE('',*,*,#1614,.F.);
#2050=ORIENTED_EDGE('',*,*,#1615,.F.);
#2051=ORIENTED_EDGE('',*,*,#1616,.F.);
#2052=ORIENTED_EDGE('',*,*,#1617,.F.);
#2053=ORIENTED_EDGE('',*,*,#1618,.F.);
#2054=ORIENTED_EDGE('',*,*,#1619,.F.);
#2055=ORIENTED_EDGE('',*,*,#1620,.F.);
#2056=ORIENTED_EDGE('',*,*,#1621,.F.);
#2057=ORIENTED_EDGE('',*,*,#1622,.F.);
#2058=ORIENTED_EDGE('',*,*,#1623,.F.);
#2059=ORIENTED_EDGE('',*,*,#1624,.F.);
#2060=ORIENTED_EDGE('',*,*,#1625,.F.);
#2061=ORIENTED_EDGE('',*,*,#1626,.F.);
#2062=ORIENTED_EDGE('',*,*,#1627,.F.);
#2063=ORIENTED_EDGE('',*,*,#1628,.F.);
#2064=ORIENTED_EDGE('',*,*,#1629,.F.);
#2065=ORIENTED_EDGE('',*,*,#1630,.F.);
#2066=ORIENTED_EDGE('',*,*,#1631,.F.);
#2067=ORIENTED_EDGE('',*,*,#1632,.F.);
#2068=ORIENTED_EDGE('',*,*,#1633,.F.);
#2069=ORIENTED_EDGE('',*,*,#1634,.F.);
#2070=ORIENTED_EDGE('',*,*,#1635,.F.);
#2071=ORIENTED_EDGE('',*,*,#1636,.F.);
#2072=ORIENTED_EDGE('',*,*,#1637,.F.);
#2073=ORIENTED_EDGE('',*,*,#1638,.F.);
#2074=ORIENTED_EDGE('',*,*,#1639,.F.);
#2075=ORIENTED_EDGE('',*,*,#1640,.F.);
#2076=ORIENTED_EDGE('',*,*,#1641,.F.);
#2077=ORIENTED_EDGE('',*,*,#1642,.F.);
#2078=ORIENTED_EDGE('',*,*,#1643,.F.);
#2079=ORIENTED_EDGE('',*,*,#1644,.F.);
#2080=ORIENTED_EDGE('',*,*,#1645,.F.);
#2081=ORIENTED_EDGE('',*,*,#1646,.F.);
#2082=ORIENTED_EDGE('',*,*,#1647,.F.);
#2083=ORIENTED_EDGE('',*,*,#1648,.F.);
#2084=ORIENTED_EDGE('',*,*,#1649,.F.);
#2085=ORIENTED_EDGE('',*,*,#1650,.F.);
#2086=ORIENTED_EDGE('',*,*,#1651,.F.);
#2087=ORIENTED_EDGE('',*,*,#1652,.F.);
#2088=ORIENTED_EDGE('',*,*,#1594,.F.);
#2089=ORIENTED_EDGE('',*,*,#1605,.F.);
#2090=ORIENTED_EDGE('',*,*,#1601,.F.);
#2091=ORIENTED_EDGE('',*,*,#1598,.F.);
#2092=ORIENTED_EDGE('',*,*,#1621,.T.);
#2093=ORIENTED_EDGE('',*,*,#1653,.T.);
#2094=ORIENTED_EDGE('',*,*,#1654,.T.);
#2095=ORIENTED_EDGE('',*,*,#1655,.F.);
#2096=ORIENTED_EDGE('',*,*,#1624,.T.);
#2097=ORIENTED_EDGE('',*,*,#1656,.T.);
#2098=ORIENTED_EDGE('',*,*,#1657,.T.);
#2099=ORIENTED_EDGE('',*,*,#1653,.F.);
#2100=ORIENTED_EDGE('',*,*,#1623,.T.);
#2101=ORIENTED_EDGE('',*,*,#1658,.T.);
#2102=ORIENTED_EDGE('',*,*,#1659,.T.);
#2103=ORIENTED_EDGE('',*,*,#1656,.F.);
#2104=ORIENTED_EDGE('',*,*,#1660,.T.);
#2105=ORIENTED_EDGE('',*,*,#1658,.F.);
#2106=ORIENTED_EDGE('',*,*,#1622,.T.);
#2107=ORIENTED_EDGE('',*,*,#1655,.T.);
#2108=ORIENTED_EDGE('',*,*,#1660,.F.);
#2109=ORIENTED_EDGE('',*,*,#1661,.F.);
#2110=ORIENTED_EDGE('',*,*,#1662,.F.);
#2111=ORIENTED_EDGE('',*,*,#1663,.T.);
#2112=ORIENTED_EDGE('',*,*,#1654,.F.);
#2113=ORIENTED_EDGE('',*,*,#1664,.F.);
#2114=ORIENTED_EDGE('',*,*,#1665,.F.);
#2115=ORIENTED_EDGE('',*,*,#1661,.T.);
#2116=ORIENTED_EDGE('',*,*,#1649,.T.);
#2117=ORIENTED_EDGE('',*,*,#1666,.T.);
#2118=ORIENTED_EDGE('',*,*,#1667,.T.);
#2119=ORIENTED_EDGE('',*,*,#1668,.F.);
#2120=ORIENTED_EDGE('',*,*,#1652,.T.);
#2121=ORIENTED_EDGE('',*,*,#1669,.T.);
#2122=ORIENTED_EDGE('',*,*,#1670,.T.);
#2123=ORIENTED_EDGE('',*,*,#1666,.F.);
#2124=ORIENTED_EDGE('',*,*,#1651,.T.);
#2125=ORIENTED_EDGE('',*,*,#1671,.T.);
#2126=ORIENTED_EDGE('',*,*,#1672,.T.);
#2127=ORIENTED_EDGE('',*,*,#1669,.F.);
#2128=ORIENTED_EDGE('',*,*,#1673,.T.);
#2129=ORIENTED_EDGE('',*,*,#1671,.F.);
#2130=ORIENTED_EDGE('',*,*,#1650,.T.);
#2131=ORIENTED_EDGE('',*,*,#1668,.T.);
#2132=ORIENTED_EDGE('',*,*,#1673,.F.);
#2133=ORIENTED_EDGE('',*,*,#1674,.F.);
#2134=ORIENTED_EDGE('',*,*,#1675,.F.);
#2135=ORIENTED_EDGE('',*,*,#1676,.T.);
#2136=ORIENTED_EDGE('',*,*,#1667,.F.);
#2137=ORIENTED_EDGE('',*,*,#1677,.F.);
#2138=ORIENTED_EDGE('',*,*,#1678,.F.);
#2139=ORIENTED_EDGE('',*,*,#1674,.T.);
#2140=ORIENTED_EDGE('',*,*,#1625,.T.);
#2141=ORIENTED_EDGE('',*,*,#1679,.T.);
#2142=ORIENTED_EDGE('',*,*,#1680,.T.);
#2143=ORIENTED_EDGE('',*,*,#1681,.F.);
#2144=ORIENTED_EDGE('',*,*,#1628,.T.);
#2145=ORIENTED_EDGE('',*,*,#1682,.T.);
#2146=ORIENTED_EDGE('',*,*,#1683,.T.);
#2147=ORIENTED_EDGE('',*,*,#1679,.F.);
#2148=ORIENTED_EDGE('',*,*,#1627,.T.);
#2149=ORIENTED_EDGE('',*,*,#1684,.T.);
#2150=ORIENTED_EDGE('',*,*,#1685,.T.);
#2151=ORIENTED_EDGE('',*,*,#1682,.F.);
#2152=ORIENTED_EDGE('',*,*,#1686,.T.);
#2153=ORIENTED_EDGE('',*,*,#1684,.F.);
#2154=ORIENTED_EDGE('',*,*,#1626,.T.);
#2155=ORIENTED_EDGE('',*,*,#1681,.T.);
#2156=ORIENTED_EDGE('',*,*,#1686,.F.);
#2157=ORIENTED_EDGE('',*,*,#1687,.F.);
#2158=ORIENTED_EDGE('',*,*,#1688,.F.);
#2159=ORIENTED_EDGE('',*,*,#1689,.T.);
#2160=ORIENTED_EDGE('',*,*,#1680,.F.);
#2161=ORIENTED_EDGE('',*,*,#1690,.F.);
#2162=ORIENTED_EDGE('',*,*,#1691,.F.);
#2163=ORIENTED_EDGE('',*,*,#1687,.T.);
#2164=ORIENTED_EDGE('',*,*,#1645,.T.);
#2165=ORIENTED_EDGE('',*,*,#1692,.T.);
#2166=ORIENTED_EDGE('',*,*,#1693,.T.);
#2167=ORIENTED_EDGE('',*,*,#1694,.F.);
#2168=ORIENTED_EDGE('',*,*,#1648,.T.);
#2169=ORIENTED_EDGE('',*,*,#1695,.T.);
#2170=ORIENTED_EDGE('',*,*,#1696,.T.);
#2171=ORIENTED_EDGE('',*,*,#1692,.F.);
#2172=ORIENTED_EDGE('',*,*,#1647,.T.);
#2173=ORIENTED_EDGE('',*,*,#1697,.T.);
#2174=ORIENTED_EDGE('',*,*,#1698,.T.);
#2175=ORIENTED_EDGE('',*,*,#1695,.F.);
#2176=ORIENTED_EDGE('',*,*,#1699,.T.);
#2177=ORIENTED_EDGE('',*,*,#1697,.F.);
#2178=ORIENTED_EDGE('',*,*,#1646,.T.);
#2179=ORIENTED_EDGE('',*,*,#1694,.T.);
#2180=ORIENTED_EDGE('',*,*,#1699,.F.);
#2181=ORIENTED_EDGE('',*,*,#1700,.F.);
#2182=ORIENTED_EDGE('',*,*,#1701,.F.);
#2183=ORIENTED_EDGE('',*,*,#1702,.T.);
#2184=ORIENTED_EDGE('',*,*,#1693,.F.);
#2185=ORIENTED_EDGE('',*,*,#1703,.F.);
#2186=ORIENTED_EDGE('',*,*,#1704,.F.);
#2187=ORIENTED_EDGE('',*,*,#1700,.T.);
#2188=ORIENTED_EDGE('',*,*,#1629,.T.);
#2189=ORIENTED_EDGE('',*,*,#1705,.T.);
#2190=ORIENTED_EDGE('',*,*,#1706,.T.);
#2191=ORIENTED_EDGE('',*,*,#1707,.F.);
#2192=ORIENTED_EDGE('',*,*,#1632,.T.);
#2193=ORIENTED_EDGE('',*,*,#1708,.T.);
#2194=ORIENTED_EDGE('',*,*,#1709,.T.);
#2195=ORIENTED_EDGE('',*,*,#1705,.F.);
#2196=ORIENTED_EDGE('',*,*,#1631,.T.);
#2197=ORIENTED_EDGE('',*,*,#1710,.T.);
#2198=ORIENTED_EDGE('',*,*,#1711,.T.);
#2199=ORIENTED_EDGE('',*,*,#1708,.F.);
#2200=ORIENTED_EDGE('',*,*,#1712,.T.);
#2201=ORIENTED_EDGE('',*,*,#1710,.F.);
#2202=ORIENTED_EDGE('',*,*,#1630,.T.);
#2203=ORIENTED_EDGE('',*,*,#1707,.T.);
#2204=ORIENTED_EDGE('',*,*,#1712,.F.);
#2205=ORIENTED_EDGE('',*,*,#1713,.F.);
#2206=ORIENTED_EDGE('',*,*,#1714,.F.);
#2207=ORIENTED_EDGE('',*,*,#1715,.T.);
#2208=ORIENTED_EDGE('',*,*,#1706,.F.);
#2209=ORIENTED_EDGE('',*,*,#1716,.F.);
#2210=ORIENTED_EDGE('',*,*,#1717,.F.);
#2211=ORIENTED_EDGE('',*,*,#1713,.T.);
#2212=ORIENTED_EDGE('',*,*,#1641,.T.);
#2213=ORIENTED_EDGE('',*,*,#1718,.T.);
#2214=ORIENTED_EDGE('',*,*,#1719,.T.);
#2215=ORIENTED_EDGE('',*,*,#1720,.F.);
#2216=ORIENTED_EDGE('',*,*,#1644,.T.);
#2217=ORIENTED_EDGE('',*,*,#1721,.T.);
#2218=ORIENTED_EDGE('',*,*,#1722,.T.);
#2219=ORIENTED_EDGE('',*,*,#1718,.F.);
#2220=ORIENTED_EDGE('',*,*,#1643,.T.);
#2221=ORIENTED_EDGE('',*,*,#1723,.T.);
#2222=ORIENTED_EDGE('',*,*,#1724,.T.);
#2223=ORIENTED_EDGE('',*,*,#1721,.F.);
#2224=ORIENTED_EDGE('',*,*,#1725,.T.);
#2225=ORIENTED_EDGE('',*,*,#1723,.F.);
#2226=ORIENTED_EDGE('',*,*,#1642,.T.);
#2227=ORIENTED_EDGE('',*,*,#1720,.T.);
#2228=ORIENTED_EDGE('',*,*,#1725,.F.);
#2229=ORIENTED_EDGE('',*,*,#1726,.F.);
#2230=ORIENTED_EDGE('',*,*,#1727,.F.);
#2231=ORIENTED_EDGE('',*,*,#1728,.T.);
#2232=ORIENTED_EDGE('',*,*,#1719,.F.);
#2233=ORIENTED_EDGE('',*,*,#1729,.F.);
#2234=ORIENTED_EDGE('',*,*,#1730,.F.);
#2235=ORIENTED_EDGE('',*,*,#1726,.T.);
#2236=ORIENTED_EDGE('',*,*,#1633,.T.);
#2237=ORIENTED_EDGE('',*,*,#1731,.T.);
#2238=ORIENTED_EDGE('',*,*,#1732,.T.);
#2239=ORIENTED_EDGE('',*,*,#1733,.F.);
#2240=ORIENTED_EDGE('',*,*,#1636,.T.);
#2241=ORIENTED_EDGE('',*,*,#1734,.T.);
#2242=ORIENTED_EDGE('',*,*,#1735,.T.);
#2243=ORIENTED_EDGE('',*,*,#1731,.F.);
#2244=ORIENTED_EDGE('',*,*,#1635,.T.);
#2245=ORIENTED_EDGE('',*,*,#1736,.T.);
#2246=ORIENTED_EDGE('',*,*,#1737,.T.);
#2247=ORIENTED_EDGE('',*,*,#1734,.F.);
#2248=ORIENTED_EDGE('',*,*,#1738,.T.);
#2249=ORIENTED_EDGE('',*,*,#1736,.F.);
#2250=ORIENTED_EDGE('',*,*,#1634,.T.);
#2251=ORIENTED_EDGE('',*,*,#1733,.T.);
#2252=ORIENTED_EDGE('',*,*,#1738,.F.);
#2253=ORIENTED_EDGE('',*,*,#1739,.F.);
#2254=ORIENTED_EDGE('',*,*,#1740,.F.);
#2255=ORIENTED_EDGE('',*,*,#1741,.T.);
#2256=ORIENTED_EDGE('',*,*,#1732,.F.);
#2257=ORIENTED_EDGE('',*,*,#1742,.F.);
#2258=ORIENTED_EDGE('',*,*,#1743,.F.);
#2259=ORIENTED_EDGE('',*,*,#1739,.T.);
#2260=ORIENTED_EDGE('',*,*,#1637,.T.);
#2261=ORIENTED_EDGE('',*,*,#1744,.T.);
#2262=ORIENTED_EDGE('',*,*,#1745,.T.);
#2263=ORIENTED_EDGE('',*,*,#1746,.F.);
#2264=ORIENTED_EDGE('',*,*,#1640,.T.);
#2265=ORIENTED_EDGE('',*,*,#1747,.T.);
#2266=ORIENTED_EDGE('',*,*,#1748,.T.);
#2267=ORIENTED_EDGE('',*,*,#1744,.F.);
#2268=ORIENTED_EDGE('',*,*,#1639,.T.);
#2269=ORIENTED_EDGE('',*,*,#1749,.T.);
#2270=ORIENTED_EDGE('',*,*,#1750,.T.);
#2271=ORIENTED_EDGE('',*,*,#1747,.F.);
#2272=ORIENTED_EDGE('',*,*,#1751,.T.);
#2273=ORIENTED_EDGE('',*,*,#1749,.F.);
#2274=ORIENTED_EDGE('',*,*,#1638,.T.);
#2275=ORIENTED_EDGE('',*,*,#1746,.T.);
#2276=ORIENTED_EDGE('',*,*,#1751,.F.);
#2277=ORIENTED_EDGE('',*,*,#1752,.F.);
#2278=ORIENTED_EDGE('',*,*,#1753,.F.);
#2279=ORIENTED_EDGE('',*,*,#1754,.T.);
#2280=ORIENTED_EDGE('',*,*,#1745,.F.);
#2281=ORIENTED_EDGE('',*,*,#1755,.F.);
#2282=ORIENTED_EDGE('',*,*,#1756,.F.);
#2283=ORIENTED_EDGE('',*,*,#1752,.T.);
#2284=ORIENTED_EDGE('',*,*,#1757,.T.);
#2285=ORIENTED_EDGE('',*,*,#1758,.T.);
#2286=ORIENTED_EDGE('',*,*,#1759,.T.);
#2287=ORIENTED_EDGE('',*,*,#1760,.T.);
#2288=ORIENTED_EDGE('',*,*,#1761,.F.);
#2289=ORIENTED_EDGE('',*,*,#1762,.F.);
#2290=ORIENTED_EDGE('',*,*,#1763,.F.);
#2291=ORIENTED_EDGE('',*,*,#1764,.F.);
#2292=ORIENTED_EDGE('',*,*,#1765,.F.);
#2293=ORIENTED_EDGE('',*,*,#1766,.F.);
#2294=ORIENTED_EDGE('',*,*,#1767,.T.);
#2295=ORIENTED_EDGE('',*,*,#1765,.T.);
#2296=ORIENTED_EDGE('',*,*,#1768,.T.);
#2297=ORIENTED_EDGE('',*,*,#1769,.T.);
#2298=ORIENTED_EDGE('',*,*,#1766,.T.);
#2299=ORIENTED_EDGE('',*,*,#1770,.T.);
#2300=ORIENTED_EDGE('',*,*,#1761,.T.);
#2301=ORIENTED_EDGE('',*,*,#1771,.T.);
#2302=ORIENTED_EDGE('',*,*,#1772,.F.);
#2303=ORIENTED_EDGE('',*,*,#1773,.F.);
#2304=ORIENTED_EDGE('',*,*,#1613,.T.);
#2305=ORIENTED_EDGE('',*,*,#1774,.F.);
#2306=ORIENTED_EDGE('',*,*,#1763,.T.);
#2307=ORIENTED_EDGE('',*,*,#1614,.T.);
#2308=ORIENTED_EDGE('',*,*,#1773,.T.);
#2309=ORIENTED_EDGE('',*,*,#1775,.T.);
#2310=ORIENTED_EDGE('',*,*,#1776,.T.);
#2311=ORIENTED_EDGE('',*,*,#1777,.F.);
#2312=ORIENTED_EDGE('',*,*,#1778,.F.);
#2313=ORIENTED_EDGE('',*,*,#1779,.F.);
#2314=ORIENTED_EDGE('',*,*,#1777,.T.);
#2315=ORIENTED_EDGE('',*,*,#1780,.T.);
#2316=ORIENTED_EDGE('',*,*,#1764,.T.);
#2317=ORIENTED_EDGE('',*,*,#1781,.T.);
#2318=ORIENTED_EDGE('',*,*,#1778,.T.);
#2319=ORIENTED_EDGE('',*,*,#1782,.T.);
#2320=ORIENTED_EDGE('',*,*,#1772,.T.);
#2321=ORIENTED_EDGE('',*,*,#1783,.T.);
#2322=ORIENTED_EDGE('',*,*,#1784,.F.);
#2323=ORIENTED_EDGE('',*,*,#1785,.F.);
#2324=ORIENTED_EDGE('',*,*,#1611,.T.);
#2325=ORIENTED_EDGE('',*,*,#1786,.F.);
#2326=ORIENTED_EDGE('',*,*,#1774,.T.);
#2327=ORIENTED_EDGE('',*,*,#1612,.T.);
#2328=ORIENTED_EDGE('',*,*,#1785,.T.);
#2329=ORIENTED_EDGE('',*,*,#1787,.T.);
#2330=ORIENTED_EDGE('',*,*,#1788,.T.);
#2331=ORIENTED_EDGE('',*,*,#1789,.F.);
#2332=ORIENTED_EDGE('',*,*,#1790,.F.);
#2333=ORIENTED_EDGE('',*,*,#1791,.F.);
#2334=ORIENTED_EDGE('',*,*,#1789,.T.);
#2335=ORIENTED_EDGE('',*,*,#1792,.T.);
#2336=ORIENTED_EDGE('',*,*,#1779,.T.);
#2337=ORIENTED_EDGE('',*,*,#1793,.T.);
#2338=ORIENTED_EDGE('',*,*,#1790,.T.);
#2339=ORIENTED_EDGE('',*,*,#1794,.T.);
#2340=ORIENTED_EDGE('',*,*,#1784,.T.);
#2341=ORIENTED_EDGE('',*,*,#1795,.T.);
#2342=ORIENTED_EDGE('',*,*,#1796,.F.);
#2343=ORIENTED_EDGE('',*,*,#1797,.F.);
#2344=ORIENTED_EDGE('',*,*,#1798,.F.);
#2345=ORIENTED_EDGE('',*,*,#1799,.F.);
#2346=ORIENTED_EDGE('',*,*,#1800,.F.);
#2347=ORIENTED_EDGE('',*,*,#1801,.F.);
#2348=ORIENTED_EDGE('',*,*,#1797,.T.);
#2349=ORIENTED_EDGE('',*,*,#1802,.T.);
#2350=ORIENTED_EDGE('',*,*,#1800,.T.);
#2351=ORIENTED_EDGE('',*,*,#1803,.T.);
#2352=ORIENTED_EDGE('',*,*,#1804,.T.);
#2353=ORIENTED_EDGE('',*,*,#1801,.T.);
#2354=ORIENTED_EDGE('',*,*,#1805,.T.);
#2355=ORIENTED_EDGE('',*,*,#1806,.T.);
#2356=ORIENTED_EDGE('',*,*,#1799,.T.);
#2357=ORIENTED_EDGE('',*,*,#1807,.T.);
#2358=ORIENTED_EDGE('',*,*,#1791,.T.);
#2359=ORIENTED_EDGE('',*,*,#1808,.T.);
#2360=ORIENTED_EDGE('',*,*,#1786,.T.);
#2361=ORIENTED_EDGE('',*,*,#1620,.T.);
#2362=ORIENTED_EDGE('',*,*,#1798,.T.);
#2363=ORIENTED_EDGE('',*,*,#1809,.T.);
#2364=ORIENTED_EDGE('',*,*,#1810,.T.);
#2365=ORIENTED_EDGE('',*,*,#1796,.T.);
#2366=ORIENTED_EDGE('',*,*,#1619,.T.);
#2367=ORIENTED_EDGE('',*,*,#1811,.T.);
#2368=ORIENTED_EDGE('',*,*,#1812,.T.);
#2369=ORIENTED_EDGE('',*,*,#1806,.F.);
#2370=ORIENTED_EDGE('',*,*,#1813,.T.);
#2371=ORIENTED_EDGE('',*,*,#1814,.T.);
#2372=ORIENTED_EDGE('',*,*,#1815,.T.);
#2373=ORIENTED_EDGE('',*,*,#1811,.F.);
#2374=ORIENTED_EDGE('',*,*,#1618,.T.);
#2375=ORIENTED_EDGE('',*,*,#1816,.T.);
#2376=ORIENTED_EDGE('',*,*,#1817,.T.);
#2377=ORIENTED_EDGE('',*,*,#1814,.F.);
#2378=ORIENTED_EDGE('',*,*,#1818,.T.);
#2379=ORIENTED_EDGE('',*,*,#1819,.T.);
#2380=ORIENTED_EDGE('',*,*,#1820,.T.);
#2381=ORIENTED_EDGE('',*,*,#1816,.F.);
#2382=ORIENTED_EDGE('',*,*,#1617,.T.);
#2383=ORIENTED_EDGE('',*,*,#1821,.T.);
#2384=ORIENTED_EDGE('',*,*,#1822,.T.);
#2385=ORIENTED_EDGE('',*,*,#1823,.T.);
#2386=ORIENTED_EDGE('',*,*,#1824,.T.);
#2387=ORIENTED_EDGE('',*,*,#1819,.F.);
#2388=ORIENTED_EDGE('',*,*,#1825,.T.);
#2389=ORIENTED_EDGE('',*,*,#1826,.T.);
#2390=ORIENTED_EDGE('',*,*,#1823,.F.);
#2391=ORIENTED_EDGE('',*,*,#1827,.T.);
#2392=ORIENTED_EDGE('',*,*,#1828,.T.);
#2393=ORIENTED_EDGE('',*,*,#1825,.F.);
#2394=ORIENTED_EDGE('',*,*,#1829,.T.);
#2395=ORIENTED_EDGE('',*,*,#1758,.F.);
#2396=ORIENTED_EDGE('',*,*,#1830,.T.);
#2397=ORIENTED_EDGE('',*,*,#1821,.F.);
#2398=ORIENTED_EDGE('',*,*,#1616,.T.);
#2399=ORIENTED_EDGE('',*,*,#1831,.T.);
#2400=ORIENTED_EDGE('',*,*,#1615,.T.);
#2401=ORIENTED_EDGE('',*,*,#1762,.T.);
#2402=ORIENTED_EDGE('',*,*,#1832,.T.);
#2403=ORIENTED_EDGE('',*,*,#1831,.F.);
#2404=ORIENTED_EDGE('',*,*,#1833,.T.);
#2405=ORIENTED_EDGE('',*,*,#1769,.F.);
#2406=ORIENTED_EDGE('',*,*,#1834,.T.);
#2407=ORIENTED_EDGE('',*,*,#1835,.T.);
#2408=ORIENTED_EDGE('',*,*,#1836,.T.);
#2409=ORIENTED_EDGE('',*,*,#1835,.F.);
#2410=ORIENTED_EDGE('',*,*,#1837,.T.);
#2411=ORIENTED_EDGE('',*,*,#1838,.T.);
#2412=ORIENTED_EDGE('',*,*,#1839,.T.);
#2413=ORIENTED_EDGE('',*,*,#1760,.F.);
#2414=ORIENTED_EDGE('',*,*,#1840,.T.);
#2415=ORIENTED_EDGE('',*,*,#1841,.T.);
#2416=ORIENTED_EDGE('',*,*,#1842,.T.);
#2417=ORIENTED_EDGE('',*,*,#1838,.F.);
#2418=ORIENTED_EDGE('',*,*,#1843,.T.);
#2419=ORIENTED_EDGE('',*,*,#1844,.T.);
#2420=ORIENTED_EDGE('',*,*,#1845,.T.);
#2421=ORIENTED_EDGE('',*,*,#1841,.F.);
#2422=ORIENTED_EDGE('',*,*,#1846,.T.);
#2423=ORIENTED_EDGE('',*,*,#1847,.T.);
#2424=ORIENTED_EDGE('',*,*,#1848,.T.);
#2425=ORIENTED_EDGE('',*,*,#1844,.F.);
#2426=ORIENTED_EDGE('',*,*,#1849,.T.);
#2427=ORIENTED_EDGE('',*,*,#1850,.T.);
#2428=ORIENTED_EDGE('',*,*,#1851,.T.);
#2429=ORIENTED_EDGE('',*,*,#1852,.T.);
#2430=ORIENTED_EDGE('',*,*,#1853,.T.);
#2431=ORIENTED_EDGE('',*,*,#1847,.F.);
#2432=ORIENTED_EDGE('',*,*,#1854,.T.);
#2433=ORIENTED_EDGE('',*,*,#1855,.T.);
#2434=ORIENTED_EDGE('',*,*,#1852,.F.);
#2435=ORIENTED_EDGE('',*,*,#1856,.T.);
#2436=ORIENTED_EDGE('',*,*,#1857,.T.);
#2437=ORIENTED_EDGE('',*,*,#1854,.F.);
#2438=ORIENTED_EDGE('',*,*,#1858,.T.);
#2439=ORIENTED_EDGE('',*,*,#1850,.F.);
#2440=ORIENTED_EDGE('',*,*,#1856,.F.);
#2441=ORIENTED_EDGE('',*,*,#1859,.F.);
#2442=ORIENTED_EDGE('',*,*,#1860,.F.);
#2443=ORIENTED_EDGE('',*,*,#1861,.T.);
#2444=ORIENTED_EDGE('',*,*,#1851,.F.);
#2445=ORIENTED_EDGE('',*,*,#1862,.F.);
#2446=ORIENTED_EDGE('',*,*,#1863,.T.);
#2447=ORIENTED_EDGE('',*,*,#1859,.T.);
#2448=ORIENTED_EDGE('',*,*,#1846,.F.);
#2449=ORIENTED_EDGE('',*,*,#1864,.F.);
#2450=ORIENTED_EDGE('',*,*,#1865,.F.);
#2451=ORIENTED_EDGE('',*,*,#1862,.T.);
#2452=ORIENTED_EDGE('',*,*,#1759,.F.);
#2453=ORIENTED_EDGE('',*,*,#1866,.F.);
#2454=ORIENTED_EDGE('',*,*,#1867,.T.);
#2455=ORIENTED_EDGE('',*,*,#1868,.F.);
#2456=ORIENTED_EDGE('',*,*,#1829,.F.);
#2457=ORIENTED_EDGE('',*,*,#1869,.F.);
#2458=ORIENTED_EDGE('',*,*,#1870,.F.);
#2459=ORIENTED_EDGE('',*,*,#1866,.T.);
#2460=ORIENTED_EDGE('',*,*,#1827,.F.);
#2461=ORIENTED_EDGE('',*,*,#1871,.F.);
#2462=ORIENTED_EDGE('',*,*,#1872,.T.);
#2463=ORIENTED_EDGE('',*,*,#1869,.T.);
#2464=ORIENTED_EDGE('',*,*,#1822,.F.);
#2465=ORIENTED_EDGE('',*,*,#1873,.F.);
#2466=ORIENTED_EDGE('',*,*,#1874,.F.);
#2467=ORIENTED_EDGE('',*,*,#1871,.T.);
#2468=ORIENTED_EDGE('',*,*,#1818,.F.);
#2469=ORIENTED_EDGE('',*,*,#1875,.F.);
#2470=ORIENTED_EDGE('',*,*,#1876,.T.);
#2471=ORIENTED_EDGE('',*,*,#1873,.T.);
#2472=ORIENTED_EDGE('',*,*,#1805,.F.);
#2473=ORIENTED_EDGE('',*,*,#1802,.F.);
#2474=ORIENTED_EDGE('',*,*,#1810,.F.);
#2475=ORIENTED_EDGE('',*,*,#1877,.F.);
#2476=ORIENTED_EDGE('',*,*,#1771,.F.);
#2477=ORIENTED_EDGE('',*,*,#1775,.F.);
#2478=ORIENTED_EDGE('',*,*,#1782,.F.);
#2479=ORIENTED_EDGE('',*,*,#1781,.F.);
#2480=ORIENTED_EDGE('',*,*,#1783,.F.);
#2481=ORIENTED_EDGE('',*,*,#1787,.F.);
#2482=ORIENTED_EDGE('',*,*,#1794,.F.);
#2483=ORIENTED_EDGE('',*,*,#1793,.F.);
#2484=ORIENTED_EDGE('',*,*,#1803,.F.);
#2485=ORIENTED_EDGE('',*,*,#1808,.F.);
#2486=ORIENTED_EDGE('',*,*,#1795,.F.);
#2487=ORIENTED_EDGE('',*,*,#1809,.F.);
#2488=ORIENTED_EDGE('',*,*,#1804,.F.);
#2489=ORIENTED_EDGE('',*,*,#1812,.F.);
#2490=ORIENTED_EDGE('',*,*,#1817,.F.);
#2491=ORIENTED_EDGE('',*,*,#1824,.F.);
#2492=ORIENTED_EDGE('',*,*,#1826,.F.);
#2493=ORIENTED_EDGE('',*,*,#1828,.F.);
#2494=ORIENTED_EDGE('',*,*,#1757,.F.);
#2495=ORIENTED_EDGE('',*,*,#1839,.F.);
#2496=ORIENTED_EDGE('',*,*,#1845,.F.);
#2497=ORIENTED_EDGE('',*,*,#1853,.F.);
#2498=ORIENTED_EDGE('',*,*,#1855,.F.);
#2499=ORIENTED_EDGE('',*,*,#1857,.F.);
#2500=ORIENTED_EDGE('',*,*,#1849,.F.);
#2501=ORIENTED_EDGE('',*,*,#1843,.F.);
#2502=ORIENTED_EDGE('',*,*,#1837,.F.);
#2503=ORIENTED_EDGE('',*,*,#1834,.F.);
#2504=ORIENTED_EDGE('',*,*,#1768,.F.);
#2505=ORIENTED_EDGE('',*,*,#1780,.F.);
#2506=ORIENTED_EDGE('',*,*,#1776,.F.);
#2507=ORIENTED_EDGE('',*,*,#1792,.F.);
#2508=ORIENTED_EDGE('',*,*,#1788,.F.);
#2509=ORIENTED_EDGE('',*,*,#1807,.F.);
#2510=ORIENTED_EDGE('',*,*,#1878,.F.);
#2511=ORIENTED_EDGE('',*,*,#1879,.T.);
#2512=ORIENTED_EDGE('',*,*,#1880,.F.);
#2513=ORIENTED_EDGE('',*,*,#1860,.T.);
#2514=ORIENTED_EDGE('',*,*,#1863,.F.);
#2515=ORIENTED_EDGE('',*,*,#1865,.T.);
#2516=ORIENTED_EDGE('',*,*,#1881,.F.);
#2517=ORIENTED_EDGE('',*,*,#1867,.F.);
#2518=ORIENTED_EDGE('',*,*,#1870,.T.);
#2519=ORIENTED_EDGE('',*,*,#1872,.F.);
#2520=ORIENTED_EDGE('',*,*,#1874,.T.);
#2521=ORIENTED_EDGE('',*,*,#1876,.F.);
#2522=ORIENTED_EDGE('',*,*,#1848,.F.);
#2523=ORIENTED_EDGE('',*,*,#1882,.F.);
#2524=ORIENTED_EDGE('',*,*,#1879,.F.);
#2525=ORIENTED_EDGE('',*,*,#1883,.F.);
#2526=ORIENTED_EDGE('',*,*,#1858,.F.);
#2527=ORIENTED_EDGE('',*,*,#1861,.F.);
#2528=ORIENTED_EDGE('',*,*,#1880,.T.);
#2529=ORIENTED_EDGE('',*,*,#1882,.T.);
#2530=ORIENTED_EDGE('',*,*,#1767,.F.);
#2531=ORIENTED_EDGE('',*,*,#1884,.T.);
#2532=ORIENTED_EDGE('',*,*,#1832,.F.);
#2533=ORIENTED_EDGE('',*,*,#1770,.F.);
#2534=ORIENTED_EDGE('',*,*,#1748,.F.);
#2535=ORIENTED_EDGE('',*,*,#1885,.F.);
#2536=ORIENTED_EDGE('',*,*,#1886,.F.);
#2537=ORIENTED_EDGE('',*,*,#1755,.T.);
#2538=ORIENTED_EDGE('',*,*,#1750,.F.);
#2539=ORIENTED_EDGE('',*,*,#1754,.F.);
#2540=ORIENTED_EDGE('',*,*,#1887,.F.);
#2541=ORIENTED_EDGE('',*,*,#1885,.T.);
#2542=ORIENTED_EDGE('',*,*,#1735,.F.);
#2543=ORIENTED_EDGE('',*,*,#1888,.F.);
#2544=ORIENTED_EDGE('',*,*,#1889,.F.);
#2545=ORIENTED_EDGE('',*,*,#1742,.T.);
#2546=ORIENTED_EDGE('',*,*,#1737,.F.);
#2547=ORIENTED_EDGE('',*,*,#1741,.F.);
#2548=ORIENTED_EDGE('',*,*,#1890,.F.);
#2549=ORIENTED_EDGE('',*,*,#1888,.T.);
#2550=ORIENTED_EDGE('',*,*,#1722,.F.);
#2551=ORIENTED_EDGE('',*,*,#1891,.F.);
#2552=ORIENTED_EDGE('',*,*,#1892,.F.);
#2553=ORIENTED_EDGE('',*,*,#1729,.T.);
#2554=ORIENTED_EDGE('',*,*,#1724,.F.);
#2555=ORIENTED_EDGE('',*,*,#1728,.F.);
#2556=ORIENTED_EDGE('',*,*,#1893,.F.);
#2557=ORIENTED_EDGE('',*,*,#1891,.T.);
#2558=ORIENTED_EDGE('',*,*,#1709,.F.);
#2559=ORIENTED_EDGE('',*,*,#1894,.F.);
#2560=ORIENTED_EDGE('',*,*,#1895,.F.);
#2561=ORIENTED_EDGE('',*,*,#1716,.T.);
#2562=ORIENTED_EDGE('',*,*,#1711,.F.);
#2563=ORIENTED_EDGE('',*,*,#1715,.F.);
#2564=ORIENTED_EDGE('',*,*,#1896,.F.);
#2565=ORIENTED_EDGE('',*,*,#1894,.T.);
#2566=ORIENTED_EDGE('',*,*,#1696,.F.);
#2567=ORIENTED_EDGE('',*,*,#1897,.F.);
#2568=ORIENTED_EDGE('',*,*,#1898,.F.);
#2569=ORIENTED_EDGE('',*,*,#1703,.T.);
#2570=ORIENTED_EDGE('',*,*,#1698,.F.);
#2571=ORIENTED_EDGE('',*,*,#1702,.F.);
#2572=ORIENTED_EDGE('',*,*,#1899,.F.);
#2573=ORIENTED_EDGE('',*,*,#1897,.T.);
#2574=ORIENTED_EDGE('',*,*,#1683,.F.);
#2575=ORIENTED_EDGE('',*,*,#1900,.F.);
#2576=ORIENTED_EDGE('',*,*,#1901,.F.);
#2577=ORIENTED_EDGE('',*,*,#1690,.T.);
#2578=ORIENTED_EDGE('',*,*,#1685,.F.);
#2579=ORIENTED_EDGE('',*,*,#1689,.F.);
#2580=ORIENTED_EDGE('',*,*,#1902,.F.);
#2581=ORIENTED_EDGE('',*,*,#1900,.T.);
#2582=ORIENTED_EDGE('',*,*,#1670,.F.);
#2583=ORIENTED_EDGE('',*,*,#1903,.F.);
#2584=ORIENTED_EDGE('',*,*,#1904,.F.);
#2585=ORIENTED_EDGE('',*,*,#1677,.T.);
#2586=ORIENTED_EDGE('',*,*,#1672,.F.);
#2587=ORIENTED_EDGE('',*,*,#1676,.F.);
#2588=ORIENTED_EDGE('',*,*,#1905,.F.);
#2589=ORIENTED_EDGE('',*,*,#1903,.T.);
#2590=ORIENTED_EDGE('',*,*,#1657,.F.);
#2591=ORIENTED_EDGE('',*,*,#1906,.F.);
#2592=ORIENTED_EDGE('',*,*,#1907,.F.);
#2593=ORIENTED_EDGE('',*,*,#1664,.T.);
#2594=ORIENTED_EDGE('',*,*,#1659,.F.);
#2595=ORIENTED_EDGE('',*,*,#1663,.F.);
#2596=ORIENTED_EDGE('',*,*,#1908,.F.);
#2597=ORIENTED_EDGE('',*,*,#1906,.T.);
#2598=ORIENTED_EDGE('',*,*,#1600,.F.);
#2599=ORIENTED_EDGE('',*,*,#1909,.F.);
#2600=ORIENTED_EDGE('',*,*,#1910,.F.);
#2601=ORIENTED_EDGE('',*,*,#1609,.T.);
#2602=ORIENTED_EDGE('',*,*,#1603,.F.);
#2603=ORIENTED_EDGE('',*,*,#1608,.F.);
#2604=ORIENTED_EDGE('',*,*,#1911,.F.);
#2605=ORIENTED_EDGE('',*,*,#1909,.T.);
#2606=ORIENTED_EDGE('',*,*,#1607,.T.);
#2607=ORIENTED_EDGE('',*,*,#1610,.T.);
#2608=ORIENTED_EDGE('',*,*,#1910,.T.);
#2609=ORIENTED_EDGE('',*,*,#1911,.T.);
#2610=ORIENTED_EDGE('',*,*,#1662,.T.);
#2611=ORIENTED_EDGE('',*,*,#1665,.T.);
#2612=ORIENTED_EDGE('',*,*,#1907,.T.);
#2613=ORIENTED_EDGE('',*,*,#1908,.T.);
#2614=ORIENTED_EDGE('',*,*,#1675,.T.);
#2615=ORIENTED_EDGE('',*,*,#1678,.T.);
#2616=ORIENTED_EDGE('',*,*,#1904,.T.);
#2617=ORIENTED_EDGE('',*,*,#1905,.T.);
#2618=ORIENTED_EDGE('',*,*,#1688,.T.);
#2619=ORIENTED_EDGE('',*,*,#1691,.T.);
#2620=ORIENTED_EDGE('',*,*,#1901,.T.);
#2621=ORIENTED_EDGE('',*,*,#1902,.T.);
#2622=ORIENTED_EDGE('',*,*,#1701,.T.);
#2623=ORIENTED_EDGE('',*,*,#1704,.T.);
#2624=ORIENTED_EDGE('',*,*,#1898,.T.);
#2625=ORIENTED_EDGE('',*,*,#1899,.T.);
#2626=ORIENTED_EDGE('',*,*,#1714,.T.);
#2627=ORIENTED_EDGE('',*,*,#1717,.T.);
#2628=ORIENTED_EDGE('',*,*,#1895,.T.);
#2629=ORIENTED_EDGE('',*,*,#1896,.T.);
#2630=ORIENTED_EDGE('',*,*,#1727,.T.);
#2631=ORIENTED_EDGE('',*,*,#1730,.T.);
#2632=ORIENTED_EDGE('',*,*,#1892,.T.);
#2633=ORIENTED_EDGE('',*,*,#1893,.T.);
#2634=ORIENTED_EDGE('',*,*,#1740,.T.);
#2635=ORIENTED_EDGE('',*,*,#1743,.T.);
#2636=ORIENTED_EDGE('',*,*,#1889,.T.);
#2637=ORIENTED_EDGE('',*,*,#1890,.T.);
#2638=ORIENTED_EDGE('',*,*,#1753,.T.);
#2639=ORIENTED_EDGE('',*,*,#1756,.T.);
#2640=ORIENTED_EDGE('',*,*,#1886,.T.);
#2641=ORIENTED_EDGE('',*,*,#1887,.T.);
#2642=ORIENTED_EDGE('',*,*,#1842,.F.);
#2643=ORIENTED_EDGE('',*,*,#1883,.T.);
#2644=ORIENTED_EDGE('',*,*,#1878,.T.);
#2645=ORIENTED_EDGE('',*,*,#1864,.T.);
#2646=ORIENTED_EDGE('',*,*,#1840,.F.);
#2647=ORIENTED_EDGE('',*,*,#1868,.T.);
#2648=ORIENTED_EDGE('',*,*,#1881,.T.);
#2649=ORIENTED_EDGE('',*,*,#1875,.T.);
#2650=ORIENTED_EDGE('',*,*,#1813,.F.);
#2651=ORIENTED_EDGE('',*,*,#1877,.T.);
#2652=ORIENTED_EDGE('',*,*,#1815,.F.);
#2653=ORIENTED_EDGE('',*,*,#1912,.F.);
#2654=ORIENTED_EDGE('',*,*,#1836,.F.);
#2655=ORIENTED_EDGE('',*,*,#1912,.T.);
#2656=ORIENTED_EDGE('',*,*,#1820,.F.);
#2657=ORIENTED_EDGE('',*,*,#1913,.F.);
#2658=ORIENTED_EDGE('',*,*,#1833,.F.);
#2659=ORIENTED_EDGE('',*,*,#1913,.T.);
#2660=ORIENTED_EDGE('',*,*,#1830,.F.);
#2661=ORIENTED_EDGE('',*,*,#1884,.F.);
#2662=ORIENTED_EDGE('',*,*,#1914,.T.);
#2663=ORIENTED_EDGE('',*,*,#1915,.T.);
#2664=ORIENTED_EDGE('',*,*,#1916,.F.);
#2665=ORIENTED_EDGE('',*,*,#1917,.F.);
#2666=ORIENTED_EDGE('',*,*,#1918,.T.);
#2667=ORIENTED_EDGE('',*,*,#1917,.T.);
#2668=ORIENTED_EDGE('',*,*,#1919,.F.);
#2669=ORIENTED_EDGE('',*,*,#1920,.F.);
#2670=ORIENTED_EDGE('',*,*,#1921,.T.);
#2671=ORIENTED_EDGE('',*,*,#1920,.T.);
#2672=ORIENTED_EDGE('',*,*,#1922,.F.);
#2673=ORIENTED_EDGE('',*,*,#1923,.F.);
#2674=ORIENTED_EDGE('',*,*,#1924,.T.);
#2675=ORIENTED_EDGE('',*,*,#1923,.T.);
#2676=ORIENTED_EDGE('',*,*,#1925,.F.);
#2677=ORIENTED_EDGE('',*,*,#1915,.F.);
#2678=ORIENTED_EDGE('',*,*,#1925,.T.);
#2679=ORIENTED_EDGE('',*,*,#1922,.T.);
#2680=ORIENTED_EDGE('',*,*,#1919,.T.);
#2681=ORIENTED_EDGE('',*,*,#1916,.T.);
#2682=ORIENTED_EDGE('',*,*,#1924,.F.);
#2683=ORIENTED_EDGE('',*,*,#1914,.F.);
#2684=ORIENTED_EDGE('',*,*,#1918,.F.);
#2685=ORIENTED_EDGE('',*,*,#1921,.F.);
#2686=ORIENTED_EDGE('',*,*,#1926,.T.);
#2687=ORIENTED_EDGE('',*,*,#1927,.T.);
#2688=ORIENTED_EDGE('',*,*,#1928,.F.);
#2689=ORIENTED_EDGE('',*,*,#1929,.F.);
#2690=ORIENTED_EDGE('',*,*,#1930,.T.);
#2691=ORIENTED_EDGE('',*,*,#1929,.T.);
#2692=ORIENTED_EDGE('',*,*,#1931,.F.);
#2693=ORIENTED_EDGE('',*,*,#1932,.F.);
#2694=ORIENTED_EDGE('',*,*,#1933,.T.);
#2695=ORIENTED_EDGE('',*,*,#1932,.T.);
#2696=ORIENTED_EDGE('',*,*,#1934,.F.);
#2697=ORIENTED_EDGE('',*,*,#1935,.F.);
#2698=ORIENTED_EDGE('',*,*,#1936,.T.);
#2699=ORIENTED_EDGE('',*,*,#1935,.T.);
#2700=ORIENTED_EDGE('',*,*,#1937,.F.);
#2701=ORIENTED_EDGE('',*,*,#1927,.F.);
#2702=ORIENTED_EDGE('',*,*,#1937,.T.);
#2703=ORIENTED_EDGE('',*,*,#1934,.T.);
#2704=ORIENTED_EDGE('',*,*,#1931,.T.);
#2705=ORIENTED_EDGE('',*,*,#1928,.T.);
#2706=ORIENTED_EDGE('',*,*,#1936,.F.);
#2707=ORIENTED_EDGE('',*,*,#1926,.F.);
#2708=ORIENTED_EDGE('',*,*,#1930,.F.);
#2709=ORIENTED_EDGE('',*,*,#1933,.F.);
#2710=ORIENTED_EDGE('',*,*,#1938,.T.);
#2711=ORIENTED_EDGE('',*,*,#1939,.T.);
#2712=ORIENTED_EDGE('',*,*,#1940,.F.);
#2713=ORIENTED_EDGE('',*,*,#1941,.F.);
#2714=ORIENTED_EDGE('',*,*,#1942,.T.);
#2715=ORIENTED_EDGE('',*,*,#1941,.T.);
#2716=ORIENTED_EDGE('',*,*,#1943,.F.);
#2717=ORIENTED_EDGE('',*,*,#1944,.F.);
#2718=ORIENTED_EDGE('',*,*,#1945,.T.);
#2719=ORIENTED_EDGE('',*,*,#1944,.T.);
#2720=ORIENTED_EDGE('',*,*,#1946,.F.);
#2721=ORIENTED_EDGE('',*,*,#1947,.F.);
#2722=ORIENTED_EDGE('',*,*,#1948,.T.);
#2723=ORIENTED_EDGE('',*,*,#1947,.T.);
#2724=ORIENTED_EDGE('',*,*,#1949,.F.);
#2725=ORIENTED_EDGE('',*,*,#1939,.F.);
#2726=ORIENTED_EDGE('',*,*,#1949,.T.);
#2727=ORIENTED_EDGE('',*,*,#1946,.T.);
#2728=ORIENTED_EDGE('',*,*,#1943,.T.);
#2729=ORIENTED_EDGE('',*,*,#1940,.T.);
#2730=ORIENTED_EDGE('',*,*,#1948,.F.);
#2731=ORIENTED_EDGE('',*,*,#1938,.F.);
#2732=ORIENTED_EDGE('',*,*,#1942,.F.);
#2733=ORIENTED_EDGE('',*,*,#1945,.F.);
#2734=ORIENTED_EDGE('',*,*,#1950,.T.);
#2735=ORIENTED_EDGE('',*,*,#1951,.T.);
#2736=ORIENTED_EDGE('',*,*,#1952,.F.);
#2737=ORIENTED_EDGE('',*,*,#1953,.F.);
#2738=ORIENTED_EDGE('',*,*,#1954,.T.);
#2739=ORIENTED_EDGE('',*,*,#1953,.T.);
#2740=ORIENTED_EDGE('',*,*,#1955,.F.);
#2741=ORIENTED_EDGE('',*,*,#1956,.F.);
#2742=ORIENTED_EDGE('',*,*,#1957,.T.);
#2743=ORIENTED_EDGE('',*,*,#1956,.T.);
#2744=ORIENTED_EDGE('',*,*,#1958,.F.);
#2745=ORIENTED_EDGE('',*,*,#1959,.F.);
#2746=ORIENTED_EDGE('',*,*,#1960,.T.);
#2747=ORIENTED_EDGE('',*,*,#1959,.T.);
#2748=ORIENTED_EDGE('',*,*,#1961,.F.);
#2749=ORIENTED_EDGE('',*,*,#1951,.F.);
#2750=ORIENTED_EDGE('',*,*,#1961,.T.);
#2751=ORIENTED_EDGE('',*,*,#1958,.T.);
#2752=ORIENTED_EDGE('',*,*,#1955,.T.);
#2753=ORIENTED_EDGE('',*,*,#1952,.T.);
#2754=ORIENTED_EDGE('',*,*,#1960,.F.);
#2755=ORIENTED_EDGE('',*,*,#1950,.F.);
#2756=ORIENTED_EDGE('',*,*,#1954,.F.);
#2757=ORIENTED_EDGE('',*,*,#1957,.F.);
#2758=ORIENTED_EDGE('',*,*,#1962,.T.);
#2759=ORIENTED_EDGE('',*,*,#1963,.T.);
#2760=ORIENTED_EDGE('',*,*,#1964,.F.);
#2761=ORIENTED_EDGE('',*,*,#1965,.F.);
#2762=ORIENTED_EDGE('',*,*,#1966,.T.);
#2763=ORIENTED_EDGE('',*,*,#1965,.T.);
#2764=ORIENTED_EDGE('',*,*,#1967,.F.);
#2765=ORIENTED_EDGE('',*,*,#1968,.F.);
#2766=ORIENTED_EDGE('',*,*,#1969,.T.);
#2767=ORIENTED_EDGE('',*,*,#1968,.T.);
#2768=ORIENTED_EDGE('',*,*,#1970,.F.);
#2769=ORIENTED_EDGE('',*,*,#1971,.F.);
#2770=ORIENTED_EDGE('',*,*,#1972,.T.);
#2771=ORIENTED_EDGE('',*,*,#1971,.T.);
#2772=ORIENTED_EDGE('',*,*,#1973,.F.);
#2773=ORIENTED_EDGE('',*,*,#1963,.F.);
#2774=ORIENTED_EDGE('',*,*,#1973,.T.);
#2775=ORIENTED_EDGE('',*,*,#1970,.T.);
#2776=ORIENTED_EDGE('',*,*,#1967,.T.);
#2777=ORIENTED_EDGE('',*,*,#1964,.T.);
#2778=ORIENTED_EDGE('',*,*,#1972,.F.);
#2779=ORIENTED_EDGE('',*,*,#1962,.F.);
#2780=ORIENTED_EDGE('',*,*,#1966,.F.);
#2781=ORIENTED_EDGE('',*,*,#1969,.F.);
#2782=ORIENTED_EDGE('',*,*,#1974,.T.);
#2783=ORIENTED_EDGE('',*,*,#1975,.T.);
#2784=ORIENTED_EDGE('',*,*,#1976,.F.);
#2785=ORIENTED_EDGE('',*,*,#1977,.F.);
#2786=ORIENTED_EDGE('',*,*,#1978,.T.);
#2787=ORIENTED_EDGE('',*,*,#1977,.T.);
#2788=ORIENTED_EDGE('',*,*,#1979,.F.);
#2789=ORIENTED_EDGE('',*,*,#1980,.F.);
#2790=ORIENTED_EDGE('',*,*,#1981,.T.);
#2791=ORIENTED_EDGE('',*,*,#1980,.T.);
#2792=ORIENTED_EDGE('',*,*,#1982,.F.);
#2793=ORIENTED_EDGE('',*,*,#1983,.F.);
#2794=ORIENTED_EDGE('',*,*,#1984,.T.);
#2795=ORIENTED_EDGE('',*,*,#1983,.T.);
#2796=ORIENTED_EDGE('',*,*,#1985,.F.);
#2797=ORIENTED_EDGE('',*,*,#1975,.F.);
#2798=ORIENTED_EDGE('',*,*,#1985,.T.);
#2799=ORIENTED_EDGE('',*,*,#1982,.T.);
#2800=ORIENTED_EDGE('',*,*,#1979,.T.);
#2801=ORIENTED_EDGE('',*,*,#1976,.T.);
#2802=ORIENTED_EDGE('',*,*,#1984,.F.);
#2803=ORIENTED_EDGE('',*,*,#1974,.F.);
#2804=ORIENTED_EDGE('',*,*,#1978,.F.);
#2805=ORIENTED_EDGE('',*,*,#1981,.F.);
#2806=ORIENTED_EDGE('',*,*,#1986,.T.);
#2807=ORIENTED_EDGE('',*,*,#1987,.T.);
#2808=ORIENTED_EDGE('',*,*,#1988,.F.);
#2809=ORIENTED_EDGE('',*,*,#1989,.F.);
#2810=ORIENTED_EDGE('',*,*,#1990,.T.);
#2811=ORIENTED_EDGE('',*,*,#1989,.T.);
#2812=ORIENTED_EDGE('',*,*,#1991,.F.);
#2813=ORIENTED_EDGE('',*,*,#1992,.F.);
#2814=ORIENTED_EDGE('',*,*,#1993,.T.);
#2815=ORIENTED_EDGE('',*,*,#1992,.T.);
#2816=ORIENTED_EDGE('',*,*,#1994,.F.);
#2817=ORIENTED_EDGE('',*,*,#1995,.F.);
#2818=ORIENTED_EDGE('',*,*,#1996,.T.);
#2819=ORIENTED_EDGE('',*,*,#1995,.T.);
#2820=ORIENTED_EDGE('',*,*,#1997,.F.);
#2821=ORIENTED_EDGE('',*,*,#1987,.F.);
#2822=ORIENTED_EDGE('',*,*,#1997,.T.);
#2823=ORIENTED_EDGE('',*,*,#1994,.T.);
#2824=ORIENTED_EDGE('',*,*,#1991,.T.);
#2825=ORIENTED_EDGE('',*,*,#1988,.T.);
#2826=ORIENTED_EDGE('',*,*,#1996,.F.);
#2827=ORIENTED_EDGE('',*,*,#1986,.F.);
#2828=ORIENTED_EDGE('',*,*,#1990,.F.);
#2829=ORIENTED_EDGE('',*,*,#1993,.F.);
#2830=ORIENTED_EDGE('',*,*,#1998,.T.);
#2831=ORIENTED_EDGE('',*,*,#1999,.T.);
#2832=ORIENTED_EDGE('',*,*,#2000,.F.);
#2833=ORIENTED_EDGE('',*,*,#2001,.F.);
#2834=ORIENTED_EDGE('',*,*,#2002,.T.);
#2835=ORIENTED_EDGE('',*,*,#2001,.T.);
#2836=ORIENTED_EDGE('',*,*,#2003,.F.);
#2837=ORIENTED_EDGE('',*,*,#2004,.F.);
#2838=ORIENTED_EDGE('',*,*,#2005,.T.);
#2839=ORIENTED_EDGE('',*,*,#2004,.T.);
#2840=ORIENTED_EDGE('',*,*,#2006,.F.);
#2841=ORIENTED_EDGE('',*,*,#2007,.F.);
#2842=ORIENTED_EDGE('',*,*,#2008,.T.);
#2843=ORIENTED_EDGE('',*,*,#2007,.T.);
#2844=ORIENTED_EDGE('',*,*,#2009,.F.);
#2845=ORIENTED_EDGE('',*,*,#1999,.F.);
#2846=ORIENTED_EDGE('',*,*,#2009,.T.);
#2847=ORIENTED_EDGE('',*,*,#2006,.T.);
#2848=ORIENTED_EDGE('',*,*,#2003,.T.);
#2849=ORIENTED_EDGE('',*,*,#2000,.T.);
#2850=ORIENTED_EDGE('',*,*,#2008,.F.);
#2851=ORIENTED_EDGE('',*,*,#1998,.F.);
#2852=ORIENTED_EDGE('',*,*,#2002,.F.);
#2853=ORIENTED_EDGE('',*,*,#2005,.F.);
#2854=ORIENTED_EDGE('',*,*,#2010,.T.);
#2855=ORIENTED_EDGE('',*,*,#2011,.T.);
#2856=ORIENTED_EDGE('',*,*,#2012,.F.);
#2857=ORIENTED_EDGE('',*,*,#2013,.F.);
#2858=ORIENTED_EDGE('',*,*,#2014,.T.);
#2859=ORIENTED_EDGE('',*,*,#2013,.T.);
#2860=ORIENTED_EDGE('',*,*,#2015,.F.);
#2861=ORIENTED_EDGE('',*,*,#2016,.F.);
#2862=ORIENTED_EDGE('',*,*,#2017,.T.);
#2863=ORIENTED_EDGE('',*,*,#2016,.T.);
#2864=ORIENTED_EDGE('',*,*,#2018,.F.);
#2865=ORIENTED_EDGE('',*,*,#2019,.F.);
#2866=ORIENTED_EDGE('',*,*,#2020,.T.);
#2867=ORIENTED_EDGE('',*,*,#2019,.T.);
#2868=ORIENTED_EDGE('',*,*,#2021,.F.);
#2869=ORIENTED_EDGE('',*,*,#2011,.F.);
#2870=ORIENTED_EDGE('',*,*,#2021,.T.);
#2871=ORIENTED_EDGE('',*,*,#2018,.T.);
#2872=ORIENTED_EDGE('',*,*,#2015,.T.);
#2873=ORIENTED_EDGE('',*,*,#2012,.T.);
#2874=ORIENTED_EDGE('',*,*,#2020,.F.);
#2875=ORIENTED_EDGE('',*,*,#2010,.F.);
#2876=ORIENTED_EDGE('',*,*,#2014,.F.);
#2877=ORIENTED_EDGE('',*,*,#2017,.F.);
#2878=CYLINDRICAL_SURFACE('',#3166,1.);
#2879=CYLINDRICAL_SURFACE('',#3169,1.);
#2880=CYLINDRICAL_SURFACE('',#3171,1.);
#2881=CYLINDRICAL_SURFACE('',#3173,1.);
#2882=CYLINDRICAL_SURFACE('',#3179,1.);
#2883=CYLINDRICAL_SURFACE('',#3182,1.);
#2884=CYLINDRICAL_SURFACE('',#3184,1.);
#2885=CYLINDRICAL_SURFACE('',#3186,1.);
#2886=CYLINDRICAL_SURFACE('',#3189,1.);
#2887=CYLINDRICAL_SURFACE('',#3192,1.);
#2888=CYLINDRICAL_SURFACE('',#3194,1.);
#2889=CYLINDRICAL_SURFACE('',#3196,1.);
#2890=CYLINDRICAL_SURFACE('',#3199,1.);
#2891=CYLINDRICAL_SURFACE('',#3202,1.);
#2892=CYLINDRICAL_SURFACE('',#3204,1.);
#2893=CYLINDRICAL_SURFACE('',#3206,1.);
#2894=CYLINDRICAL_SURFACE('',#3209,1.);
#2895=CYLINDRICAL_SURFACE('',#3212,1.);
#2896=CYLINDRICAL_SURFACE('',#3214,1.);
#2897=CYLINDRICAL_SURFACE('',#3216,1.);
#2898=CYLINDRICAL_SURFACE('',#3219,1.);
#2899=CYLINDRICAL_SURFACE('',#3222,1.);
#2900=CYLINDRICAL_SURFACE('',#3224,1.);
#2901=CYLINDRICAL_SURFACE('',#3226,1.);
#2902=CYLINDRICAL_SURFACE('',#3229,1.);
#2903=CYLINDRICAL_SURFACE('',#3232,1.);
#2904=CYLINDRICAL_SURFACE('',#3234,1.);
#2905=CYLINDRICAL_SURFACE('',#3236,1.);
#2906=CYLINDRICAL_SURFACE('',#3239,1.);
#2907=CYLINDRICAL_SURFACE('',#3242,1.);
#2908=CYLINDRICAL_SURFACE('',#3244,1.);
#2909=CYLINDRICAL_SURFACE('',#3246,1.);
#2910=CYLINDRICAL_SURFACE('',#3249,1.);
#2911=CYLINDRICAL_SURFACE('',#3252,1.);
#2912=CYLINDRICAL_SURFACE('',#3254,1.);
#2913=CYLINDRICAL_SURFACE('',#3256,1.);
#2914=CYLINDRICAL_SURFACE('',#3259,1.);
#2915=CYLINDRICAL_SURFACE('',#3269,1.);
#2916=CYLINDRICAL_SURFACE('',#3271,1.);
#2917=CYLINDRICAL_SURFACE('',#3276,1.);
#2918=CYLINDRICAL_SURFACE('',#3282,1.);
#2919=CYLINDRICAL_SURFACE('',#3283,1.);
#2920=CYLINDRICAL_SURFACE('',#3288,1.);
#2921=CYLINDRICAL_SURFACE('',#3294,1.);
#2922=CYLINDRICAL_SURFACE('',#3295,1.);
#2923=CYLINDRICAL_SURFACE('',#3304,1.);
#2924=CYLINDRICAL_SURFACE('',#3305,1.);
#2925=CYLINDRICAL_SURFACE('',#3307,1.);
#2926=CYLINDRICAL_SURFACE('',#3308,1.);
#2927=CYLINDRICAL_SURFACE('',#3309,1.);
#2928=CYLINDRICAL_SURFACE('',#3311,1.);
#2929=CYLINDRICAL_SURFACE('',#3313,1.);
#2930=CYLINDRICAL_SURFACE('',#3315,1.);
#2931=CYLINDRICAL_SURFACE('',#3316,1.);
#2932=CYLINDRICAL_SURFACE('',#3322,1.);
#2933=CYLINDRICAL_SURFACE('',#3327,1.);
#2934=CYLINDRICAL_SURFACE('',#3329,1.);
#2935=CYLINDRICAL_SURFACE('',#3330,1.);
#2936=CYLINDRICAL_SURFACE('',#3332,1.);
#2937=CYLINDRICAL_SURFACE('',#3334,1.);
#2938=CYLINDRICAL_SURFACE('',#3336,1.);
#2939=CYLINDRICAL_SURFACE('',#3338,1.);
#2940=CYLINDRICAL_SURFACE('',#3339,1.);
#2941=CYLINDRICAL_SURFACE('',#3344,1.);
#2942=CYLINDRICAL_SURFACE('',#3350,2.25);
#2943=CYLINDRICAL_SURFACE('',#3354,2.25);
#2944=CYLINDRICAL_SURFACE('',#3357,2.25);
#2945=CYLINDRICAL_SURFACE('',#3369,2.25);
#2946=ADVANCED_FACE('',(#219),#2878,.T.);
#2947=ADVANCED_FACE('',(#220),#2879,.T.);
#2948=ADVANCED_FACE('',(#221),#2880,.T.);
#2949=ADVANCED_FACE('',(#222),#2881,.T.);
#2950=ADVANCED_FACE('',(#223),#102,.T.);
#2951=ADVANCED_FACE('',(#224),#103,.T.);
#2952=ADVANCED_FACE('',(#225,#49,#50,#51,#52,#53,#54,#55,#56,#57),#104,
 .T.);
#2953=ADVANCED_FACE('',(#226),#2882,.T.);
#2954=ADVANCED_FACE('',(#227),#2883,.T.);
#2955=ADVANCED_FACE('',(#228),#2884,.T.);
#2956=ADVANCED_FACE('',(#229),#2885,.T.);
#2957=ADVANCED_FACE('',(#230),#105,.T.);
#2958=ADVANCED_FACE('',(#231),#106,.T.);
#2959=ADVANCED_FACE('',(#232),#2886,.T.);
#2960=ADVANCED_FACE('',(#233),#2887,.T.);
#2961=ADVANCED_FACE('',(#234),#2888,.T.);
#2962=ADVANCED_FACE('',(#235),#2889,.T.);
#2963=ADVANCED_FACE('',(#236),#107,.T.);
#2964=ADVANCED_FACE('',(#237),#108,.T.);
#2965=ADVANCED_FACE('',(#238),#2890,.T.);
#2966=ADVANCED_FACE('',(#239),#2891,.T.);
#2967=ADVANCED_FACE('',(#240),#2892,.T.);
#2968=ADVANCED_FACE('',(#241),#2893,.T.);
#2969=ADVANCED_FACE('',(#242),#109,.T.);
#2970=ADVANCED_FACE('',(#243),#110,.T.);
#2971=ADVANCED_FACE('',(#244),#2894,.T.);
#2972=ADVANCED_FACE('',(#245),#2895,.T.);
#2973=ADVANCED_FACE('',(#246),#2896,.T.);
#2974=ADVANCED_FACE('',(#247),#2897,.T.);
#2975=ADVANCED_FACE('',(#248),#111,.T.);
#2976=ADVANCED_FACE('',(#249),#112,.T.);
#2977=ADVANCED_FACE('',(#250),#2898,.T.);
#2978=ADVANCED_FACE('',(#251),#2899,.T.);
#2979=ADVANCED_FACE('',(#252),#2900,.T.);
#2980=ADVANCED_FACE('',(#253),#2901,.T.);
#2981=ADVANCED_FACE('',(#254),#113,.T.);
#2982=ADVANCED_FACE('',(#255),#114,.T.);
#2983=ADVANCED_FACE('',(#256),#2902,.T.);
#2984=ADVANCED_FACE('',(#257),#2903,.T.);
#2985=ADVANCED_FACE('',(#258),#2904,.T.);
#2986=ADVANCED_FACE('',(#259),#2905,.T.);
#2987=ADVANCED_FACE('',(#260),#115,.T.);
#2988=ADVANCED_FACE('',(#261),#116,.T.);
#2989=ADVANCED_FACE('',(#262),#2906,.T.);
#2990=ADVANCED_FACE('',(#263),#2907,.T.);
#2991=ADVANCED_FACE('',(#264),#2908,.T.);
#2992=ADVANCED_FACE('',(#265),#2909,.T.);
#2993=ADVANCED_FACE('',(#266),#117,.T.);
#2994=ADVANCED_FACE('',(#267),#118,.T.);
#2995=ADVANCED_FACE('',(#268),#2910,.T.);
#2996=ADVANCED_FACE('',(#269),#2911,.T.);
#2997=ADVANCED_FACE('',(#270),#2912,.T.);
#2998=ADVANCED_FACE('',(#271),#2913,.T.);
#2999=ADVANCED_FACE('',(#272),#119,.T.);
#3000=ADVANCED_FACE('',(#273),#120,.T.);
#3001=ADVANCED_FACE('',(#274),#2914,.T.);
#3002=ADVANCED_FACE('',(#275),#41,.T.);
#3003=ADVANCED_FACE('',(#276),#42,.T.);
#3004=ADVANCED_FACE('',(#277),#2915,.T.);
#3005=ADVANCED_FACE('',(#278),#2916,.T.);
#3006=ADVANCED_FACE('',(#279),#33,.T.);
#3007=ADVANCED_FACE('',(#280),#2917,.T.);
#3008=ADVANCED_FACE('',(#281),#34,.T.);
#3009=ADVANCED_FACE('',(#282),#2918,.T.);
#3010=ADVANCED_FACE('',(#283),#2919,.F.);
#3011=ADVANCED_FACE('',(#284),#35,.T.);
#3012=ADVANCED_FACE('',(#285),#2920,.T.);
#3013=ADVANCED_FACE('',(#286),#36,.T.);
#3014=ADVANCED_FACE('',(#287),#2921,.T.);
#3015=ADVANCED_FACE('',(#288),#2922,.F.);
#3016=ADVANCED_FACE('',(#289),#43,.T.);
#3017=ADVANCED_FACE('',(#290),#44,.T.);
#3018=ADVANCED_FACE('',(#291),#2923,.T.);
#3019=ADVANCED_FACE('',(#292),#2924,.T.);
#3020=ADVANCED_FACE('',(#293),#2925,.T.);
#3021=ADVANCED_FACE('',(#294),#2926,.T.);
#3022=ADVANCED_FACE('',(#295),#2927,.T.);
#3023=ADVANCED_FACE('',(#296),#2928,.T.);
#3024=ADVANCED_FACE('',(#297),#2929,.T.);
#3025=ADVANCED_FACE('',(#298),#2930,.T.);
#3026=ADVANCED_FACE('',(#299),#2931,.T.);
#3027=ADVANCED_FACE('',(#300),#37,.T.);
#3028=ADVANCED_FACE('',(#301),#2932,.T.);
#3029=ADVANCED_FACE('',(#302),#38,.T.);
#3030=ADVANCED_FACE('',(#303),#2933,.T.);
#3031=ADVANCED_FACE('',(#304),#2934,.T.);
#3032=ADVANCED_FACE('',(#305),#2935,.T.);
#3033=ADVANCED_FACE('',(#306),#2936,.T.);
#3034=ADVANCED_FACE('',(#307),#2937,.T.);
#3035=ADVANCED_FACE('',(#308),#2938,.T.);
#3036=ADVANCED_FACE('',(#309),#2939,.T.);
#3037=ADVANCED_FACE('',(#310),#2940,.T.);
#3038=ADVANCED_FACE('',(#311),#39,.T.);
#3039=ADVANCED_FACE('',(#312),#2941,.T.);
#3040=ADVANCED_FACE('',(#313),#40,.T.);
#3041=ADVANCED_FACE('',(#314),#121,.F.);
#3042=ADVANCED_FACE('',(#315),#2942,.F.);
#3043=ADVANCED_FACE('',(#316),#122,.F.);
#3044=ADVANCED_FACE('',(#317),#123,.T.);
#3045=ADVANCED_FACE('',(#318),#2943,.F.);
#3046=ADVANCED_FACE('',(#319),#124,.T.);
#3047=ADVANCED_FACE('',(#320),#2944,.F.);
#3048=ADVANCED_FACE('',(#321),#125,.T.);
#3049=ADVANCED_FACE('',(#322),#126,.T.);
#3050=ADVANCED_FACE('',(#323),#127,.F.);
#3051=ADVANCED_FACE('',(#324),#128,.F.);
#3052=ADVANCED_FACE('',(#325),#129,.F.);
#3053=ADVANCED_FACE('',(#326),#130,.F.);
#3054=ADVANCED_FACE('',(#327),#131,.F.);
#3055=ADVANCED_FACE('',(#328),#132,.T.);
#3056=ADVANCED_FACE('',(#329),#133,.F.);
#3057=ADVANCED_FACE('',(#330),#2945,.F.);
#3058=ADVANCED_FACE('',(#331),#134,.T.);
#3059=ADVANCED_FACE('',(#332),#135,.T.);
#3060=ADVANCED_FACE('',(#333),#136,.T.);
#3061=ADVANCED_FACE('',(#334),#137,.T.);
#3062=ADVANCED_FACE('',(#335),#138,.T.);
#3063=ADVANCED_FACE('',(#336),#139,.T.);
#3064=ADVANCED_FACE('',(#337),#140,.T.);
#3065=ADVANCED_FACE('',(#338),#141,.T.);
#3066=ADVANCED_FACE('',(#339),#142,.T.);
#3067=ADVANCED_FACE('',(#340),#143,.T.);
#3068=ADVANCED_FACE('',(#341),#144,.T.);
#3069=ADVANCED_FACE('',(#342),#145,.T.);
#3070=ADVANCED_FACE('',(#343),#146,.T.);
#3071=ADVANCED_FACE('',(#344),#147,.T.);
#3072=ADVANCED_FACE('',(#345),#148,.T.);
#3073=ADVANCED_FACE('',(#346),#149,.T.);
#3074=ADVANCED_FACE('',(#347),#150,.T.);
#3075=ADVANCED_FACE('',(#348),#151,.T.);
#3076=ADVANCED_FACE('',(#349),#152,.T.);
#3077=ADVANCED_FACE('',(#350),#153,.T.);
#3078=ADVANCED_FACE('',(#351),#154,.T.);
#3079=ADVANCED_FACE('',(#352),#155,.T.);
#3080=ADVANCED_FACE('',(#353),#156,.T.);
#3081=ADVANCED_FACE('',(#354),#157,.T.);
#3082=ADVANCED_FACE('',(#355),#158,.T.);
#3083=ADVANCED_FACE('',(#356),#159,.T.);
#3084=ADVANCED_FACE('',(#357),#160,.T.);
#3085=ADVANCED_FACE('',(#358),#161,.T.);
#3086=ADVANCED_FACE('',(#359),#162,.T.);
#3087=ADVANCED_FACE('',(#360),#163,.T.);
#3088=ADVANCED_FACE('',(#361),#164,.T.);
#3089=ADVANCED_FACE('',(#362),#165,.T.);
#3090=ADVANCED_FACE('',(#363),#166,.T.);
#3091=ADVANCED_FACE('',(#364),#167,.T.);
#3092=ADVANCED_FACE('',(#365),#168,.T.);
#3093=ADVANCED_FACE('',(#366),#169,.T.);
#3094=ADVANCED_FACE('',(#367),#170,.F.);
#3095=ADVANCED_FACE('',(#368),#171,.T.);
#3096=ADVANCED_FACE('',(#369),#172,.T.);
#3097=ADVANCED_FACE('',(#370),#173,.T.);
#3098=ADVANCED_FACE('',(#371),#174,.T.);
#3099=ADVANCED_FACE('',(#372),#175,.T.);
#3100=ADVANCED_FACE('',(#373),#176,.F.);
#3101=ADVANCED_FACE('',(#374),#177,.T.);
#3102=ADVANCED_FACE('',(#375),#178,.T.);
#3103=ADVANCED_FACE('',(#376),#179,.T.);
#3104=ADVANCED_FACE('',(#377),#180,.T.);
#3105=ADVANCED_FACE('',(#378),#181,.T.);
#3106=ADVANCED_FACE('',(#379),#182,.F.);
#3107=ADVANCED_FACE('',(#380),#183,.T.);
#3108=ADVANCED_FACE('',(#381),#184,.T.);
#3109=ADVANCED_FACE('',(#382),#185,.T.);
#3110=ADVANCED_FACE('',(#383),#186,.T.);
#3111=ADVANCED_FACE('',(#384),#187,.T.);
#3112=ADVANCED_FACE('',(#385),#188,.F.);
#3113=ADVANCED_FACE('',(#386),#189,.T.);
#3114=ADVANCED_FACE('',(#387),#190,.T.);
#3115=ADVANCED_FACE('',(#388),#191,.T.);
#3116=ADVANCED_FACE('',(#389),#192,.T.);
#3117=ADVANCED_FACE('',(#390),#193,.T.);
#3118=ADVANCED_FACE('',(#391),#194,.F.);
#3119=ADVANCED_FACE('',(#392),#195,.T.);
#3120=ADVANCED_FACE('',(#393),#196,.T.);
#3121=ADVANCED_FACE('',(#394),#197,.T.);
#3122=ADVANCED_FACE('',(#395),#198,.T.);
#3123=ADVANCED_FACE('',(#396),#199,.T.);
#3124=ADVANCED_FACE('',(#397),#200,.F.);
#3125=ADVANCED_FACE('',(#398),#201,.T.);
#3126=ADVANCED_FACE('',(#399),#202,.T.);
#3127=ADVANCED_FACE('',(#400),#203,.T.);
#3128=ADVANCED_FACE('',(#401),#204,.T.);
#3129=ADVANCED_FACE('',(#402),#205,.T.);
#3130=ADVANCED_FACE('',(#403),#206,.F.);
#3131=ADVANCED_FACE('',(#404),#207,.T.);
#3132=ADVANCED_FACE('',(#405),#208,.T.);
#3133=ADVANCED_FACE('',(#406),#209,.T.);
#3134=ADVANCED_FACE('',(#407),#210,.T.);
#3135=ADVANCED_FACE('',(#408),#211,.T.);
#3136=ADVANCED_FACE('',(#409),#212,.F.);
#3137=ADVANCED_FACE('',(#410),#213,.T.);
#3138=ADVANCED_FACE('',(#411),#214,.T.);
#3139=ADVANCED_FACE('',(#412),#215,.T.);
#3140=ADVANCED_FACE('',(#413),#216,.T.);
#3141=ADVANCED_FACE('',(#414),#217,.T.);
#3142=ADVANCED_FACE('',(#415),#218,.F.);
#3143=CLOSED_SHELL('',(#2946,#2947,#2948,#2949,#2950,#2951,#2952,#2953,
#2954,#2955,#2956,#2957,#2958,#2959,#2960,#2961,#2962,#2963,#2964,#2965,
#2966,#2967,#2968,#2969,#2970,#2971,#2972,#2973,#2974,#2975,#2976,#2977,
#2978,#2979,#2980,#2981,#2982,#2983,#2984,#2985,#2986,#2987,#2988,#2989,
#2990,#2991,#2992,#2993,#2994,#2995,#2996,#2997,#2998,#2999,#3000,#3001,
#3002,#3003,#3004,#3005,#3006,#3007,#3008,#3009,#3010,#3011,#3012,#3013,
#3014,#3015,#3016,#3017,#3018,#3019,#3020,#3021,#3022,#3023,#3024,#3025,
#3026,#3027,#3028,#3029,#3030,#3031,#3032,#3033,#3034,#3035,#3036,#3037,
#3038,#3039,#3040,#3041,#3042,#3043,#3044,#3045,#3046,#3047,#3048,#3049,
#3050,#3051,#3052,#3053,#3054,#3055,#3056,#3057,#3058,#3059,#3060,#3061,
#3062,#3063,#3064,#3065,#3066,#3067,#3068,#3069,#3070,#3071,#3072,#3073,
#3074,#3075,#3076,#3077,#3078,#3079,#3080,#3081,#3082,#3083,#3084,#3085,
#3086,#3087,#3088));
#3144=CLOSED_SHELL('',(#3089,#3090,#3091,#3092,#3093,#3094));
#3145=CLOSED_SHELL('',(#3095,#3096,#3097,#3098,#3099,#3100));
#3146=CLOSED_SHELL('',(#3101,#3102,#3103,#3104,#3105,#3106));
#3147=CLOSED_SHELL('',(#3107,#3108,#3109,#3110,#3111,#3112));
#3148=CLOSED_SHELL('',(#3113,#3114,#3115,#3116,#3117,#3118));
#3149=CLOSED_SHELL('',(#3119,#3120,#3121,#3122,#3123,#3124));
#3150=CLOSED_SHELL('',(#3125,#3126,#3127,#3128,#3129,#3130));
#3151=CLOSED_SHELL('',(#3131,#3132,#3133,#3134,#3135,#3136));
#3152=CLOSED_SHELL('',(#3137,#3138,#3139,#3140,#3141,#3142));
#3153=DERIVED_UNIT_ELEMENT(#3155,1.);
#3154=DERIVED_UNIT_ELEMENT(#5310,-3.);
#3155=(
MASS_UNIT()
NAMED_UNIT(*)
SI_UNIT(.KILO.,.GRAM.)
);
#3156=DERIVED_UNIT((#3153,#3154));
#3157=MEASURE_REPRESENTATION_ITEM('density measure',
POSITIVE_RATIO_MEASURE(7850.),#3156);
#3158=PROPERTY_DEFINITION_REPRESENTATION(#3163,#3160);
#3159=PROPERTY_DEFINITION_REPRESENTATION(#3164,#3161);
#3160=REPRESENTATION('material name',(#3162),#5307);
#3161=REPRESENTATION('density',(#3157),#5307);
#3162=DESCRIPTIVE_REPRESENTATION_ITEM('Steel','Steel');
#3163=PROPERTY_DEFINITION('material property','material name',#5317);
#3164=PROPERTY_DEFINITION('material property','density of part',#5317);
#3165=AXIS2_PLACEMENT_3D('',#4367,#3455,#3456);
#3166=AXIS2_PLACEMENT_3D('',#4368,#3457,#3458);
#3167=AXIS2_PLACEMENT_3D('',#4373,#3460,#3461);
#3168=AXIS2_PLACEMENT_3D('',#4376,#3463,#3464);
#3169=AXIS2_PLACEMENT_3D('',#4377,#3465,#3466);
#3170=AXIS2_PLACEMENT_3D('',#4381,#3468,#3469);
#3171=AXIS2_PLACEMENT_3D('',#4383,#3471,#3472);
#3172=AXIS2_PLACEMENT_3D('',#4387,#3474,#3475);
#3173=AXIS2_PLACEMENT_3D('',#4389,#3477,#3478);
#3174=AXIS2_PLACEMENT_3D('',#4392,#3481,#3482);
#3175=AXIS2_PLACEMENT_3D('',#4398,#3486,#3487);
#3176=AXIS2_PLACEMENT_3D('',#4402,#3490,#3491);
#3177=AXIS2_PLACEMENT_3D('',#4405,#3492,#3493);
#3178=AXIS2_PLACEMENT_3D('',#4409,#3495,#3496);
#3179=AXIS2_PLACEMENT_3D('',#4487,#3536,#3537);
#3180=AXIS2_PLACEMENT_3D('',#4489,#3538,#3539);
#3181=AXIS2_PLACEMENT_3D('',#4492,#3541,#3542);
#3182=AXIS2_PLACEMENT_3D('',#4493,#3543,#3544);
#3183=AXIS2_PLACEMENT_3D('',#4495,#3545,#3546);
#3184=AXIS2_PLACEMENT_3D('',#4497,#3548,#3549);
#3185=AXIS2_PLACEMENT_3D('',#4499,#3550,#3551);
#3186=AXIS2_PLACEMENT_3D('',#4501,#3553,#3554);
#3187=AXIS2_PLACEMENT_3D('',#4503,#3556,#3557);
#3188=AXIS2_PLACEMENT_3D('',#4509,#3561,#3562);
#3189=AXIS2_PLACEMENT_3D('',#4513,#3565,#3566);
#3190=AXIS2_PLACEMENT_3D('',#4515,#3567,#3568);
#3191=AXIS2_PLACEMENT_3D('',#4518,#3570,#3571);
#3192=AXIS2_PLACEMENT_3D('',#4519,#3572,#3573);
#3193=AXIS2_PLACEMENT_3D('',#4521,#3574,#3575);
#3194=AXIS2_PLACEMENT_3D('',#4523,#3577,#3578);
#3195=AXIS2_PLACEMENT_3D('',#4525,#3579,#3580);
#3196=AXIS2_PLACEMENT_3D('',#4527,#3582,#3583);
#3197=AXIS2_PLACEMENT_3D('',#4529,#3585,#3586);
#3198=AXIS2_PLACEMENT_3D('',#4535,#3590,#3591);
#3199=AXIS2_PLACEMENT_3D('',#4539,#3594,#3595);
#3200=AXIS2_PLACEMENT_3D('',#4541,#3596,#3597);
#3201=AXIS2_PLACEMENT_3D('',#4544,#3599,#3600);
#3202=AXIS2_PLACEMENT_3D('',#4545,#3601,#3602);
#3203=AXIS2_PLACEMENT_3D('',#4547,#3603,#3604);
#3204=AXIS2_PLACEMENT_3D('',#4549,#3606,#3607);
#3205=AXIS2_PLACEMENT_3D('',#4551,#3608,#3609);
#3206=AXIS2_PLACEMENT_3D('',#4553,#3611,#3612);
#3207=AXIS2_PLACEMENT_3D('',#4555,#3614,#3615);
#3208=AXIS2_PLACEMENT_3D('',#4561,#3619,#3620);
#3209=AXIS2_PLACEMENT_3D('',#4565,#3623,#3624);
#3210=AXIS2_PLACEMENT_3D('',#4567,#3625,#3626);
#3211=AXIS2_PLACEMENT_3D('',#4570,#3628,#3629);
#3212=AXIS2_PLACEMENT_3D('',#4571,#3630,#3631);
#3213=AXIS2_PLACEMENT_3D('',#4573,#3632,#3633);
#3214=AXIS2_PLACEMENT_3D('',#4575,#3635,#3636);
#3215=AXIS2_PLACEMENT_3D('',#4577,#3637,#3638);
#3216=AXIS2_PLACEMENT_3D('',#4579,#3640,#3641);
#3217=AXIS2_PLACEMENT_3D('',#4581,#3643,#3644);
#3218=AXIS2_PLACEMENT_3D('',#4587,#3648,#3649);
#3219=AXIS2_PLACEMENT_3D('',#4591,#3652,#3653);
#3220=AXIS2_PLACEMENT_3D('',#4593,#3654,#3655);
#3221=AXIS2_PLACEMENT_3D('',#4596,#3657,#3658);
#3222=AXIS2_PLACEMENT_3D('',#4597,#3659,#3660);
#3223=AXIS2_PLACEMENT_3D('',#4599,#3661,#3662);
#3224=AXIS2_PLACEMENT_3D('',#4601,#3664,#3665);
#3225=AXIS2_PLACEMENT_3D('',#4603,#3666,#3667);
#3226=AXIS2_PLACEMENT_3D('',#4605,#3669,#3670);
#3227=AXIS2_PLACEMENT_3D('',#4607,#3672,#3673);
#3228=AXIS2_PLACEMENT_3D('',#4613,#3677,#3678);
#3229=AXIS2_PLACEMENT_3D('',#4617,#3681,#3682);
#3230=AXIS2_PLACEMENT_3D('',#4619,#3683,#3684);
#3231=AXIS2_PLACEMENT_3D('',#4622,#3686,#3687);
#3232=AXIS2_PLACEMENT_3D('',#4623,#3688,#3689);
#3233=AXIS2_PLACEMENT_3D('',#4625,#3690,#3691);
#3234=AXIS2_PLACEMENT_3D('',#4627,#3693,#3694);
#3235=AXIS2_PLACEMENT_3D('',#4629,#3695,#3696);
#3236=AXIS2_PLACEMENT_3D('',#4631,#3698,#3699);
#3237=AXIS2_PLACEMENT_3D('',#4633,#3701,#3702);
#3238=AXIS2_PLACEMENT_3D('',#4639,#3706,#3707);
#3239=AXIS2_PLACEMENT_3D('',#4643,#3710,#3711);
#3240=AXIS2_PLACEMENT_3D('',#4645,#3712,#3713);
#3241=AXIS2_PLACEMENT_3D('',#4648,#3715,#3716);
#3242=AXIS2_PLACEMENT_3D('',#4649,#3717,#3718);
#3243=AXIS2_PLACEMENT_3D('',#4651,#3719,#3720);
#3244=AXIS2_PLACEMENT_3D('',#4653,#3722,#3723);
#3245=AXIS2_PLACEMENT_3D('',#4655,#3724,#3725);
#3246=AXIS2_PLACEMENT_3D('',#4657,#3727,#3728);
#3247=AXIS2_PLACEMENT_3D('',#4659,#3730,#3731);
#3248=AXIS2_PLACEMENT_3D('',#4665,#3735,#3736);
#3249=AXIS2_PLACEMENT_3D('',#4669,#3739,#3740);
#3250=AXIS2_PLACEMENT_3D('',#4671,#3741,#3742);
#3251=AXIS2_PLACEMENT_3D('',#4674,#3744,#3745);
#3252=AXIS2_PLACEMENT_3D('',#4675,#3746,#3747);
#3253=AXIS2_PLACEMENT_3D('',#4677,#3748,#3749);
#3254=AXIS2_PLACEMENT_3D('',#4679,#3751,#3752);
#3255=AXIS2_PLACEMENT_3D('',#4681,#3753,#3754);
#3256=AXIS2_PLACEMENT_3D('',#4683,#3756,#3757);
#3257=AXIS2_PLACEMENT_3D('',#4685,#3759,#3760);
#3258=AXIS2_PLACEMENT_3D('',#4691,#3764,#3765);
#3259=AXIS2_PLACEMENT_3D('',#4695,#3768,#3769);
#3260=AXIS2_PLACEMENT_3D('',#4716,#3772,#3773);
#3261=AXIS2_PLACEMENT_3D('',#4717,#3774,#3775);
#3262=AXIS2_PLACEMENT_3D('',#4720,#3776,#3777);
#3263=AXIS2_PLACEMENT_3D('',#4721,#3778,#3779);
#3264=AXIS2_PLACEMENT_3D('',#4722,#3780,#3781);
#3265=AXIS2_PLACEMENT_3D('',#4723,#3782,#3783);
#3266=AXIS2_PLACEMENT_3D('',#4726,#3784,#3785);
#3267=AXIS2_PLACEMENT_3D('',#4728,#3786,#3787);
#3268=AXIS2_PLACEMENT_3D('',#4729,#3788,#3789);
#3269=AXIS2_PLACEMENT_3D('',#4730,#3790,#3791);
#3270=AXIS2_PLACEMENT_3D('',#4735,#3794,#3795);
#3271=AXIS2_PLACEMENT_3D('',#4736,#3796,#3797);
#3272=AXIS2_PLACEMENT_3D('',#4739,#3800,#3801);
#3273=AXIS2_PLACEMENT_3D('',#4742,#3802,#3803);
#3274=AXIS2_PLACEMENT_3D('',#4743,#3804,#3805);
#3275=AXIS2_PLACEMENT_3D('',#4744,#3806,#3807);
#3276=AXIS2_PLACEMENT_3D('',#4745,#3808,#3809);
#3277=AXIS2_PLACEMENT_3D('',#4747,#3811,#3812);
#3278=AXIS2_PLACEMENT_3D('',#4750,#3813,#3814);
#3279=AXIS2_PLACEMENT_3D('',#4752,#3815,#3816);
#3280=AXIS2_PLACEMENT_3D('',#4754,#3817,#3818);
#3281=AXIS2_PLACEMENT_3D('',#4755,#3819,#3820);
#3282=AXIS2_PLACEMENT_3D('',#4756,#3821,#3822);
#3283=AXIS2_PLACEMENT_3D('',#4759,#3825,#3826);
#3284=AXIS2_PLACEMENT_3D('',#4762,#3829,#3830);
#3285=AXIS2_PLACEMENT_3D('',#4765,#3831,#3832);
#3286=AXIS2_PLACEMENT_3D('',#4766,#3833,#3834);
#3287=AXIS2_PLACEMENT_3D('',#4767,#3835,#3836);
#3288=AXIS2_PLACEMENT_3D('',#4768,#3837,#3838);
#3289=AXIS2_PLACEMENT_3D('',#4770,#3840,#3841);
#3290=AXIS2_PLACEMENT_3D('',#4773,#3842,#3843);
#3291=AXIS2_PLACEMENT_3D('',#4775,#3844,#3845);
#3292=AXIS2_PLACEMENT_3D('',#4777,#3846,#3847);
#3293=AXIS2_PLACEMENT_3D('',#4778,#3848,#3849);
#3294=AXIS2_PLACEMENT_3D('',#4779,#3850,#3851);
#3295=AXIS2_PLACEMENT_3D('',#4782,#3854,#3855);
#3296=AXIS2_PLACEMENT_3D('',#4785,#3858,#3859);
#3297=AXIS2_PLACEMENT_3D('',#4787,#3860,#3861);
#3298=AXIS2_PLACEMENT_3D('',#4789,#3862,#3863);
#3299=AXIS2_PLACEMENT_3D('',#4790,#3864,#3865);
#3300=AXIS2_PLACEMENT_3D('',#4791,#3866,#3867);
#3301=AXIS2_PLACEMENT_3D('',#4794,#3868,#3869);
#3302=AXIS2_PLACEMENT_3D('',#4796,#3870,#3871);
#3303=AXIS2_PLACEMENT_3D('',#4797,#3872,#3873);
#3304=AXIS2_PLACEMENT_3D('',#4798,#3874,#3875);
#3305=AXIS2_PLACEMENT_3D('',#4801,#3878,#3879);
#3306=AXIS2_PLACEMENT_3D('',#4806,#3882,#3883);
#3307=AXIS2_PLACEMENT_3D('',#4807,#3884,#3885);
#3308=AXIS2_PLACEMENT_3D('',#4810,#3888,#3889);
#3309=AXIS2_PLACEMENT_3D('',#4812,#3891,#3892);
#3310=AXIS2_PLACEMENT_3D('',#4815,#3894,#3895);
#3311=AXIS2_PLACEMENT_3D('',#4816,#3896,#3897);
#3312=AXIS2_PLACEMENT_3D('',#4821,#3900,#3901);
#3313=AXIS2_PLACEMENT_3D('',#4822,#3902,#3903);
#3314=AXIS2_PLACEMENT_3D('',#4825,#3905,#3906);
#3315=AXIS2_PLACEMENT_3D('',#4826,#3907,#3908);
#3316=AXIS2_PLACEMENT_3D('',#4845,#3911,#3912);
#3317=AXIS2_PLACEMENT_3D('',#4848,#3914,#3915);
#3318=AXIS2_PLACEMENT_3D('',#4849,#3916,#3917);
#3319=AXIS2_PLACEMENT_3D('',#4851,#3918,#3919);
#3320=AXIS2_PLACEMENT_3D('',#4853,#3920,#3921);
#3321=AXIS2_PLACEMENT_3D('',#4854,#3922,#3923);
#3322=AXIS2_PLACEMENT_3D('',#4855,#3924,#3925);
#3323=AXIS2_PLACEMENT_3D('',#4858,#3926,#3927);
#3324=AXIS2_PLACEMENT_3D('',#4861,#3930,#3931);
#3325=AXIS2_PLACEMENT_3D('',#4862,#3932,#3933);
#3326=AXIS2_PLACEMENT_3D('',#4863,#3934,#3935);
#3327=AXIS2_PLACEMENT_3D('',#4864,#3936,#3937);
#3328=AXIS2_PLACEMENT_3D('',#4867,#3939,#3940);
#3329=AXIS2_PLACEMENT_3D('',#4868,#3941,#3942);
#3330=AXIS2_PLACEMENT_3D('',#4870,#3944,#3945);
#3331=AXIS2_PLACEMENT_3D('',#4875,#3948,#3949);
#3332=AXIS2_PLACEMENT_3D('',#4876,#3950,#3951);
#3333=AXIS2_PLACEMENT_3D('',#4881,#3954,#3955);
#3334=AXIS2_PLACEMENT_3D('',#4882,#3956,#3957);
#3335=AXIS2_PLACEMENT_3D('',#4887,#3960,#3961);
#3336=AXIS2_PLACEMENT_3D('',#4888,#3962,#3963);
#3337=AXIS2_PLACEMENT_3D('',#4893,#3966,#3967);
#3338=AXIS2_PLACEMENT_3D('',#4894,#3968,#3969);
#3339=AXIS2_PLACEMENT_3D('',#4913,#3972,#3973);
#3340=AXIS2_PLACEMENT_3D('',#4932,#3976,#3977);
#3341=AXIS2_PLACEMENT_3D('',#4934,#3978,#3979);
#3342=AXIS2_PLACEMENT_3D('',#4936,#3980,#3981);
#3343=AXIS2_PLACEMENT_3D('',#4937,#3982,#3983);
#3344=AXIS2_PLACEMENT_3D('',#4938,#3984,#3985);
#3345=AXIS2_PLACEMENT_3D('',#4941,#3986,#3987);
#3346=AXIS2_PLACEMENT_3D('',#4944,#3990,#3991);
#3347=AXIS2_PLACEMENT_3D('',#4945,#3992,#3993);
#3348=AXIS2_PLACEMENT_3D('',#4946,#3994,#3995);
#3349=AXIS2_PLACEMENT_3D('',#4947,#3996,#3997);
#3350=AXIS2_PLACEMENT_3D('',#4953,#4001,#4002);
#3351=AXIS2_PLACEMENT_3D('',#4956,#4004,#4005);
#3352=AXIS2_PLACEMENT_3D('',#4957,#4006,#4007);
#3353=AXIS2_PLACEMENT_3D('',#4961,#4010,#4011);
#3354=AXIS2_PLACEMENT_3D('',#4967,#4015,#4016);
#3355=AXIS2_PLACEMENT_3D('',#4970,#4018,#4019);
#3356=AXIS2_PLACEMENT_3D('',#4971,#4020,#4021);
#3357=AXIS2_PLACEMENT_3D('',#4975,#4024,#4025);
#3358=AXIS2_PLACEMENT_3D('',#4978,#4027,#4028);
#3359=AXIS2_PLACEMENT_3D('',#4979,#4029,#4030);
#3360=AXIS2_PLACEMENT_3D('',#4983,#4033,#4034);
#3361=AXIS2_PLACEMENT_3D('',#4985,#4036,#4037);
#3362=AXIS2_PLACEMENT_3D('',#4986,#4038,#4039);
#3363=AXIS2_PLACEMENT_3D('',#4987,#4040,#4041);
#3364=AXIS2_PLACEMENT_3D('',#4988,#4042,#4043);
#3365=AXIS2_PLACEMENT_3D('',#4989,#4044,#4045);
#3366=AXIS2_PLACEMENT_3D('',#4994,#4048,#4049);
#3367=AXIS2_PLACEMENT_3D('',#4995,#4050,#4051);
#3368=AXIS2_PLACEMENT_3D('',#4997,#4053,#4054);
#3369=AXIS2_PLACEMENT_3D('',#5000,#4057,#4058);
#3370=AXIS2_PLACEMENT_3D('',#5001,#4059,#4060);
#3371=AXIS2_PLACEMENT_3D('',#5003,#4062,#4063);
#3372=AXIS2_PLACEMENT_3D('',#5007,#4066,#4067);
#3373=AXIS2_PLACEMENT_3D('',#5009,#4069,#4070);
#3374=AXIS2_PLACEMENT_3D('',#5013,#4073,#4074);
#3375=AXIS2_PLACEMENT_3D('',#5015,#4076,#4077);
#3376=AXIS2_PLACEMENT_3D('',#5019,#4080,#4081);
#3377=AXIS2_PLACEMENT_3D('',#5021,#4083,#4084);
#3378=AXIS2_PLACEMENT_3D('',#5025,#4087,#4088);
#3379=AXIS2_PLACEMENT_3D('',#5027,#4090,#4091);
#3380=AXIS2_PLACEMENT_3D('',#5031,#4094,#4095);
#3381=AXIS2_PLACEMENT_3D('',#5033,#4097,#4098);
#3382=AXIS2_PLACEMENT_3D('',#5037,#4101,#4102);
#3383=AXIS2_PLACEMENT_3D('',#5039,#4104,#4105);
#3384=AXIS2_PLACEMENT_3D('',#5043,#4108,#4109);
#3385=AXIS2_PLACEMENT_3D('',#5045,#4111,#4112);
#3386=AXIS2_PLACEMENT_3D('',#5049,#4115,#4116);
#3387=AXIS2_PLACEMENT_3D('',#5051,#4118,#4119);
#3388=AXIS2_PLACEMENT_3D('',#5055,#4122,#4123);
#3389=AXIS2_PLACEMENT_3D('',#5057,#4125,#4126);
#3390=AXIS2_PLACEMENT_3D('',#5058,#4127,#4128);
#3391=AXIS2_PLACEMENT_3D('',#5059,#4129,#4130);
#3392=AXIS2_PLACEMENT_3D('',#5060,#4131,#4132);
#3393=AXIS2_PLACEMENT_3D('',#5061,#4133,#4134);
#3394=AXIS2_PLACEMENT_3D('',#5062,#4135,#4136);
#3395=AXIS2_PLACEMENT_3D('',#5063,#4137,#4138);
#3396=AXIS2_PLACEMENT_3D('',#5064,#4139,#4140);
#3397=AXIS2_PLACEMENT_3D('',#5065,#4141,#4142);
#3398=AXIS2_PLACEMENT_3D('',#5066,#4143,#4144);
#3399=AXIS2_PLACEMENT_3D('',#5068,#4146,#4147);
#3400=AXIS2_PLACEMENT_3D('',#5070,#4149,#4150);
#3401=AXIS2_PLACEMENT_3D('',#5071,#4151,#4152);
#3402=AXIS2_PLACEMENT_3D('',#5080,#4157,#4158);
#3403=AXIS2_PLACEMENT_3D('',#5086,#4162,#4163);
#3404=AXIS2_PLACEMENT_3D('',#5092,#4167,#4168);
#3405=AXIS2_PLACEMENT_3D('',#5095,#4171,#4172);
#3406=AXIS2_PLACEMENT_3D('',#5096,#4173,#4174);
#3407=AXIS2_PLACEMENT_3D('',#5097,#4175,#4176);
#3408=AXIS2_PLACEMENT_3D('',#5106,#4181,#4182);
#3409=AXIS2_PLACEMENT_3D('',#5112,#4186,#4187);
#3410=AXIS2_PLACEMENT_3D('',#5118,#4191,#4192);
#3411=AXIS2_PLACEMENT_3D('',#5121,#4195,#4196);
#3412=AXIS2_PLACEMENT_3D('',#5122,#4197,#4198);
#3413=AXIS2_PLACEMENT_3D('',#5123,#4199,#4200);
#3414=AXIS2_PLACEMENT_3D('',#5132,#4205,#4206);
#3415=AXIS2_PLACEMENT_3D('',#5138,#4210,#4211);
#3416=AXIS2_PLACEMENT_3D('',#5144,#4215,#4216);
#3417=AXIS2_PLACEMENT_3D('',#5147,#4219,#4220);
#3418=AXIS2_PLACEMENT_3D('',#5148,#4221,#4222);
#3419=AXIS2_PLACEMENT_3D('',#5149,#4223,#4224);
#3420=AXIS2_PLACEMENT_3D('',#5158,#4229,#4230);
#3421=AXIS2_PLACEMENT_3D('',#5164,#4234,#4235);
#3422=AXIS2_PLACEMENT_3D('',#5170,#4239,#4240);
#3423=AXIS2_PLACEMENT_3D('',#5173,#4243,#4244);
#3424=AXIS2_PLACEMENT_3D('',#5174,#4245,#4246);
#3425=AXIS2_PLACEMENT_3D('',#5175,#4247,#4248);
#3426=AXIS2_PLACEMENT_3D('',#5184,#4253,#4254);
#3427=AXIS2_PLACEMENT_3D('',#5190,#4258,#4259);
#3428=AXIS2_PLACEMENT_3D('',#5196,#4263,#4264);
#3429=AXIS2_PLACEMENT_3D('',#5199,#4267,#4268);
#3430=AXIS2_PLACEMENT_3D('',#5200,#4269,#4270);
#3431=AXIS2_PLACEMENT_3D('',#5201,#4271,#4272);
#3432=AXIS2_PLACEMENT_3D('',#5210,#4277,#4278);
#3433=AXIS2_PLACEMENT_3D('',#5216,#4282,#4283);
#3434=AXIS2_PLACEMENT_3D('',#5222,#4287,#4288);
#3435=AXIS2_PLACEMENT_3D('',#5225,#4291,#4292);
#3436=AXIS2_PLACEMENT_3D('',#5226,#4293,#4294);
#3437=AXIS2_PLACEMENT_3D('',#5227,#4295,#4296);
#3438=AXIS2_PLACEMENT_3D('',#5236,#4301,#4302);
#3439=AXIS2_PLACEMENT_3D('',#5242,#4306,#4307);
#3440=AXIS2_PLACEMENT_3D('',#5248,#4311,#4312);
#3441=AXIS2_PLACEMENT_3D('',#5251,#4315,#4316);
#3442=AXIS2_PLACEMENT_3D('',#5252,#4317,#4318);
#3443=AXIS2_PLACEMENT_3D('',#5253,#4319,#4320);
#3444=AXIS2_PLACEMENT_3D('',#5262,#4325,#4326);
#3445=AXIS2_PLACEMENT_3D('',#5268,#4330,#4331);
#3446=AXIS2_PLACEMENT_3D('',#5274,#4335,#4336);
#3447=AXIS2_PLACEMENT_3D('',#5277,#4339,#4340);
#3448=AXIS2_PLACEMENT_3D('',#5278,#4341,#4342);
#3449=AXIS2_PLACEMENT_3D('',#5279,#4343,#4344);
#3450=AXIS2_PLACEMENT_3D('',#5288,#4349,#4350);
#3451=AXIS2_PLACEMENT_3D('',#5294,#4354,#4355);
#3452=AXIS2_PLACEMENT_3D('',#5300,#4359,#4360);
#3453=AXIS2_PLACEMENT_3D('',#5303,#4363,#4364);
#3454=AXIS2_PLACEMENT_3D('',#5304,#4365,#4366);
#3455=DIRECTION('axis',(0.,0.,1.));
#3456=DIRECTION('refdir',(1.,0.,0.));
#3457=DIRECTION('center_axis',(0.,1.,0.));
#3458=DIRECTION('ref_axis',(0.707106781186547,0.,0.707106781186548));
#3459=DIRECTION('',(0.,-1.,0.));
#3460=DIRECTION('center_axis',(-0.707106781186548,0.707106781186548,0.));
#3461=DIRECTION('ref_axis',(-0.707106781186547,-0.707106781186547,0.));
#3462=DIRECTION('',(0.,1.,0.));
#3463=DIRECTION('center_axis',(0.707106781186554,0.707106781186541,0.));
#3464=DIRECTION('ref_axis',(-0.707106781186541,0.707106781186554,0.));
#3465=DIRECTION('center_axis',(-1.,0.,0.));
#3466=DIRECTION('ref_axis',(0.,0.70710678118654,0.707106781186555));
#3467=DIRECTION('',(1.,0.,0.));
#3468=DIRECTION('center_axis',(-0.707106781186548,-0.707106781186548,0.));
#3469=DIRECTION('ref_axis',(0.707106781186548,-0.707106781186548,0.));
#3470=DIRECTION('',(-1.,0.,0.));
#3471=DIRECTION('center_axis',(0.,-1.,0.));
#3472=DIRECTION('ref_axis',(-0.70710678118654,0.,0.707106781186555));
#3473=DIRECTION('',(0.,1.,0.));
#3474=DIRECTION('center_axis',(0.707106781186554,-0.707106781186541,0.));
#3475=DIRECTION('ref_axis',(0.707106781186541,0.707106781186554,0.));
#3476=DIRECTION('',(0.,-1.,0.));
#3477=DIRECTION('center_axis',(1.,0.,0.));
#3478=DIRECTION('ref_axis',(0.,-0.707106781186553,0.707106781186542));
#3479=DIRECTION('',(1.,0.,0.));
#3480=DIRECTION('',(-1.,0.,0.));
#3481=DIRECTION('center_axis',(0.,-1.,0.));
#3482=DIRECTION('ref_axis',(1.,0.,0.));
#3483=DIRECTION('',(0.,0.,1.));
#3484=DIRECTION('',(-1.,0.,0.));
#3485=DIRECTION('',(0.,0.,1.));
#3486=DIRECTION('center_axis',(1.,0.,0.));
#3487=DIRECTION('ref_axis',(0.,1.,0.));
#3488=DIRECTION('',(0.,0.,1.));
#3489=DIRECTION('',(0.,-1.,0.));
#3490=DIRECTION('center_axis',(0.,0.,1.));
#3491=DIRECTION('ref_axis',(1.,0.,0.));
#3492=DIRECTION('center_axis',(0.,0.,1.));
#3493=DIRECTION('ref_axis',(-0.707106781186546,0.707106781186549,0.));
#3494=DIRECTION('',(-1.,0.,0.));
#3495=DIRECTION('center_axis',(0.,0.,1.));
#3496=DIRECTION('ref_axis',(0.707106781186552,0.707106781186543,0.));
#3497=DIRECTION('',(0.,1.,0.));
#3498=DIRECTION('',(-1.,0.,0.));
#3499=DIRECTION('',(0.,-1.,0.));
#3500=DIRECTION('',(1.,0.,0.));
#3501=DIRECTION('',(0.,1.,0.));
#3502=DIRECTION('',(-1.,0.,0.));
#3503=DIRECTION('',(0.,-1.,0.));
#3504=DIRECTION('',(0.,-1.,0.));
#3505=DIRECTION('',(-1.,0.,0.));
#3506=DIRECTION('',(0.,1.,0.));
#3507=DIRECTION('',(1.,0.,0.));
#3508=DIRECTION('',(0.,-1.,0.));
#3509=DIRECTION('',(-1.,0.,0.));
#3510=DIRECTION('',(0.,1.,0.));
#3511=DIRECTION('',(1.,0.,0.));
#3512=DIRECTION('',(-1.,-1.61486985400023E-16,0.));
#3513=DIRECTION('',(-1.61486985400023E-16,1.,0.));
#3514=DIRECTION('',(1.,0.,0.));
#3515=DIRECTION('',(0.,-1.,0.));
#3516=DIRECTION('',(0.,-1.,0.));
#3517=DIRECTION('',(-1.,0.,0.));
#3518=DIRECTION('',(-1.61486985400023E-16,1.,0.));
#3519=DIRECTION('',(1.,0.,0.));
#3520=DIRECTION('',(0.,-1.,0.));
#3521=DIRECTION('',(-1.,0.,0.));
#3522=DIRECTION('',(-1.61486985400023E-16,1.,0.));
#3523=DIRECTION('',(1.,0.,0.));
#3524=DIRECTION('',(0.,-1.,0.));
#3525=DIRECTION('',(-1.,-1.61486985400023E-16,0.));
#3526=DIRECTION('',(0.,1.,0.));
#3527=DIRECTION('',(1.,0.,0.));
#3528=DIRECTION('',(0.,-1.,0.));
#3529=DIRECTION('',(-1.,0.,0.));
#3530=DIRECTION('',(0.,1.,0.));
#3531=DIRECTION('',(1.,0.,0.));
#3532=DIRECTION('',(0.,-1.,0.));
#3533=DIRECTION('',(-1.,-1.61486985400023E-16,0.));
#3534=DIRECTION('',(0.,1.,0.));
#3535=DIRECTION('',(1.,0.,0.));
#3536=DIRECTION('center_axis',(0.,1.,0.));
#3537=DIRECTION('ref_axis',(0.70710678118654,0.,0.707106781186555));
#3538=DIRECTION('center_axis',(-0.707106781186548,0.707106781186548,0.));
#3539=DIRECTION('ref_axis',(-0.707106781186548,-0.707106781186548,0.));
#3540=DIRECTION('',(0.,1.,0.));
#3541=DIRECTION('center_axis',(0.707106781186554,0.707106781186541,0.));
#3542=DIRECTION('ref_axis',(-0.707106781186541,0.707106781186554,0.));
#3543=DIRECTION('center_axis',(-1.,0.,0.));
#3544=DIRECTION('ref_axis',(0.,0.70710678118654,0.707106781186555));
#3545=DIRECTION('center_axis',(-0.707106781186541,-0.707106781186554,0.));
#3546=DIRECTION('ref_axis',(0.707106781186554,-0.707106781186541,0.));
#3547=DIRECTION('',(-1.,0.,0.));
#3548=DIRECTION('center_axis',(0.,-1.,0.));
#3549=DIRECTION('ref_axis',(-0.707106781186553,0.,0.707106781186542));
#3550=DIRECTION('center_axis',(0.707106781186548,-0.707106781186548,0.));
#3551=DIRECTION('ref_axis',(0.707106781186548,0.707106781186548,0.));
#3552=DIRECTION('',(0.,-1.,0.));
#3553=DIRECTION('center_axis',(1.,0.,0.));
#3554=DIRECTION('ref_axis',(0.,-0.707106781186553,0.707106781186542));
#3555=DIRECTION('',(1.,0.,0.));
#3556=DIRECTION('center_axis',(0.,-1.,0.));
#3557=DIRECTION('ref_axis',(1.,0.,0.));
#3558=DIRECTION('',(0.,0.,1.));
#3559=DIRECTION('',(-1.,0.,0.));
#3560=DIRECTION('',(0.,0.,1.));
#3561=DIRECTION('center_axis',(1.,0.,0.));
#3562=DIRECTION('ref_axis',(0.,1.,0.));
#3563=DIRECTION('',(0.,0.,1.));
#3564=DIRECTION('',(0.,-1.,0.));
#3565=DIRECTION('center_axis',(0.,1.,0.));
#3566=DIRECTION('ref_axis',(0.707106781186547,0.,0.707106781186548));
#3567=DIRECTION('center_axis',(-0.707106781186548,0.707106781186547,0.));
#3568=DIRECTION('ref_axis',(-0.707106781186547,-0.707106781186548,0.));
#3569=DIRECTION('',(0.,1.,0.));
#3570=DIRECTION('center_axis',(0.707106781186548,0.707106781186548,0.));
#3571=DIRECTION('ref_axis',(-0.707106781186548,0.707106781186548,0.));
#3572=DIRECTION('center_axis',(-1.,0.,0.));
#3573=DIRECTION('ref_axis',(0.,0.707106781186547,0.707106781186548));
#3574=DIRECTION('center_axis',(-0.707106781186548,-0.707106781186547,0.));
#3575=DIRECTION('ref_axis',(0.707106781186547,-0.707106781186548,0.));
#3576=DIRECTION('',(-1.,0.,0.));
#3577=DIRECTION('center_axis',(0.,-1.,0.));
#3578=DIRECTION('ref_axis',(-0.70710678118654,0.,0.707106781186555));
#3579=DIRECTION('center_axis',(0.707106781186548,-0.707106781186548,0.));
#3580=DIRECTION('ref_axis',(0.707106781186548,0.707106781186548,0.));
#3581=DIRECTION('',(0.,-1.,0.));
#3582=DIRECTION('center_axis',(1.,1.61486985400023E-16,0.));
#3583=DIRECTION('ref_axis',(0.,-0.707106781186547,0.707106781186548));
#3584=DIRECTION('',(1.,1.61486985400023E-16,0.));
#3585=DIRECTION('center_axis',(1.61486985400023E-16,-1.,0.));
#3586=DIRECTION('ref_axis',(1.,1.61486985400023E-16,0.));
#3587=DIRECTION('',(0.,0.,1.));
#3588=DIRECTION('',(-1.,-1.61486985400023E-16,0.));
#3589=DIRECTION('',(0.,0.,1.));
#3590=DIRECTION('center_axis',(1.,0.,0.));
#3591=DIRECTION('ref_axis',(0.,1.,0.));
#3592=DIRECTION('',(0.,0.,1.));
#3593=DIRECTION('',(0.,-1.,0.));
#3594=DIRECTION('center_axis',(0.,1.,0.));
#3595=DIRECTION('ref_axis',(0.70710678118654,0.,0.707106781186555));
#3596=DIRECTION('center_axis',(-0.707106781186548,0.707106781186548,0.));
#3597=DIRECTION('ref_axis',(-0.707106781186548,-0.707106781186548,0.));
#3598=DIRECTION('',(0.,1.,0.));
#3599=DIRECTION('center_axis',(0.707106781186548,0.707106781186548,0.));
#3600=DIRECTION('ref_axis',(-0.707106781186548,0.707106781186548,0.));
#3601=DIRECTION('center_axis',(-1.,0.,0.));
#3602=DIRECTION('ref_axis',(0.,0.707106781186547,0.707106781186548));
#3603=DIRECTION('center_axis',(-0.707106781186541,-0.707106781186554,0.));
#3604=DIRECTION('ref_axis',(0.707106781186554,-0.707106781186541,0.));
#3605=DIRECTION('',(-1.,0.,0.));
#3606=DIRECTION('center_axis',(0.,-1.,0.));
#3607=DIRECTION('ref_axis',(-0.707106781186553,0.,0.707106781186542));
#3608=DIRECTION('center_axis',(0.707106781186541,-0.707106781186554,0.));
#3609=DIRECTION('ref_axis',(0.707106781186554,0.707106781186541,0.));
#3610=DIRECTION('',(0.,-1.,0.));
#3611=DIRECTION('center_axis',(1.,0.,0.));
#3612=DIRECTION('ref_axis',(0.,-0.70710678118654,0.707106781186555));
#3613=DIRECTION('',(1.,0.,0.));
#3614=DIRECTION('center_axis',(0.,-1.,0.));
#3615=DIRECTION('ref_axis',(1.,0.,0.));
#3616=DIRECTION('',(0.,0.,1.));
#3617=DIRECTION('',(-1.,0.,0.));
#3618=DIRECTION('',(0.,0.,1.));
#3619=DIRECTION('center_axis',(1.,0.,0.));
#3620=DIRECTION('ref_axis',(0.,1.,0.));
#3621=DIRECTION('',(0.,0.,1.));
#3622=DIRECTION('',(0.,-1.,0.));
#3623=DIRECTION('center_axis',(0.,1.,0.));
#3624=DIRECTION('ref_axis',(0.707106781186547,0.,0.707106781186548));
#3625=DIRECTION('center_axis',(-0.707106781186548,0.707106781186548,0.));
#3626=DIRECTION('ref_axis',(-0.707106781186547,-0.707106781186547,0.));
#3627=DIRECTION('',(0.,1.,0.));
#3628=DIRECTION('center_axis',(0.707106781186548,0.707106781186548,0.));
#3629=DIRECTION('ref_axis',(-0.707106781186548,0.707106781186548,0.));
#3630=DIRECTION('center_axis',(-1.,0.,0.));
#3631=DIRECTION('ref_axis',(0.,0.707106781186547,0.707106781186548));
#3632=DIRECTION('center_axis',(-0.707106781186548,-0.707106781186548,0.));
#3633=DIRECTION('ref_axis',(0.707106781186547,-0.707106781186547,0.));
#3634=DIRECTION('',(-1.,0.,0.));
#3635=DIRECTION('center_axis',(0.,-1.,0.));
#3636=DIRECTION('ref_axis',(-0.70710678118654,0.,0.707106781186555));
#3637=DIRECTION('center_axis',(0.707106781186548,-0.707106781186548,0.));
#3638=DIRECTION('ref_axis',(0.707106781186548,0.707106781186548,0.));
#3639=DIRECTION('',(0.,-1.,0.));
#3640=DIRECTION('center_axis',(1.,0.,0.));
#3641=DIRECTION('ref_axis',(0.,-0.70710678118654,0.707106781186555));
#3642=DIRECTION('',(1.,0.,0.));
#3643=DIRECTION('center_axis',(0.,-1.,0.));
#3644=DIRECTION('ref_axis',(1.,0.,0.));
#3645=DIRECTION('',(0.,0.,1.));
#3646=DIRECTION('',(-1.,0.,0.));
#3647=DIRECTION('',(0.,0.,1.));
#3648=DIRECTION('center_axis',(1.,0.,0.));
#3649=DIRECTION('ref_axis',(0.,1.,0.));
#3650=DIRECTION('',(0.,0.,1.));
#3651=DIRECTION('',(0.,-1.,0.));
#3652=DIRECTION('center_axis',(1.,1.61486985400023E-16,0.));
#3653=DIRECTION('ref_axis',(0.,-0.707106781186547,0.707106781186548));
#3654=DIRECTION('center_axis',(0.707106781186547,0.707106781186548,0.));
#3655=DIRECTION('ref_axis',(-0.707106781186548,0.707106781186547,0.));
#3656=DIRECTION('',(1.,1.61486985400023E-16,0.));
#3657=DIRECTION('center_axis',(0.707106781186548,-0.707106781186548,0.));
#3658=DIRECTION('ref_axis',(0.707106781186548,0.707106781186548,0.));
#3659=DIRECTION('center_axis',(0.,1.,0.));
#3660=DIRECTION('ref_axis',(0.707106781186547,0.,0.707106781186548));
#3661=DIRECTION('center_axis',(-0.707106781186548,0.707106781186548,0.));
#3662=DIRECTION('ref_axis',(-0.707106781186547,-0.707106781186547,0.));
#3663=DIRECTION('',(0.,1.,0.));
#3664=DIRECTION('center_axis',(-1.,0.,0.));
#3665=DIRECTION('ref_axis',(0.,0.707106781186547,0.707106781186548));
#3666=DIRECTION('center_axis',(-0.707106781186548,-0.707106781186547,0.));
#3667=DIRECTION('ref_axis',(0.707106781186547,-0.707106781186548,0.));
#3668=DIRECTION('',(-1.,0.,0.));
#3669=DIRECTION('center_axis',(1.61486985400023E-16,-1.,0.));
#3670=DIRECTION('ref_axis',(-0.707106781186547,0.,0.707106781186548));
#3671=DIRECTION('',(1.61486985400023E-16,-1.,0.));
#3672=DIRECTION('center_axis',(-1.,-1.61486985400023E-16,0.));
#3673=DIRECTION('ref_axis',(1.61486985400023E-16,-1.,0.));
#3674=DIRECTION('',(0.,0.,1.));
#3675=DIRECTION('',(-1.61486985400023E-16,1.,0.));
#3676=DIRECTION('',(0.,0.,1.));
#3677=DIRECTION('center_axis',(1.61486985400023E-16,-1.,0.));
#3678=DIRECTION('ref_axis',(1.,1.61486985400023E-16,0.));
#3679=DIRECTION('',(0.,0.,1.));
#3680=DIRECTION('',(-1.,-1.61486985400023E-16,0.));
#3681=DIRECTION('center_axis',(0.,1.,0.));
#3682=DIRECTION('ref_axis',(0.70710678118654,0.,0.707106781186555));
#3683=DIRECTION('center_axis',(-0.707106781186548,0.707106781186547,0.));
#3684=DIRECTION('ref_axis',(-0.707106781186547,-0.707106781186548,0.));
#3685=DIRECTION('',(0.,1.,0.));
#3686=DIRECTION('center_axis',(0.707106781186548,0.707106781186548,0.));
#3687=DIRECTION('ref_axis',(-0.707106781186548,0.707106781186548,0.));
#3688=DIRECTION('center_axis',(-1.,0.,0.));
#3689=DIRECTION('ref_axis',(0.,0.707106781186547,0.707106781186548));
#3690=DIRECTION('center_axis',(-0.707106781186542,-0.707106781186553,0.));
#3691=DIRECTION('ref_axis',(0.707106781186553,-0.707106781186542,0.));
#3692=DIRECTION('',(-1.,0.,0.));
#3693=DIRECTION('center_axis',(0.,-1.,0.));
#3694=DIRECTION('ref_axis',(-0.707106781186553,0.,0.707106781186542));
#3695=DIRECTION('center_axis',(0.707106781186541,-0.707106781186554,0.));
#3696=DIRECTION('ref_axis',(0.707106781186554,0.707106781186541,0.));
#3697=DIRECTION('',(0.,-1.,0.));
#3698=DIRECTION('center_axis',(1.,1.61486985400023E-16,0.));
#3699=DIRECTION('ref_axis',(0.,-0.707106781186547,0.707106781186548));
#3700=DIRECTION('',(1.,1.61486985400023E-16,0.));
#3701=DIRECTION('center_axis',(1.61486985400023E-16,-1.,0.));
#3702=DIRECTION('ref_axis',(1.,1.61486985400023E-16,0.));
#3703=DIRECTION('',(0.,0.,1.));
#3704=DIRECTION('',(-1.,-1.61486985400023E-16,0.));
#3705=DIRECTION('',(0.,0.,1.));
#3706=DIRECTION('center_axis',(1.,0.,0.));
#3707=DIRECTION('ref_axis',(0.,1.,0.));
#3708=DIRECTION('',(0.,0.,1.));
#3709=DIRECTION('',(0.,-1.,0.));
#3710=DIRECTION('center_axis',(0.,1.,0.));
#3711=DIRECTION('ref_axis',(0.707106781186547,0.,0.707106781186548));
#3712=DIRECTION('center_axis',(-0.707106781186548,0.707106781186548,0.));
#3713=DIRECTION('ref_axis',(-0.707106781186547,-0.707106781186547,0.));
#3714=DIRECTION('',(0.,1.,0.));
#3715=DIRECTION('center_axis',(0.707106781186547,0.707106781186548,0.));
#3716=DIRECTION('ref_axis',(-0.707106781186548,0.707106781186547,0.));
#3717=DIRECTION('center_axis',(-1.,0.,0.));
#3718=DIRECTION('ref_axis',(0.,0.707106781186547,0.707106781186548));
#3719=DIRECTION('center_axis',(-0.707106781186548,-0.707106781186548,0.));
#3720=DIRECTION('ref_axis',(0.707106781186547,-0.707106781186547,0.));
#3721=DIRECTION('',(-1.,0.,0.));
#3722=DIRECTION('center_axis',(1.61486985400023E-16,-1.,0.));
#3723=DIRECTION('ref_axis',(-0.707106781186547,0.,0.707106781186548));
#3724=DIRECTION('center_axis',(0.707106781186548,-0.707106781186548,0.));
#3725=DIRECTION('ref_axis',(0.707106781186548,0.707106781186548,0.));
#3726=DIRECTION('',(1.61486985400023E-16,-1.,0.));
#3727=DIRECTION('center_axis',(1.,0.,0.));
#3728=DIRECTION('ref_axis',(0.,-0.70710678118654,0.707106781186555));
#3729=DIRECTION('',(1.,0.,0.));
#3730=DIRECTION('center_axis',(0.,-1.,0.));
#3731=DIRECTION('ref_axis',(1.,0.,0.));
#3732=DIRECTION('',(0.,0.,1.));
#3733=DIRECTION('',(-1.,0.,0.));
#3734=DIRECTION('',(0.,0.,1.));
#3735=DIRECTION('center_axis',(1.,0.,0.));
#3736=DIRECTION('ref_axis',(0.,1.,0.));
#3737=DIRECTION('',(0.,0.,1.));
#3738=DIRECTION('',(0.,-1.,0.));
#3739=DIRECTION('center_axis',(0.,1.,0.));
#3740=DIRECTION('ref_axis',(0.707106781186547,0.,0.707106781186548));
#3741=DIRECTION('center_axis',(-0.707106781186548,0.707106781186548,0.));
#3742=DIRECTION('ref_axis',(-0.707106781186547,-0.707106781186547,0.));
#3743=DIRECTION('',(0.,1.,0.));
#3744=DIRECTION('center_axis',(0.707106781186553,0.707106781186542,0.));
#3745=DIRECTION('ref_axis',(-0.707106781186542,0.707106781186553,0.));
#3746=DIRECTION('center_axis',(-1.,0.,0.));
#3747=DIRECTION('ref_axis',(0.,0.70710678118654,0.707106781186555));
#3748=DIRECTION('center_axis',(-0.707106781186548,-0.707106781186548,0.));
#3749=DIRECTION('ref_axis',(0.707106781186548,-0.707106781186548,0.));
#3750=DIRECTION('',(-1.,0.,0.));
#3751=DIRECTION('center_axis',(1.61486985400023E-16,-1.,0.));
#3752=DIRECTION('ref_axis',(-0.707106781186547,0.,0.707106781186548));
#3753=DIRECTION('center_axis',(0.707106781186554,-0.707106781186541,0.));
#3754=DIRECTION('ref_axis',(0.707106781186541,0.707106781186554,0.));
#3755=DIRECTION('',(1.61486985400023E-16,-1.,0.));
#3756=DIRECTION('center_axis',(1.,0.,0.));
#3757=DIRECTION('ref_axis',(0.,-0.707106781186553,0.707106781186542));
#3758=DIRECTION('',(1.,0.,0.));
#3759=DIRECTION('center_axis',(0.,-1.,0.));
#3760=DIRECTION('ref_axis',(1.,0.,0.));
#3761=DIRECTION('',(0.,0.,1.));
#3762=DIRECTION('',(-1.,0.,0.));
#3763=DIRECTION('',(0.,0.,1.));
#3764=DIRECTION('center_axis',(1.,0.,0.));
#3765=DIRECTION('ref_axis',(0.,1.,0.));
#3766=DIRECTION('',(0.,0.,1.));
#3767=DIRECTION('',(0.,-1.,0.));
#3768=DIRECTION('center_axis',(-1.,0.,0.));
#3769=DIRECTION('ref_axis',(0.,-0.70710678118654,-0.707106781186555));
#3770=DIRECTION('',(1.,0.,0.));
#3771=DIRECTION('',(-1.,0.,0.));
#3772=DIRECTION('center_axis',(0.707106781186548,-0.707106781186548,0.));
#3773=DIRECTION('ref_axis',(0.707106781186548,0.707106781186548,0.));
#3774=DIRECTION('center_axis',(-0.408248290463861,-0.408248290463859,-0.816496580927729));
#3775=DIRECTION('ref_axis',(-0.577350269189626,-0.577350269189624,0.577350269189628));
#3776=DIRECTION('center_axis',(-1.11022302462514E-15,0.,1.));
#3777=DIRECTION('ref_axis',(0.,-1.,0.));
#3778=DIRECTION('center_axis',(-1.,0.,0.));
#3779=DIRECTION('ref_axis',(0.,0.,1.));
#3780=DIRECTION('center_axis',(0.,-1.,0.));
#3781=DIRECTION('ref_axis',(-1.,0.,0.));
#3782=DIRECTION('center_axis',(0.408248290463862,0.408248290463859,-0.816496580927729));
#3783=DIRECTION('ref_axis',(-0.577350269189627,-0.577350269189624,-0.577350269189626));
#3784=DIRECTION('center_axis',(0.,-1.,0.));
#3785=DIRECTION('ref_axis',(0.,0.,-1.));
#3786=DIRECTION('center_axis',(-1.,0.,0.));
#3787=DIRECTION('ref_axis',(0.,-1.,0.));
#3788=DIRECTION('center_axis',(0.,5.55111512312578E-16,-1.));
#3789=DIRECTION('ref_axis',(-1.,0.,0.));
#3790=DIRECTION('center_axis',(1.,0.,0.));
#3791=DIRECTION('ref_axis',(0.,-0.707106781186546,-0.707106781186549));
#3792=DIRECTION('',(-1.,0.,0.));
#3793=DIRECTION('',(1.,0.,0.));
#3794=DIRECTION('center_axis',(-0.707106781186541,-0.707106781186554,0.));
#3795=DIRECTION('ref_axis',(-0.707106781186554,0.707106781186541,0.));
#3796=DIRECTION('center_axis',(0.,0.,-1.));
#3797=DIRECTION('ref_axis',(-0.707106781186553,-0.707106781186542,0.));
#3798=DIRECTION('',(0.,0.,1.));
#3799=DIRECTION('',(0.,0.,-1.));
#3800=DIRECTION('center_axis',(0.,0.,-1.));
#3801=DIRECTION('ref_axis',(-1.,0.,0.));
#3802=DIRECTION('center_axis',(0.,0.,-1.));
#3803=DIRECTION('ref_axis',(1.,0.,0.));
#3804=DIRECTION('center_axis',(0.,-1.,0.));
#3805=DIRECTION('ref_axis',(0.,0.,1.));
#3806=DIRECTION('center_axis',(-1.,0.,0.));
#3807=DIRECTION('ref_axis',(0.,-1.,0.));
#3808=DIRECTION('center_axis',(0.,-1.,0.));
#3809=DIRECTION('ref_axis',(-0.707106781186552,0.,0.707106781186543));
#3810=DIRECTION('',(0.,-1.,0.));
#3811=DIRECTION('center_axis',(0.,0.,-1.));
#3812=DIRECTION('ref_axis',(-1.,0.,0.));
#3813=DIRECTION('center_axis',(0.,0.,-1.));
#3814=DIRECTION('ref_axis',(0.707106781186552,0.707106781186543,0.));
#3815=DIRECTION('center_axis',(0.,-1.,0.));
#3816=DIRECTION('ref_axis',(-1.,0.,0.));
#3817=DIRECTION('center_axis',(0.,0.,1.));
#3818=DIRECTION('ref_axis',(0.,1.,0.));
#3819=DIRECTION('center_axis',(-1.,0.,0.));
#3820=DIRECTION('ref_axis',(0.,0.,-1.));
#3821=DIRECTION('center_axis',(0.,1.,0.));
#3822=DIRECTION('ref_axis',(-0.707106781186553,0.,-0.707106781186543));
#3823=DIRECTION('',(0.,-1.,0.));
#3824=DIRECTION('',(0.,1.,0.));
#3825=DIRECTION('center_axis',(0.,0.,-1.));
#3826=DIRECTION('ref_axis',(0.707106781186552,0.707106781186543,0.));
#3827=DIRECTION('',(0.,0.,1.));
#3828=DIRECTION('',(0.,0.,-1.));
#3829=DIRECTION('center_axis',(0.,0.,-1.));
#3830=DIRECTION('ref_axis',(-1.,0.,0.));
#3831=DIRECTION('center_axis',(0.,0.,-1.));
#3832=DIRECTION('ref_axis',(0.,1.,0.));
#3833=DIRECTION('center_axis',(1.,0.,0.));
#3834=DIRECTION('ref_axis',(0.,0.,1.));
#3835=DIRECTION('center_axis',(0.,-1.,0.));
#3836=DIRECTION('ref_axis',(1.,0.,0.));
#3837=DIRECTION('center_axis',(1.,0.,0.));
#3838=DIRECTION('ref_axis',(0.,-0.707106781186546,0.707106781186549));
#3839=DIRECTION('',(1.,0.,0.));
#3840=DIRECTION('center_axis',(0.,0.,-1.));
#3841=DIRECTION('ref_axis',(-1.,0.,0.));
#3842=DIRECTION('center_axis',(0.,0.,-1.));
#3843=DIRECTION('ref_axis',(-0.707106781186546,0.707106781186549,0.));
#3844=DIRECTION('center_axis',(1.,0.,0.));
#3845=DIRECTION('ref_axis',(0.,-1.,0.));
#3846=DIRECTION('center_axis',(0.,0.,1.));
#3847=DIRECTION('ref_axis',(-1.,0.,0.));
#3848=DIRECTION('center_axis',(0.,-1.,0.));
#3849=DIRECTION('ref_axis',(0.,0.,-1.));
#3850=DIRECTION('center_axis',(-1.,0.,0.));
#3851=DIRECTION('ref_axis',(0.,-0.707106781186546,-0.707106781186549));
#3852=DIRECTION('',(1.,0.,0.));
#3853=DIRECTION('',(-1.,0.,0.));
#3854=DIRECTION('center_axis',(0.,0.,-1.));
#3855=DIRECTION('ref_axis',(-0.707106781186546,0.707106781186549,0.));
#3856=DIRECTION('',(0.,0.,1.));
#3857=DIRECTION('',(0.,0.,-1.));
#3858=DIRECTION('center_axis',(-0.816496580927726,-0.408248290463864,0.408248290463861));
#3859=DIRECTION('ref_axis',(0.577350269189623,-0.577350269189629,0.577350269189626));
#3860=DIRECTION('center_axis',(1.,0.,0.));
#3861=DIRECTION('ref_axis',(0.,-1.,0.));
#3862=DIRECTION('center_axis',(0.,1.11022302462516E-15,1.));
#3863=DIRECTION('ref_axis',(1.,0.,0.));
#3864=DIRECTION('center_axis',(0.,-1.,0.));
#3865=DIRECTION('ref_axis',(0.,0.,1.));
#3866=DIRECTION('center_axis',(-0.816496580927726,-0.408248290463864,-0.408248290463862));
#3867=DIRECTION('ref_axis',(0.577350269189624,-0.577350269189628,-0.577350269189626));
#3868=DIRECTION('center_axis',(0.,-1.,0.));
#3869=DIRECTION('ref_axis',(1.,0.,0.));
#3870=DIRECTION('center_axis',(5.55111512312578E-16,0.,-1.));
#3871=DIRECTION('ref_axis',(0.,-1.,0.));
#3872=DIRECTION('center_axis',(1.,0.,0.));
#3873=DIRECTION('ref_axis',(0.,0.,-1.));
#3874=DIRECTION('center_axis',(0.,0.,1.));
#3875=DIRECTION('ref_axis',(0.707106781186549,-0.707106781186546,0.));
#3876=DIRECTION('',(0.,0.,-1.));
#3877=DIRECTION('',(0.,0.,1.));
#3878=DIRECTION('center_axis',(1.,0.,0.));
#3879=DIRECTION('ref_axis',(0.,-0.707106781186546,-0.707106781186549));
#3880=DIRECTION('',(1.,0.,0.));
#3881=DIRECTION('',(-1.,0.,0.));
#3882=DIRECTION('center_axis',(0.707106781186548,-0.707106781186548,0.));
#3883=DIRECTION('ref_axis',(-0.707106781186547,-0.707106781186547,0.));
#3884=DIRECTION('center_axis',(0.,-1.,0.));
#3885=DIRECTION('ref_axis',(0.707106781186549,0.,-0.707106781186546));
#3886=DIRECTION('',(0.,1.,0.));
#3887=DIRECTION('',(0.,-1.,0.));
#3888=DIRECTION('center_axis',(0.,1.,0.));
#3889=DIRECTION('ref_axis',(0.707106781186549,0.,0.707106781186546));
#3890=DIRECTION('',(0.,1.,0.));
#3891=DIRECTION('center_axis',(1.,0.,0.));
#3892=DIRECTION('ref_axis',(0.,-0.707106781186547,0.707106781186548));
#3893=DIRECTION('',(1.,0.,0.));
#3894=DIRECTION('center_axis',(0.707106781186548,-0.707106781186548,0.));
#3895=DIRECTION('ref_axis',(-0.707106781186547,-0.707106781186547,0.));
#3896=DIRECTION('center_axis',(0.,-1.,0.));
#3897=DIRECTION('ref_axis',(-0.707106781186546,0.,-0.707106781186549));
#3898=DIRECTION('',(0.,-1.,0.));
#3899=DIRECTION('',(0.,1.,0.));
#3900=DIRECTION('center_axis',(-0.707106781186554,-0.707106781186541,0.));
#3901=DIRECTION('ref_axis',(-0.707106781186541,0.707106781186554,0.));
#3902=DIRECTION('center_axis',(0.,-1.,0.));
#3903=DIRECTION('ref_axis',(-0.707106781186547,0.,0.707106781186548));
#3904=DIRECTION('',(0.,-1.,0.));
#3905=DIRECTION('center_axis',(-0.707106781186554,-0.707106781186541,0.));
#3906=DIRECTION('ref_axis',(-0.707106781186541,0.707106781186554,0.));
#3907=DIRECTION('center_axis',(1.,0.,0.));
#3908=DIRECTION('ref_axis',(0.,0.707106781186553,-0.707106781186542));
#3909=DIRECTION('',(-1.,0.,0.));
#3910=DIRECTION('',(1.,0.,0.));
#3911=DIRECTION('center_axis',(-1.,0.,0.));
#3912=DIRECTION('ref_axis',(0.,0.707106781186553,0.707106781186542));
#3913=DIRECTION('',(-1.,0.,0.));
#3914=DIRECTION('center_axis',(-0.707106781186548,0.707106781186548,0.));
#3915=DIRECTION('ref_axis',(0.707106781186548,0.707106781186548,0.));
#3916=DIRECTION('center_axis',(0.,0.,1.));
#3917=DIRECTION('ref_axis',(1.,0.,0.));
#3918=DIRECTION('center_axis',(0.,0.,1.));
#3919=DIRECTION('ref_axis',(0.,-1.,0.));
#3920=DIRECTION('center_axis',(0.,-1.,0.));
#3921=DIRECTION('ref_axis',(-1.,0.,0.));
#3922=DIRECTION('center_axis',(0.,0.,-1.));
#3923=DIRECTION('ref_axis',(0.,-1.,0.));
#3924=DIRECTION('center_axis',(1.8503717077086E-16,1.,0.));
#3925=DIRECTION('ref_axis',(-0.707106781186546,0.,-0.707106781186549));
#3926=DIRECTION('center_axis',(0.,-1.,0.));
#3927=DIRECTION('ref_axis',(-1.,0.,0.));
#3928=DIRECTION('',(-1.8503717077086E-16,-1.,0.));
#3929=DIRECTION('',(1.8503717077086E-16,1.,0.));
#3930=DIRECTION('center_axis',(0.,0.,1.));
#3931=DIRECTION('ref_axis',(1.,0.,0.));
#3932=DIRECTION('center_axis',(0.,0.,-1.));
#3933=DIRECTION('ref_axis',(0.,1.,0.));
#3934=DIRECTION('center_axis',(0.,0.,1.));
#3935=DIRECTION('ref_axis',(0.,1.,0.));
#3936=DIRECTION('center_axis',(0.,1.,0.));
#3937=DIRECTION('ref_axis',(0.707106781186553,0.,0.707106781186542));
#3938=DIRECTION('',(0.,1.,0.));
#3939=DIRECTION('center_axis',(0.707106781186541,0.707106781186554,0.));
#3940=DIRECTION('ref_axis',(0.707106781186554,-0.707106781186541,0.));
#3941=DIRECTION('center_axis',(1.,0.,0.));
#3942=DIRECTION('ref_axis',(0.,-0.707106781186547,0.707106781186548));
#3943=DIRECTION('',(1.,0.,0.));
#3944=DIRECTION('center_axis',(0.,1.,0.));
#3945=DIRECTION('ref_axis',(0.707106781186553,0.,-0.707106781186543));
#3946=DIRECTION('',(0.,-1.,0.));
#3947=DIRECTION('',(0.,1.,0.));
#3948=DIRECTION('center_axis',(0.707106781186548,-0.707106781186548,0.));
#3949=DIRECTION('ref_axis',(-0.707106781186547,-0.707106781186547,0.));
#3950=DIRECTION('center_axis',(-1.,0.,0.));
#3951=DIRECTION('ref_axis',(0.,0.707106781186553,-0.707106781186543));
#3952=DIRECTION('',(1.,0.,0.));
#3953=DIRECTION('',(-1.,0.,0.));
#3954=DIRECTION('center_axis',(0.707106781186554,0.707106781186541,0.));
#3955=DIRECTION('ref_axis',(0.707106781186541,-0.707106781186554,0.));
#3956=DIRECTION('center_axis',(0.,-1.,0.));
#3957=DIRECTION('ref_axis',(-0.707106781186546,0.,-0.707106781186549));
#3958=DIRECTION('',(0.,-1.,0.));
#3959=DIRECTION('',(0.,1.,0.));
#3960=DIRECTION('center_axis',(-0.707106781186541,-0.707106781186554,0.));
#3961=DIRECTION('ref_axis',(-0.707106781186554,0.707106781186541,0.));
#3962=DIRECTION('center_axis',(0.,-1.,0.));
#3963=DIRECTION('ref_axis',(-0.707106781186546,0.,-0.707106781186549));
#3964=DIRECTION('',(0.,1.,0.));
#3965=DIRECTION('',(0.,-1.,0.));
#3966=DIRECTION('center_axis',(-0.707106781186554,0.707106781186541,0.));
#3967=DIRECTION('ref_axis',(0.707106781186541,0.707106781186554,0.));
#3968=DIRECTION('center_axis',(1.,0.,0.));
#3969=DIRECTION('ref_axis',(0.,0.70710678118654,-0.707106781186555));
#3970=DIRECTION('',(-1.,0.,0.));
#3971=DIRECTION('',(1.,0.,0.));
#3972=DIRECTION('center_axis',(-1.,0.,0.));
#3973=DIRECTION('ref_axis',(0.,-0.707106781186553,-0.707106781186542));
#3974=DIRECTION('',(-1.,0.,0.));
#3975=DIRECTION('',(1.,0.,0.));
#3976=DIRECTION('center_axis',(0.,0.,1.));
#3977=DIRECTION('ref_axis',(1.,0.,0.));
#3978=DIRECTION('center_axis',(0.,0.,1.));
#3979=DIRECTION('ref_axis',(0.,-1.,0.));
#3980=DIRECTION('center_axis',(0.,-1.,0.));
#3981=DIRECTION('ref_axis',(-1.,0.,0.));
#3982=DIRECTION('center_axis',(0.,0.,-1.));
#3983=DIRECTION('ref_axis',(0.,-1.,0.));
#3984=DIRECTION('center_axis',(-1.8503717077086E-16,1.,0.));
#3985=DIRECTION('ref_axis',(-0.707106781186546,0.,-0.707106781186549));
#3986=DIRECTION('center_axis',(0.,-1.,0.));
#3987=DIRECTION('ref_axis',(-1.,0.,0.));
#3988=DIRECTION('',(1.8503717077086E-16,-1.,0.));
#3989=DIRECTION('',(-1.8503717077086E-16,1.,0.));
#3990=DIRECTION('center_axis',(0.,0.,1.));
#3991=DIRECTION('ref_axis',(1.,0.,0.));
#3992=DIRECTION('center_axis',(0.,0.,-1.));
#3993=DIRECTION('ref_axis',(0.,1.,0.));
#3994=DIRECTION('center_axis',(0.,0.,1.));
#3995=DIRECTION('ref_axis',(0.,1.,0.));
#3996=DIRECTION('center_axis',(1.,1.8503717077086E-16,0.));
#3997=DIRECTION('ref_axis',(1.8503717077086E-16,-1.,0.));
#3998=DIRECTION('',(0.,0.,-1.));
#3999=DIRECTION('',(1.8503717077086E-16,-1.,0.));
#4000=DIRECTION('',(0.,0.,-1.));
#4001=DIRECTION('center_axis',(0.,0.,-1.));
#4002=DIRECTION('ref_axis',(-1.,0.,0.));
#4003=DIRECTION('',(0.,0.,1.));
#4004=DIRECTION('center_axis',(0.,0.,-1.));
#4005=DIRECTION('ref_axis',(-1.,0.,0.));
#4006=DIRECTION('center_axis',(0.,-1.,0.));
#4007=DIRECTION('ref_axis',(-1.,0.,0.));
#4008=DIRECTION('',(0.,0.,-1.));
#4009=DIRECTION('',(1.,0.,0.));
#4010=DIRECTION('center_axis',(0.,-1.,0.));
#4011=DIRECTION('ref_axis',(-1.,0.,0.));
#4012=DIRECTION('',(0.,0.,-1.));
#4013=DIRECTION('',(-1.,0.,0.));
#4014=DIRECTION('',(0.,0.,1.));
#4015=DIRECTION('center_axis',(0.,0.,1.));
#4016=DIRECTION('ref_axis',(-1.,0.,0.));
#4017=DIRECTION('',(0.,0.,-1.));
#4018=DIRECTION('center_axis',(0.,0.,-1.));
#4019=DIRECTION('ref_axis',(-1.,0.,0.));
#4020=DIRECTION('center_axis',(-1.,1.8503717077086E-16,0.));
#4021=DIRECTION('ref_axis',(1.8503717077086E-16,1.,0.));
#4022=DIRECTION('',(0.,0.,-1.));
#4023=DIRECTION('',(-1.8503717077086E-16,-1.,0.));
#4024=DIRECTION('center_axis',(0.,0.,1.));
#4025=DIRECTION('ref_axis',(-1.,0.,0.));
#4026=DIRECTION('',(0.,0.,1.));
#4027=DIRECTION('center_axis',(0.,0.,-1.));
#4028=DIRECTION('ref_axis',(-1.,0.,0.));
#4029=DIRECTION('center_axis',(0.,1.,0.));
#4030=DIRECTION('ref_axis',(1.,0.,0.));
#4031=DIRECTION('',(0.,0.,-1.));
#4032=DIRECTION('',(1.,0.,0.));
#4033=DIRECTION('center_axis',(0.,-1.,0.));
#4034=DIRECTION('ref_axis',(1.,0.,0.));
#4035=DIRECTION('',(0.,0.,1.));
#4036=DIRECTION('center_axis',(1.,0.,0.));
#4037=DIRECTION('ref_axis',(0.,-1.,0.));
#4038=DIRECTION('center_axis',(0.,1.,0.));
#4039=DIRECTION('ref_axis',(1.,0.,0.));
#4040=DIRECTION('center_axis',(-1.,0.,0.));
#4041=DIRECTION('ref_axis',(0.,1.,0.));
#4042=DIRECTION('center_axis',(0.,0.,1.));
#4043=DIRECTION('ref_axis',(1.,0.,0.));
#4044=DIRECTION('center_axis',(0.,0.,1.));
#4045=DIRECTION('ref_axis',(-1.,0.,0.));
#4046=DIRECTION('',(0.,-1.,0.));
#4047=DIRECTION('',(-1.,0.,0.));
#4048=DIRECTION('center_axis',(0.,0.,-1.));
#4049=DIRECTION('ref_axis',(-1.,0.,0.));
#4050=DIRECTION('center_axis',(0.,0.,-1.));
#4051=DIRECTION('ref_axis',(-1.,0.,0.));
#4052=DIRECTION('',(0.,-1.,0.));
#4053=DIRECTION('center_axis',(0.,1.,0.));
#4054=DIRECTION('ref_axis',(1.,0.,0.));
#4055=DIRECTION('',(0.,0.,-1.));
#4056=DIRECTION('',(0.,0.,1.));
#4057=DIRECTION('center_axis',(0.,0.,-1.));
#4058=DIRECTION('ref_axis',(-1.,0.,0.));
#4059=DIRECTION('center_axis',(0.,-1.,0.));
#4060=DIRECTION('ref_axis',(1.,0.,0.));
#4061=DIRECTION('',(0.,0.,1.));
#4062=DIRECTION('center_axis',(0.,1.,0.));
#4063=DIRECTION('ref_axis',(-1.,0.,0.));
#4064=DIRECTION('',(0.,0.,1.));
#4065=DIRECTION('',(1.,0.,0.));
#4066=DIRECTION('center_axis',(-1.,-1.61486985400023E-16,0.));
#4067=DIRECTION('ref_axis',(1.61486985400023E-16,-1.,0.));
#4068=DIRECTION('',(-1.61486985400023E-16,1.,0.));
#4069=DIRECTION('center_axis',(0.,1.,0.));
#4070=DIRECTION('ref_axis',(-1.,0.,0.));
#4071=DIRECTION('',(0.,0.,1.));
#4072=DIRECTION('',(1.,0.,0.));
#4073=DIRECTION('center_axis',(-1.,-1.61486985400023E-16,0.));
#4074=DIRECTION('ref_axis',(1.61486985400023E-16,-1.,0.));
#4075=DIRECTION('',(-1.61486985400023E-16,1.,0.));
#4076=DIRECTION('center_axis',(0.,1.,0.));
#4077=DIRECTION('ref_axis',(-1.,0.,0.));
#4078=DIRECTION('',(0.,0.,1.));
#4079=DIRECTION('',(1.,0.,0.));
#4080=DIRECTION('center_axis',(-1.,0.,0.));
#4081=DIRECTION('ref_axis',(0.,-1.,0.));
#4082=DIRECTION('',(0.,1.,0.));
#4083=DIRECTION('center_axis',(1.,0.,0.));
#4084=DIRECTION('ref_axis',(0.,1.,0.));
#4085=DIRECTION('',(0.,0.,1.));
#4086=DIRECTION('',(0.,-1.,0.));
#4087=DIRECTION('center_axis',(0.,1.,0.));
#4088=DIRECTION('ref_axis',(-1.,0.,0.));
#4089=DIRECTION('',(1.,0.,0.));
#4090=DIRECTION('center_axis',(0.,1.,0.));
#4091=DIRECTION('ref_axis',(-1.,0.,0.));
#4092=DIRECTION('',(0.,0.,1.));
#4093=DIRECTION('',(1.,0.,0.));
#4094=DIRECTION('center_axis',(-1.,0.,0.));
#4095=DIRECTION('ref_axis',(0.,-1.,0.));
#4096=DIRECTION('',(0.,1.,0.));
#4097=DIRECTION('center_axis',(0.,1.,0.));
#4098=DIRECTION('ref_axis',(-1.,0.,0.));
#4099=DIRECTION('',(0.,0.,1.));
#4100=DIRECTION('',(1.,0.,0.));
#4101=DIRECTION('center_axis',(-1.,0.,0.));
#4102=DIRECTION('ref_axis',(0.,-1.,0.));
#4103=DIRECTION('',(0.,1.,0.));
#4104=DIRECTION('center_axis',(0.,1.,0.));
#4105=DIRECTION('ref_axis',(-1.,0.,0.));
#4106=DIRECTION('',(0.,0.,1.));
#4107=DIRECTION('',(1.,0.,0.));
#4108=DIRECTION('center_axis',(-1.,0.,0.));
#4109=DIRECTION('ref_axis',(0.,-1.,0.));
#4110=DIRECTION('',(0.,1.,0.));
#4111=DIRECTION('center_axis',(0.,1.,0.));
#4112=DIRECTION('ref_axis',(-1.,0.,0.));
#4113=DIRECTION('',(0.,0.,1.));
#4114=DIRECTION('',(1.,0.,0.));
#4115=DIRECTION('center_axis',(-1.,0.,0.));
#4116=DIRECTION('ref_axis',(0.,-1.,0.));
#4117=DIRECTION('',(0.,1.,0.));
#4118=DIRECTION('center_axis',(0.,1.,0.));
#4119=DIRECTION('ref_axis',(-1.,0.,0.));
#4120=DIRECTION('',(0.,0.,1.));
#4121=DIRECTION('',(1.,0.,0.));
#4122=DIRECTION('center_axis',(-1.,0.,0.));
#4123=DIRECTION('ref_axis',(0.,-1.,0.));
#4124=DIRECTION('',(0.,1.,0.));
#4125=DIRECTION('center_axis',(0.,0.,1.));
#4126=DIRECTION('ref_axis',(1.,0.,0.));
#4127=DIRECTION('center_axis',(0.,0.,1.));
#4128=DIRECTION('ref_axis',(1.,0.,0.));
#4129=DIRECTION('center_axis',(0.,0.,1.));
#4130=DIRECTION('ref_axis',(1.,0.,0.));
#4131=DIRECTION('center_axis',(0.,0.,1.));
#4132=DIRECTION('ref_axis',(1.,0.,0.));
#4133=DIRECTION('center_axis',(0.,0.,1.));
#4134=DIRECTION('ref_axis',(1.,0.,0.));
#4135=DIRECTION('center_axis',(0.,0.,1.));
#4136=DIRECTION('ref_axis',(1.,0.,0.));
#4137=DIRECTION('center_axis',(0.,0.,1.));
#4138=DIRECTION('ref_axis',(1.,0.,0.));
#4139=DIRECTION('center_axis',(0.,0.,1.));
#4140=DIRECTION('ref_axis',(1.,0.,0.));
#4141=DIRECTION('center_axis',(0.,0.,1.));
#4142=DIRECTION('ref_axis',(1.,0.,0.));
#4143=DIRECTION('center_axis',(-1.,0.,0.));
#4144=DIRECTION('ref_axis',(0.,-1.,0.));
#4145=DIRECTION('',(0.,0.,1.));
#4146=DIRECTION('center_axis',(0.,1.,0.));
#4147=DIRECTION('ref_axis',(-1.,0.,0.));
#4148=DIRECTION('',(0.,0.,1.));
#4149=DIRECTION('center_axis',(1.,0.,0.));
#4150=DIRECTION('ref_axis',(0.,1.,0.));
#4151=DIRECTION('center_axis',(1.,0.,0.));
#4152=DIRECTION('ref_axis',(0.,1.,0.));
#4153=DIRECTION('',(0.,1.,0.));
#4154=DIRECTION('',(0.,0.,1.));
#4155=DIRECTION('',(0.,1.,0.));
#4156=DIRECTION('',(0.,0.,1.));
#4157=DIRECTION('center_axis',(0.,-1.,0.));
#4158=DIRECTION('ref_axis',(1.,0.,0.));
#4159=DIRECTION('',(1.,0.,0.));
#4160=DIRECTION('',(1.,0.,0.));
#4161=DIRECTION('',(0.,0.,1.));
#4162=DIRECTION('center_axis',(-1.,0.,0.));
#4163=DIRECTION('ref_axis',(0.,-1.,0.));
#4164=DIRECTION('',(0.,-1.,0.));
#4165=DIRECTION('',(0.,-1.,0.));
#4166=DIRECTION('',(0.,0.,1.));
#4167=DIRECTION('center_axis',(-1.61486985400023E-16,1.,0.));
#4168=DIRECTION('ref_axis',(-1.,-1.61486985400023E-16,0.));
#4169=DIRECTION('',(-1.,-1.61486985400023E-16,0.));
#4170=DIRECTION('',(-1.,-1.61486985400023E-16,0.));
#4171=DIRECTION('center_axis',(0.,0.,1.));
#4172=DIRECTION('ref_axis',(1.,0.,0.));
#4173=DIRECTION('center_axis',(0.,0.,1.));
#4174=DIRECTION('ref_axis',(1.,0.,0.));
#4175=DIRECTION('center_axis',(1.,0.,0.));
#4176=DIRECTION('ref_axis',(0.,1.,0.));
#4177=DIRECTION('',(0.,1.,0.));
#4178=DIRECTION('',(0.,0.,1.));
#4179=DIRECTION('',(0.,1.,0.));
#4180=DIRECTION('',(0.,0.,1.));
#4181=DIRECTION('center_axis',(0.,-1.,0.));
#4182=DIRECTION('ref_axis',(1.,0.,0.));
#4183=DIRECTION('',(1.,0.,0.));
#4184=DIRECTION('',(1.,0.,0.));
#4185=DIRECTION('',(0.,0.,1.));
#4186=DIRECTION('center_axis',(-1.,0.,0.));
#4187=DIRECTION('ref_axis',(0.,-1.,0.));
#4188=DIRECTION('',(0.,-1.,0.));
#4189=DIRECTION('',(0.,-1.,0.));
#4190=DIRECTION('',(0.,0.,1.));
#4191=DIRECTION('center_axis',(0.,1.,0.));
#4192=DIRECTION('ref_axis',(-1.,0.,0.));
#4193=DIRECTION('',(-1.,0.,0.));
#4194=DIRECTION('',(-1.,0.,0.));
#4195=DIRECTION('center_axis',(0.,0.,1.));
#4196=DIRECTION('ref_axis',(1.,0.,0.));
#4197=DIRECTION('center_axis',(0.,0.,1.));
#4198=DIRECTION('ref_axis',(1.,0.,0.));
#4199=DIRECTION('center_axis',(1.,1.61486985400023E-16,0.));
#4200=DIRECTION('ref_axis',(-1.61486985400023E-16,1.,0.));
#4201=DIRECTION('',(-1.61486985400023E-16,1.,0.));
#4202=DIRECTION('',(0.,0.,1.));
#4203=DIRECTION('',(-1.61486985400023E-16,1.,0.));
#4204=DIRECTION('',(0.,0.,1.));
#4205=DIRECTION('center_axis',(0.,-1.,0.));
#4206=DIRECTION('ref_axis',(1.,0.,0.));
#4207=DIRECTION('',(1.,0.,0.));
#4208=DIRECTION('',(1.,0.,0.));
#4209=DIRECTION('',(0.,0.,1.));
#4210=DIRECTION('center_axis',(-1.,0.,0.));
#4211=DIRECTION('ref_axis',(0.,-1.,0.));
#4212=DIRECTION('',(0.,-1.,0.));
#4213=DIRECTION('',(0.,-1.,0.));
#4214=DIRECTION('',(0.,0.,1.));
#4215=DIRECTION('center_axis',(0.,1.,0.));
#4216=DIRECTION('ref_axis',(-1.,0.,0.));
#4217=DIRECTION('',(-1.,0.,0.));
#4218=DIRECTION('',(-1.,0.,0.));
#4219=DIRECTION('center_axis',(0.,0.,1.));
#4220=DIRECTION('ref_axis',(1.,0.,0.));
#4221=DIRECTION('center_axis',(0.,0.,1.));
#4222=DIRECTION('ref_axis',(1.,0.,0.));
#4223=DIRECTION('center_axis',(1.,0.,0.));
#4224=DIRECTION('ref_axis',(0.,1.,0.));
#4225=DIRECTION('',(0.,1.,0.));
#4226=DIRECTION('',(0.,0.,1.));
#4227=DIRECTION('',(0.,1.,0.));
#4228=DIRECTION('',(0.,0.,1.));
#4229=DIRECTION('center_axis',(0.,-1.,0.));
#4230=DIRECTION('ref_axis',(1.,0.,0.));
#4231=DIRECTION('',(1.,0.,0.));
#4232=DIRECTION('',(1.,0.,0.));
#4233=DIRECTION('',(0.,0.,1.));
#4234=DIRECTION('center_axis',(-1.,0.,0.));
#4235=DIRECTION('ref_axis',(0.,-1.,0.));
#4236=DIRECTION('',(0.,-1.,0.));
#4237=DIRECTION('',(0.,-1.,0.));
#4238=DIRECTION('',(0.,0.,1.));
#4239=DIRECTION('center_axis',(0.,1.,0.));
#4240=DIRECTION('ref_axis',(-1.,0.,0.));
#4241=DIRECTION('',(-1.,0.,0.));
#4242=DIRECTION('',(-1.,0.,0.));
#4243=DIRECTION('center_axis',(0.,0.,1.));
#4244=DIRECTION('ref_axis',(1.,0.,0.));
#4245=DIRECTION('center_axis',(0.,0.,1.));
#4246=DIRECTION('ref_axis',(1.,0.,0.));
#4247=DIRECTION('center_axis',(1.,0.,0.));
#4248=DIRECTION('ref_axis',(0.,1.,0.));
#4249=DIRECTION('',(0.,1.,0.));
#4250=DIRECTION('',(0.,0.,1.));
#4251=DIRECTION('',(0.,1.,0.));
#4252=DIRECTION('',(0.,0.,1.));
#4253=DIRECTION('center_axis',(0.,-1.,0.));
#4254=DIRECTION('ref_axis',(1.,0.,0.));
#4255=DIRECTION('',(1.,0.,0.));
#4256=DIRECTION('',(1.,0.,0.));
#4257=DIRECTION('',(0.,0.,1.));
#4258=DIRECTION('center_axis',(-1.,0.,0.));
#4259=DIRECTION('ref_axis',(0.,-1.,0.));
#4260=DIRECTION('',(0.,-1.,0.));
#4261=DIRECTION('',(0.,-1.,0.));
#4262=DIRECTION('',(0.,0.,1.));
#4263=DIRECTION('center_axis',(0.,1.,0.));
#4264=DIRECTION('ref_axis',(-1.,0.,0.));
#4265=DIRECTION('',(-1.,0.,0.));
#4266=DIRECTION('',(-1.,0.,0.));
#4267=DIRECTION('center_axis',(0.,0.,1.));
#4268=DIRECTION('ref_axis',(1.,0.,0.));
#4269=DIRECTION('center_axis',(0.,0.,1.));
#4270=DIRECTION('ref_axis',(1.,0.,0.));
#4271=DIRECTION('center_axis',(1.,0.,0.));
#4272=DIRECTION('ref_axis',(0.,1.,0.));
#4273=DIRECTION('',(0.,1.,0.));
#4274=DIRECTION('',(0.,0.,1.));
#4275=DIRECTION('',(0.,1.,0.));
#4276=DIRECTION('',(0.,0.,1.));
#4277=DIRECTION('center_axis',(0.,-1.,0.));
#4278=DIRECTION('ref_axis',(1.,0.,0.));
#4279=DIRECTION('',(1.,0.,0.));
#4280=DIRECTION('',(1.,0.,0.));
#4281=DIRECTION('',(0.,0.,1.));
#4282=DIRECTION('center_axis',(-1.,0.,0.));
#4283=DIRECTION('ref_axis',(0.,-1.,0.));
#4284=DIRECTION('',(0.,-1.,0.));
#4285=DIRECTION('',(0.,-1.,0.));
#4286=DIRECTION('',(0.,0.,1.));
#4287=DIRECTION('center_axis',(-1.61486985400023E-16,1.,0.));
#4288=DIRECTION('ref_axis',(-1.,-1.61486985400023E-16,0.));
#4289=DIRECTION('',(-1.,-1.61486985400023E-16,0.));
#4290=DIRECTION('',(-1.,-1.61486985400023E-16,0.));
#4291=DIRECTION('center_axis',(0.,0.,1.));
#4292=DIRECTION('ref_axis',(1.,0.,0.));
#4293=DIRECTION('center_axis',(0.,0.,1.));
#4294=DIRECTION('ref_axis',(1.,0.,0.));
#4295=DIRECTION('center_axis',(1.,1.61486985400023E-16,0.));
#4296=DIRECTION('ref_axis',(-1.61486985400023E-16,1.,0.));
#4297=DIRECTION('',(-1.61486985400023E-16,1.,0.));
#4298=DIRECTION('',(0.,0.,1.));
#4299=DIRECTION('',(-1.61486985400023E-16,1.,0.));
#4300=DIRECTION('',(0.,0.,1.));
#4301=DIRECTION('center_axis',(0.,-1.,0.));
#4302=DIRECTION('ref_axis',(1.,0.,0.));
#4303=DIRECTION('',(1.,0.,0.));
#4304=DIRECTION('',(1.,0.,0.));
#4305=DIRECTION('',(0.,0.,1.));
#4306=DIRECTION('center_axis',(-1.,0.,0.));
#4307=DIRECTION('ref_axis',(0.,-1.,0.));
#4308=DIRECTION('',(0.,-1.,0.));
#4309=DIRECTION('',(0.,-1.,0.));
#4310=DIRECTION('',(0.,0.,1.));
#4311=DIRECTION('center_axis',(0.,1.,0.));
#4312=DIRECTION('ref_axis',(-1.,0.,0.));
#4313=DIRECTION('',(-1.,0.,0.));
#4314=DIRECTION('',(-1.,0.,0.));
#4315=DIRECTION('center_axis',(0.,0.,1.));
#4316=DIRECTION('ref_axis',(1.,0.,0.));
#4317=DIRECTION('center_axis',(0.,0.,1.));
#4318=DIRECTION('ref_axis',(1.,0.,0.));
#4319=DIRECTION('center_axis',(0.,-1.,0.));
#4320=DIRECTION('ref_axis',(1.,0.,0.));
#4321=DIRECTION('',(1.,0.,0.));
#4322=DIRECTION('',(0.,0.,1.));
#4323=DIRECTION('',(1.,0.,0.));
#4324=DIRECTION('',(0.,0.,1.));
#4325=DIRECTION('center_axis',(-1.,0.,0.));
#4326=DIRECTION('ref_axis',(0.,-1.,0.));
#4327=DIRECTION('',(0.,-1.,0.));
#4328=DIRECTION('',(0.,-1.,0.));
#4329=DIRECTION('',(0.,0.,1.));
#4330=DIRECTION('center_axis',(-1.61486985400023E-16,1.,0.));
#4331=DIRECTION('ref_axis',(-1.,-1.61486985400023E-16,0.));
#4332=DIRECTION('',(-1.,-1.61486985400023E-16,0.));
#4333=DIRECTION('',(-1.,-1.61486985400023E-16,0.));
#4334=DIRECTION('',(0.,0.,1.));
#4335=DIRECTION('center_axis',(1.,1.61486985400023E-16,0.));
#4336=DIRECTION('ref_axis',(-1.61486985400023E-16,1.,0.));
#4337=DIRECTION('',(-1.61486985400023E-16,1.,0.));
#4338=DIRECTION('',(-1.61486985400023E-16,1.,0.));
#4339=DIRECTION('center_axis',(0.,0.,1.));
#4340=DIRECTION('ref_axis',(1.,0.,0.));
#4341=DIRECTION('center_axis',(0.,0.,1.));
#4342=DIRECTION('ref_axis',(1.,0.,0.));
#4343=DIRECTION('center_axis',(1.,0.,0.));
#4344=DIRECTION('ref_axis',(0.,1.,0.));
#4345=DIRECTION('',(0.,1.,0.));
#4346=DIRECTION('',(0.,0.,1.));
#4347=DIRECTION('',(0.,1.,0.));
#4348=DIRECTION('',(0.,0.,1.));
#4349=DIRECTION('center_axis',(0.,-1.,0.));
#4350=DIRECTION('ref_axis',(1.,0.,0.));
#4351=DIRECTION('',(1.,0.,0.));
#4352=DIRECTION('',(1.,0.,0.));
#4353=DIRECTION('',(0.,0.,1.));
#4354=DIRECTION('center_axis',(-1.,0.,0.));
#4355=DIRECTION('ref_axis',(0.,-1.,0.));
#4356=DIRECTION('',(0.,-1.,0.));
#4357=DIRECTION('',(0.,-1.,0.));
#4358=DIRECTION('',(0.,0.,1.));
#4359=DIRECTION('center_axis',(0.,1.,0.));
#4360=DIRECTION('ref_axis',(-1.,0.,0.));
#4361=DIRECTION('',(-1.,0.,0.));
#4362=DIRECTION('',(-1.,0.,0.));
#4363=DIRECTION('center_axis',(0.,0.,1.));
#4364=DIRECTION('ref_axis',(1.,0.,0.));
#4365=DIRECTION('center_axis',(0.,0.,1.));
#4366=DIRECTION('ref_axis',(1.,0.,0.));
#4367=CARTESIAN_POINT('',(0.,0.,0.));
#4368=CARTESIAN_POINT('Origin',(76.5,123.75,9.));
#4369=CARTESIAN_POINT('',(76.5,198.5,10.));
#4370=CARTESIAN_POINT('',(76.5,141.5,10.));
#4371=CARTESIAN_POINT('',(76.5,123.75,10.));
#4372=CARTESIAN_POINT('',(77.5,142.5,9.));
#4373=CARTESIAN_POINT('Origin',(76.5,141.5,9.));
#4374=CARTESIAN_POINT('',(77.5,197.5,9.));
#4375=CARTESIAN_POINT('',(77.5,123.75,9.));
#4376=CARTESIAN_POINT('Origin',(76.5,198.5,9.));
#4377=CARTESIAN_POINT('Origin',(118.75,141.5,9.));
#4378=CARTESIAN_POINT('',(133.5,141.5,10.));
#4379=CARTESIAN_POINT('',(118.75,141.5,10.));
#4380=CARTESIAN_POINT('',(132.5,142.5,9.));
#4381=CARTESIAN_POINT('Origin',(133.5,141.5,9.));
#4382=CARTESIAN_POINT('',(118.75,142.5,9.));
#4383=CARTESIAN_POINT('Origin',(133.5,151.25,9.));
#4384=CARTESIAN_POINT('',(133.5,198.5,10.));
#4385=CARTESIAN_POINT('',(133.5,151.25,10.));
#4386=CARTESIAN_POINT('',(132.5,197.5,9.));
#4387=CARTESIAN_POINT('Origin',(133.5,198.5,9.));
#4388=CARTESIAN_POINT('',(132.5,151.25,9.));
#4389=CARTESIAN_POINT('Origin',(91.25,198.5,9.));
#4390=CARTESIAN_POINT('',(91.25,197.5,9.));
#4391=CARTESIAN_POINT('',(91.25,198.5,10.));
#4392=CARTESIAN_POINT('Origin',(77.5,197.5,3.));
#4393=CARTESIAN_POINT('',(77.5,197.5,3.));
#4394=CARTESIAN_POINT('',(77.5,197.5,3.));
#4395=CARTESIAN_POINT('',(132.5,197.5,3.));
#4396=CARTESIAN_POINT('',(91.25,197.5,3.));
#4397=CARTESIAN_POINT('',(132.5,197.5,3.));
#4398=CARTESIAN_POINT('Origin',(77.5,142.5,3.));
#4399=CARTESIAN_POINT('',(77.5,142.5,3.));
#4400=CARTESIAN_POINT('',(77.5,142.5,3.));
#4401=CARTESIAN_POINT('',(77.5,123.75,3.));
#4402=CARTESIAN_POINT('Origin',(105.,105.,10.));
#4403=CARTESIAN_POINT('',(41.0000005960464,8.,10.));
#4404=CARTESIAN_POINT('',(39.0000005960464,6.,10.));
#4405=CARTESIAN_POINT('Origin',(41.0000005960464,6.,10.));
#4406=CARTESIAN_POINT('',(169.000000596046,8.,10.));
#4407=CARTESIAN_POINT('',(72.5000002980232,8.,10.));
#4408=CARTESIAN_POINT('',(171.000000596046,6.,10.));
#4409=CARTESIAN_POINT('Origin',(169.000000596046,6.,10.));
#4410=CARTESIAN_POINT('',(171.000000596046,0.999999999999996,10.));
#4411=CARTESIAN_POINT('',(171.000000596046,56.,10.));
#4412=CARTESIAN_POINT('',(209.,0.999999999999996,10.));
#4413=CARTESIAN_POINT('',(52.5,0.999999999999996,10.));
#4414=CARTESIAN_POINT('',(209.,209.,10.));
#4415=CARTESIAN_POINT('',(209.,52.5,10.));
#4416=CARTESIAN_POINT('',(0.999999999999996,209.,10.));
#4417=CARTESIAN_POINT('',(157.5,209.,10.));
#4418=CARTESIAN_POINT('',(0.999999999999996,0.999999999999996,10.));
#4419=CARTESIAN_POINT('',(0.999999999999996,157.5,10.));
#4420=CARTESIAN_POINT('',(39.0000005960464,0.999999999999996,10.));
#4421=CARTESIAN_POINT('',(52.5,0.999999999999996,10.));
#4422=CARTESIAN_POINT('',(39.0000005960464,52.5,10.));
#4423=CARTESIAN_POINT('',(141.5,198.5,10.));
#4424=CARTESIAN_POINT('',(141.5,141.5,10.));
#4425=CARTESIAN_POINT('',(141.5,123.75,10.));
#4426=CARTESIAN_POINT('',(198.5,198.5,10.));
#4427=CARTESIAN_POINT('',(123.75,198.5,10.));
#4428=CARTESIAN_POINT('',(198.5,141.5,10.));
#4429=CARTESIAN_POINT('',(198.5,151.25,10.));
#4430=CARTESIAN_POINT('',(151.25,141.5,10.));
#4431=CARTESIAN_POINT('',(141.5,133.5,10.));
#4432=CARTESIAN_POINT('',(141.5,76.5,10.));
#4433=CARTESIAN_POINT('',(141.5,91.25,10.));
#4434=CARTESIAN_POINT('',(198.5,133.5,10.));
#4435=CARTESIAN_POINT('',(123.75,133.5,10.));
#4436=CARTESIAN_POINT('',(198.5,76.5,10.));
#4437=CARTESIAN_POINT('',(198.5,118.75,10.));
#4438=CARTESIAN_POINT('',(151.25,76.5,10.));
#4439=CARTESIAN_POINT('',(68.5,68.5,10.));
#4440=CARTESIAN_POINT('',(11.5,68.5,10.));
#4441=CARTESIAN_POINT('',(58.75,68.5,10.));
#4442=CARTESIAN_POINT('',(68.5,11.5,10.));
#4443=CARTESIAN_POINT('',(68.5,86.25,10.));
#4444=CARTESIAN_POINT('',(11.5,11.5,10.));
#4445=CARTESIAN_POINT('',(86.25,11.5,10.));
#4446=CARTESIAN_POINT('',(11.5,58.75,10.));
#4447=CARTESIAN_POINT('',(11.5,133.5,10.));
#4448=CARTESIAN_POINT('',(11.5,76.5,10.));
#4449=CARTESIAN_POINT('',(11.5,91.25,10.));
#4450=CARTESIAN_POINT('',(68.5,133.5,10.));
#4451=CARTESIAN_POINT('',(58.75,133.5,10.));
#4452=CARTESIAN_POINT('',(68.5,76.5,10.));
#4453=CARTESIAN_POINT('',(68.5,118.75,10.));
#4454=CARTESIAN_POINT('',(86.25,76.5,10.));
#4455=CARTESIAN_POINT('',(11.5,198.5,10.));
#4456=CARTESIAN_POINT('',(11.5,141.5,10.));
#4457=CARTESIAN_POINT('',(11.5,123.75,10.));
#4458=CARTESIAN_POINT('',(68.5,198.5,10.));
#4459=CARTESIAN_POINT('',(58.75,198.5,10.));
#4460=CARTESIAN_POINT('',(68.5,141.5,10.));
#4461=CARTESIAN_POINT('',(68.5,151.25,10.));
#4462=CARTESIAN_POINT('',(86.25,141.5,10.));
#4463=CARTESIAN_POINT('',(141.5,68.5,10.));
#4464=CARTESIAN_POINT('',(141.5,11.5,10.));
#4465=CARTESIAN_POINT('',(141.5,58.75,10.));
#4466=CARTESIAN_POINT('',(198.5,68.5,10.));
#4467=CARTESIAN_POINT('',(123.75,68.5,10.));
#4468=CARTESIAN_POINT('',(198.5,11.5,10.));
#4469=CARTESIAN_POINT('',(198.5,86.25,10.));
#4470=CARTESIAN_POINT('',(151.25,11.5,10.));
#4471=CARTESIAN_POINT('',(76.5,133.5,10.));
#4472=CARTESIAN_POINT('',(76.5,76.5,10.));
#4473=CARTESIAN_POINT('',(76.5,91.25,10.));
#4474=CARTESIAN_POINT('',(133.5,133.5,10.));
#4475=CARTESIAN_POINT('',(91.25,133.5,10.));
#4476=CARTESIAN_POINT('',(133.5,76.5,10.));
#4477=CARTESIAN_POINT('',(133.5,118.75,10.));
#4478=CARTESIAN_POINT('',(118.75,76.5,10.));
#4479=CARTESIAN_POINT('',(76.5,68.5,10.));
#4480=CARTESIAN_POINT('',(76.5,11.5,10.));
#4481=CARTESIAN_POINT('',(76.5,58.75,10.));
#4482=CARTESIAN_POINT('',(133.5,68.5,10.));
#4483=CARTESIAN_POINT('',(91.25,68.5,10.));
#4484=CARTESIAN_POINT('',(133.5,11.5,10.));
#4485=CARTESIAN_POINT('',(133.5,86.25,10.));
#4486=CARTESIAN_POINT('',(118.75,11.5,10.));
#4487=CARTESIAN_POINT('Origin',(141.5,123.75,9.));
#4488=CARTESIAN_POINT('',(142.5,142.5,9.));
#4489=CARTESIAN_POINT('Origin',(141.5,141.5,9.));
#4490=CARTESIAN_POINT('',(142.5,197.5,9.));
#4491=CARTESIAN_POINT('',(142.5,123.75,9.));
#4492=CARTESIAN_POINT('Origin',(141.5,198.5,9.));
#4493=CARTESIAN_POINT('Origin',(151.25,141.5,9.));
#4494=CARTESIAN_POINT('',(197.5,142.5,9.));
#4495=CARTESIAN_POINT('Origin',(198.5,141.5,9.));
#4496=CARTESIAN_POINT('',(151.25,142.5,9.));
#4497=CARTESIAN_POINT('Origin',(198.5,151.25,9.));
#4498=CARTESIAN_POINT('',(197.5,197.5,9.));
#4499=CARTESIAN_POINT('Origin',(198.5,198.5,9.));
#4500=CARTESIAN_POINT('',(197.5,151.25,9.));
#4501=CARTESIAN_POINT('Origin',(123.75,198.5,9.));
#4502=CARTESIAN_POINT('',(123.75,197.5,9.));
#4503=CARTESIAN_POINT('Origin',(142.5,197.5,3.));
#4504=CARTESIAN_POINT('',(142.5,197.5,3.));
#4505=CARTESIAN_POINT('',(142.5,197.5,3.));
#4506=CARTESIAN_POINT('',(197.5,197.5,3.));
#4507=CARTESIAN_POINT('',(123.75,197.5,3.));
#4508=CARTESIAN_POINT('',(197.5,197.5,3.));
#4509=CARTESIAN_POINT('Origin',(142.5,142.5,3.));
#4510=CARTESIAN_POINT('',(142.5,142.5,3.));
#4511=CARTESIAN_POINT('',(142.5,142.5,3.));
#4512=CARTESIAN_POINT('',(142.5,123.75,3.));
#4513=CARTESIAN_POINT('Origin',(76.5,58.75,9.));
#4514=CARTESIAN_POINT('',(77.5,12.5,9.));
#4515=CARTESIAN_POINT('Origin',(76.5,11.5,9.));
#4516=CARTESIAN_POINT('',(77.5,67.5,9.));
#4517=CARTESIAN_POINT('',(77.5,58.75,9.));
#4518=CARTESIAN_POINT('Origin',(76.5,68.5,9.));
#4519=CARTESIAN_POINT('Origin',(118.75,11.5,9.));
#4520=CARTESIAN_POINT('',(132.5,12.5,9.));
#4521=CARTESIAN_POINT('Origin',(133.5,11.5,9.));
#4522=CARTESIAN_POINT('',(118.75,12.5,9.));
#4523=CARTESIAN_POINT('Origin',(133.5,86.25,9.));
#4524=CARTESIAN_POINT('',(132.5,67.5,9.));
#4525=CARTESIAN_POINT('Origin',(133.5,68.5,9.));
#4526=CARTESIAN_POINT('',(132.5,86.25,9.));
#4527=CARTESIAN_POINT('Origin',(91.25,68.5,9.));
#4528=CARTESIAN_POINT('',(91.25,67.5,9.));
#4529=CARTESIAN_POINT('Origin',(77.5,67.5,3.));
#4530=CARTESIAN_POINT('',(77.5,67.5,3.));
#4531=CARTESIAN_POINT('',(77.5,67.5,3.));
#4532=CARTESIAN_POINT('',(132.5,67.5,3.));
#4533=CARTESIAN_POINT('',(91.25,67.5,3.));
#4534=CARTESIAN_POINT('',(132.5,67.5,3.));
#4535=CARTESIAN_POINT('Origin',(77.5,12.5,3.));
#4536=CARTESIAN_POINT('',(77.5,12.5,3.));
#4537=CARTESIAN_POINT('',(77.5,12.5,3.));
#4538=CARTESIAN_POINT('',(77.5,58.75,3.));
#4539=CARTESIAN_POINT('Origin',(141.5,91.25,9.));
#4540=CARTESIAN_POINT('',(142.5,77.5,9.));
#4541=CARTESIAN_POINT('Origin',(141.5,76.5,9.));
#4542=CARTESIAN_POINT('',(142.5,132.5,9.));
#4543=CARTESIAN_POINT('',(142.5,91.25,9.));
#4544=CARTESIAN_POINT('Origin',(141.5,133.5,9.));
#4545=CARTESIAN_POINT('Origin',(151.25,76.5,9.));
#4546=CARTESIAN_POINT('',(197.5,77.5,9.));
#4547=CARTESIAN_POINT('Origin',(198.5,76.5,9.));
#4548=CARTESIAN_POINT('',(151.25,77.5,9.));
#4549=CARTESIAN_POINT('Origin',(198.5,118.75,9.));
#4550=CARTESIAN_POINT('',(197.5,132.5,9.));
#4551=CARTESIAN_POINT('Origin',(198.5,133.5,9.));
#4552=CARTESIAN_POINT('',(197.5,118.75,9.));
#4553=CARTESIAN_POINT('Origin',(123.75,133.5,9.));
#4554=CARTESIAN_POINT('',(123.75,132.5,9.));
#4555=CARTESIAN_POINT('Origin',(142.5,132.5,3.));
#4556=CARTESIAN_POINT('',(142.5,132.5,3.));
#4557=CARTESIAN_POINT('',(142.5,132.5,3.));
#4558=CARTESIAN_POINT('',(197.5,132.5,3.));
#4559=CARTESIAN_POINT('',(123.75,132.5,3.));
#4560=CARTESIAN_POINT('',(197.5,132.5,3.));
#4561=CARTESIAN_POINT('Origin',(142.5,77.5,3.));
#4562=CARTESIAN_POINT('',(142.5,77.5,3.));
#4563=CARTESIAN_POINT('',(142.5,77.5,3.));
#4564=CARTESIAN_POINT('',(142.5,91.25,3.));
#4565=CARTESIAN_POINT('Origin',(76.5,91.25,9.));
#4566=CARTESIAN_POINT('',(77.5,77.5,9.));
#4567=CARTESIAN_POINT('Origin',(76.5,76.5,9.));
#4568=CARTESIAN_POINT('',(77.5,132.5,9.));
#4569=CARTESIAN_POINT('',(77.5,91.25,9.));
#4570=CARTESIAN_POINT('Origin',(76.5,133.5,9.));
#4571=CARTESIAN_POINT('Origin',(118.75,76.5,9.));
#4572=CARTESIAN_POINT('',(132.5,77.5,9.));
#4573=CARTESIAN_POINT('Origin',(133.5,76.5,9.));
#4574=CARTESIAN_POINT('',(118.75,77.5,9.));
#4575=CARTESIAN_POINT('Origin',(133.5,118.75,9.));
#4576=CARTESIAN_POINT('',(132.5,132.5,9.));
#4577=CARTESIAN_POINT('Origin',(133.5,133.5,9.));
#4578=CARTESIAN_POINT('',(132.5,118.75,9.));
#4579=CARTESIAN_POINT('Origin',(91.25,133.5,9.));
#4580=CARTESIAN_POINT('',(91.25,132.5,9.));
#4581=CARTESIAN_POINT('Origin',(77.5,132.5,3.));
#4582=CARTESIAN_POINT('',(77.5,132.5,3.));
#4583=CARTESIAN_POINT('',(77.5,132.5,3.));
#4584=CARTESIAN_POINT('',(132.5,132.5,3.));
#4585=CARTESIAN_POINT('',(91.25,132.5,3.));
#4586=CARTESIAN_POINT('',(132.5,132.5,3.));
#4587=CARTESIAN_POINT('Origin',(77.5,77.5,3.));
#4588=CARTESIAN_POINT('',(77.5,77.5,3.));
#4589=CARTESIAN_POINT('',(77.5,77.5,3.));
#4590=CARTESIAN_POINT('',(77.5,91.25,3.));
#4591=CARTESIAN_POINT('Origin',(58.75,68.5,9.));
#4592=CARTESIAN_POINT('',(12.5,67.5,9.));
#4593=CARTESIAN_POINT('Origin',(11.5,68.5,9.));
#4594=CARTESIAN_POINT('',(67.5,67.5,9.));
#4595=CARTESIAN_POINT('',(58.75,67.5,9.));
#4596=CARTESIAN_POINT('Origin',(68.5,68.5,9.));
#4597=CARTESIAN_POINT('Origin',(11.5,58.75,9.));
#4598=CARTESIAN_POINT('',(12.5,12.5,9.));
#4599=CARTESIAN_POINT('Origin',(11.5,11.5,9.));
#4600=CARTESIAN_POINT('',(12.5,58.75,9.));
#4601=CARTESIAN_POINT('Origin',(86.25,11.5,9.));
#4602=CARTESIAN_POINT('',(67.5,12.5,9.));
#4603=CARTESIAN_POINT('Origin',(68.5,11.5,9.));
#4604=CARTESIAN_POINT('',(86.25,12.5,9.));
#4605=CARTESIAN_POINT('Origin',(68.5,86.25,9.));
#4606=CARTESIAN_POINT('',(67.5,86.25,9.));
#4607=CARTESIAN_POINT('Origin',(67.5,67.5,3.));
#4608=CARTESIAN_POINT('',(67.5,67.5,3.));
#4609=CARTESIAN_POINT('',(67.5,67.5,3.));
#4610=CARTESIAN_POINT('',(67.5,12.5,3.));
#4611=CARTESIAN_POINT('',(67.5,86.25,3.));
#4612=CARTESIAN_POINT('',(67.5,12.5,3.));
#4613=CARTESIAN_POINT('Origin',(12.5,67.5,3.));
#4614=CARTESIAN_POINT('',(12.5,67.5,3.));
#4615=CARTESIAN_POINT('',(12.5,67.5,3.));
#4616=CARTESIAN_POINT('',(58.75,67.5,3.));
#4617=CARTESIAN_POINT('Origin',(141.5,58.75,9.));
#4618=CARTESIAN_POINT('',(142.5,12.5,9.));
#4619=CARTESIAN_POINT('Origin',(141.5,11.5,9.));
#4620=CARTESIAN_POINT('',(142.5,67.5,9.));
#4621=CARTESIAN_POINT('',(142.5,58.75,9.));
#4622=CARTESIAN_POINT('Origin',(141.5,68.5,9.));
#4623=CARTESIAN_POINT('Origin',(151.25,11.5,9.));
#4624=CARTESIAN_POINT('',(197.5,12.5,9.));
#4625=CARTESIAN_POINT('Origin',(198.5,11.5,9.));
#4626=CARTESIAN_POINT('',(151.25,12.5,9.));
#4627=CARTESIAN_POINT('Origin',(198.5,86.25,9.));
#4628=CARTESIAN_POINT('',(197.5,67.5,9.));
#4629=CARTESIAN_POINT('Origin',(198.5,68.5,9.));
#4630=CARTESIAN_POINT('',(197.5,86.25,9.));
#4631=CARTESIAN_POINT('Origin',(123.75,68.5,9.));
#4632=CARTESIAN_POINT('',(123.75,67.5,9.));
#4633=CARTESIAN_POINT('Origin',(142.5,67.5,3.));
#4634=CARTESIAN_POINT('',(142.5,67.5,3.));
#4635=CARTESIAN_POINT('',(142.5,67.5,3.));
#4636=CARTESIAN_POINT('',(197.5,67.5,3.));
#4637=CARTESIAN_POINT('',(123.75,67.5,3.));
#4638=CARTESIAN_POINT('',(197.5,67.5,3.));
#4639=CARTESIAN_POINT('Origin',(142.5,12.5,3.));
#4640=CARTESIAN_POINT('',(142.5,12.5,3.));
#4641=CARTESIAN_POINT('',(142.5,12.5,3.));
#4642=CARTESIAN_POINT('',(142.5,58.75,3.));
#4643=CARTESIAN_POINT('Origin',(11.5,91.25,9.));
#4644=CARTESIAN_POINT('',(12.5,77.5,9.));
#4645=CARTESIAN_POINT('Origin',(11.5,76.5,9.));
#4646=CARTESIAN_POINT('',(12.5,132.5,9.));
#4647=CARTESIAN_POINT('',(12.5,91.25,9.));
#4648=CARTESIAN_POINT('Origin',(11.5,133.5,9.));
#4649=CARTESIAN_POINT('Origin',(86.25,76.5,9.));
#4650=CARTESIAN_POINT('',(67.5,77.5,9.));
#4651=CARTESIAN_POINT('Origin',(68.5,76.5,9.));
#4652=CARTESIAN_POINT('',(86.25,77.5,9.));
#4653=CARTESIAN_POINT('Origin',(68.5,118.75,9.));
#4654=CARTESIAN_POINT('',(67.5,132.5,9.));
#4655=CARTESIAN_POINT('Origin',(68.5,133.5,9.));
#4656=CARTESIAN_POINT('',(67.5,118.75,9.));
#4657=CARTESIAN_POINT('Origin',(58.75,133.5,9.));
#4658=CARTESIAN_POINT('',(58.75,132.5,9.));
#4659=CARTESIAN_POINT('Origin',(12.5,132.5,3.));
#4660=CARTESIAN_POINT('',(12.5,132.5,3.));
#4661=CARTESIAN_POINT('',(12.5,132.5,3.));
#4662=CARTESIAN_POINT('',(67.5,132.5,3.));
#4663=CARTESIAN_POINT('',(58.75,132.5,3.));
#4664=CARTESIAN_POINT('',(67.5,132.5,3.));
#4665=CARTESIAN_POINT('Origin',(12.5,77.5,3.));
#4666=CARTESIAN_POINT('',(12.5,77.5,3.));
#4667=CARTESIAN_POINT('',(12.5,77.5,3.));
#4668=CARTESIAN_POINT('',(12.5,91.25,3.));
#4669=CARTESIAN_POINT('Origin',(11.5,123.75,9.));
#4670=CARTESIAN_POINT('',(12.5,142.5,9.));
#4671=CARTESIAN_POINT('Origin',(11.5,141.5,9.));
#4672=CARTESIAN_POINT('',(12.5,197.5,9.));
#4673=CARTESIAN_POINT('',(12.5,123.75,9.));
#4674=CARTESIAN_POINT('Origin',(11.5,198.5,9.));
#4675=CARTESIAN_POINT('Origin',(86.25,141.5,9.));
#4676=CARTESIAN_POINT('',(67.5,142.5,9.));
#4677=CARTESIAN_POINT('Origin',(68.5,141.5,9.));
#4678=CARTESIAN_POINT('',(86.25,142.5,9.));
#4679=CARTESIAN_POINT('Origin',(68.5,151.25,9.));
#4680=CARTESIAN_POINT('',(67.5,197.5,9.));
#4681=CARTESIAN_POINT('Origin',(68.5,198.5,9.));
#4682=CARTESIAN_POINT('',(67.5,151.25,9.));
#4683=CARTESIAN_POINT('Origin',(58.75,198.5,9.));
#4684=CARTESIAN_POINT('',(58.75,197.5,9.));
#4685=CARTESIAN_POINT('Origin',(12.5,197.5,3.));
#4686=CARTESIAN_POINT('',(12.5,197.5,3.));
#4687=CARTESIAN_POINT('',(12.5,197.5,3.));
#4688=CARTESIAN_POINT('',(67.5,197.5,3.));
#4689=CARTESIAN_POINT('',(58.75,197.5,3.));
#4690=CARTESIAN_POINT('',(67.5,197.5,3.));
#4691=CARTESIAN_POINT('Origin',(12.5,142.5,3.));
#4692=CARTESIAN_POINT('',(12.5,142.5,3.));
#4693=CARTESIAN_POINT('',(12.5,142.5,3.));
#4694=CARTESIAN_POINT('',(12.5,123.75,3.));
#4695=CARTESIAN_POINT('Origin',(53.8817402607674,98.,1.));
#4696=CARTESIAN_POINT('',(0.999999999999996,98.,0.));
#4697=CARTESIAN_POINT('',(1.67115130232148,98.,0.));
#4698=CARTESIAN_POINT('',(53.8817402607674,98.,0.));
#4699=CARTESIAN_POINT('',(2.51348052153473,97.,1.));
#4700=CARTESIAN_POINT('Ctrl Pts',(1.67115130232148,98.,-2.77555756156289E-16));
#4701=CARTESIAN_POINT('Ctrl Pts',(1.67221461841654,97.9985386118089,-2.73426826648815E-16));
#4702=CARTESIAN_POINT('Ctrl Pts',(1.6732782933072,97.997077484264,3.20348290940835E-6));
#4703=CARTESIAN_POINT('Ctrl Pts',(1.75031421398387,97.8913109929708,0.000466821836541836));
#4704=CARTESIAN_POINT('Ctrl Pts',(1.82825265647512,97.7882411534068,0.0172350231242469));
#4705=CARTESIAN_POINT('Ctrl Pts',(1.9819474631892,97.593020467163,0.0808805505569996));
#4706=CARTESIAN_POINT('Ctrl Pts',(2.05820065453253,97.5001734232934,0.127581875087503));
#4707=CARTESIAN_POINT('Ctrl Pts',(2.21349563603956,97.3184601702677,0.25854315293981));
#4708=CARTESIAN_POINT('Ctrl Pts',(2.29261472512608,97.2307510193024,0.348173448161894));
#4709=CARTESIAN_POINT('Ctrl Pts',(2.40706752236049,97.1083981731675,0.537084859139901));
#4710=CARTESIAN_POINT('Ctrl Pts',(2.44845754814364,97.0657909662756,0.628407650147997));
#4711=CARTESIAN_POINT('Ctrl Pts',(2.50034921590467,97.0130404859181,0.815443794096615));
#4712=CARTESIAN_POINT('Ctrl Pts',(2.51348052153473,97.,0.906582693257421));
#4713=CARTESIAN_POINT('Ctrl Pts',(2.51348052153473,97.,1.));
#4714=CARTESIAN_POINT('',(0.,97.,1.));
#4715=CARTESIAN_POINT('',(53.8817402607674,97.,1.));
#4716=CARTESIAN_POINT('Origin',(0.999999999999996,98.,1.));
#4717=CARTESIAN_POINT('Origin',(171.000000596046,0.999999999999996,9.));
#4718=CARTESIAN_POINT('',(171.000000596046,0.,9.));
#4719=CARTESIAN_POINT('',(170.000000596046,1.,9.));
#4720=CARTESIAN_POINT('Origin',(171.000000596046,1.,9.));
#4721=CARTESIAN_POINT('Origin',(171.000000596046,0.999999999999996,9.));
#4722=CARTESIAN_POINT('Origin',(171.000000596046,0.999999999999996,9.));
#4723=CARTESIAN_POINT('Origin',(171.000000596046,0.999999999999996,1.));
#4724=CARTESIAN_POINT('',(171.000000596046,0.999999999999996,0.));
#4725=CARTESIAN_POINT('',(170.000000596046,0.999999999999996,1.));
#4726=CARTESIAN_POINT('Origin',(171.000000596046,0.999999999999996,1.));
#4727=CARTESIAN_POINT('',(171.000000596046,0.,1.));
#4728=CARTESIAN_POINT('Origin',(171.000000596046,0.999999999999996,1.));
#4729=CARTESIAN_POINT('Origin',(171.000000596046,1.,1.));
#4730=CARTESIAN_POINT('Origin',(52.5,0.999999999999996,1.));
#4731=CARTESIAN_POINT('',(210.,0.,1.));
#4732=CARTESIAN_POINT('',(52.5,0.,1.));
#4733=CARTESIAN_POINT('',(209.,0.999999999999996,0.));
#4734=CARTESIAN_POINT('',(52.5,0.999999999999996,0.));
#4735=CARTESIAN_POINT('Origin',(209.,0.999999999999996,1.));
#4736=CARTESIAN_POINT('Origin',(171.000000596046,1.,5.));
#4737=CARTESIAN_POINT('',(171.000000596046,0.,5.));
#4738=CARTESIAN_POINT('',(170.000000596046,1.,5.));
#4739=CARTESIAN_POINT('Origin',(169.000000596046,6.,9.));
#4740=CARTESIAN_POINT('',(170.000000596046,6.,9.));
#4741=CARTESIAN_POINT('',(169.000000596046,7.,9.));
#4742=CARTESIAN_POINT('Origin',(169.000000596046,6.,9.));
#4743=CARTESIAN_POINT('Origin',(171.000000596046,6.,9.));
#4744=CARTESIAN_POINT('Origin',(169.000000596046,8.,9.));
#4745=CARTESIAN_POINT('Origin',(171.000000596046,56.,9.));
#4746=CARTESIAN_POINT('',(170.000000596046,56.,9.));
#4747=CARTESIAN_POINT('Origin',(169.000000596046,6.,1.));
#4748=CARTESIAN_POINT('',(169.000000596046,8.,0.));
#4749=CARTESIAN_POINT('',(171.000000596046,6.,0.));
#4750=CARTESIAN_POINT('Origin',(169.000000596046,6.,0.));
#4751=CARTESIAN_POINT('',(170.000000596046,6.,1.));
#4752=CARTESIAN_POINT('Origin',(171.000000596046,6.,1.));
#4753=CARTESIAN_POINT('',(169.000000596046,7.,1.));
#4754=CARTESIAN_POINT('Origin',(169.000000596046,6.,1.));
#4755=CARTESIAN_POINT('Origin',(169.000000596046,8.,1.));
#4756=CARTESIAN_POINT('Origin',(171.000000596046,56.,1.));
#4757=CARTESIAN_POINT('',(171.000000596046,56.,0.));
#4758=CARTESIAN_POINT('',(170.000000596046,56.,1.));
#4759=CARTESIAN_POINT('Origin',(169.000000596046,6.,10.));
#4760=CARTESIAN_POINT('',(170.000000596046,6.,10.));
#4761=CARTESIAN_POINT('',(169.000000596046,7.,10.));
#4762=CARTESIAN_POINT('Origin',(41.0000005960464,6.,9.));
#4763=CARTESIAN_POINT('',(41.0000005960464,7.,9.));
#4764=CARTESIAN_POINT('',(40.0000005960464,6.,9.));
#4765=CARTESIAN_POINT('Origin',(41.0000005960464,6.,9.));
#4766=CARTESIAN_POINT('Origin',(41.0000005960464,8.,9.));
#4767=CARTESIAN_POINT('Origin',(39.0000005960464,6.,9.));
#4768=CARTESIAN_POINT('Origin',(72.5000002980232,8.,9.));
#4769=CARTESIAN_POINT('',(72.5000002980232,7.,9.));
#4770=CARTESIAN_POINT('Origin',(41.0000005960464,6.,1.));
#4771=CARTESIAN_POINT('',(39.0000005960464,6.,0.));
#4772=CARTESIAN_POINT('',(41.0000005960464,8.,0.));
#4773=CARTESIAN_POINT('Origin',(41.0000005960464,6.,0.));
#4774=CARTESIAN_POINT('',(41.0000005960464,7.,1.));
#4775=CARTESIAN_POINT('Origin',(41.0000005960464,8.,1.));
#4776=CARTESIAN_POINT('',(40.0000005960464,6.,1.));
#4777=CARTESIAN_POINT('Origin',(41.0000005960464,6.,1.));
#4778=CARTESIAN_POINT('Origin',(39.0000005960464,6.,1.));
#4779=CARTESIAN_POINT('Origin',(72.5000002980232,8.,1.));
#4780=CARTESIAN_POINT('',(72.5000002980232,8.,0.));
#4781=CARTESIAN_POINT('',(72.5000002980232,7.,1.));
#4782=CARTESIAN_POINT('Origin',(41.0000005960464,6.,10.));
#4783=CARTESIAN_POINT('',(41.0000005960464,7.,10.));
#4784=CARTESIAN_POINT('',(40.0000005960464,6.,10.));
#4785=CARTESIAN_POINT('Origin',(39.0000005960464,1.,9.));
#4786=CARTESIAN_POINT('',(39.0000005960464,0.,9.));
#4787=CARTESIAN_POINT('Origin',(39.0000005960464,0.999999999999996,9.));
#4788=CARTESIAN_POINT('',(40.0000005960464,0.999999999999996,9.));
#4789=CARTESIAN_POINT('Origin',(39.0000005960464,1.,9.));
#4790=CARTESIAN_POINT('Origin',(39.0000005960464,0.999999999999996,9.));
#4791=CARTESIAN_POINT('Origin',(39.0000005960464,1.,1.));
#4792=CARTESIAN_POINT('',(40.0000005960464,1.,1.));
#4793=CARTESIAN_POINT('',(39.0000005960464,0.999999999999996,0.));
#4794=CARTESIAN_POINT('Origin',(39.0000005960464,0.999999999999996,1.));
#4795=CARTESIAN_POINT('',(39.0000005960464,0.,1.));
#4796=CARTESIAN_POINT('Origin',(39.0000005960464,1.,1.));
#4797=CARTESIAN_POINT('Origin',(39.0000005960464,0.999999999999996,1.));
#4798=CARTESIAN_POINT('Origin',(39.0000005960464,1.,5.));
#4799=CARTESIAN_POINT('',(39.0000005960464,0.,5.));
#4800=CARTESIAN_POINT('',(40.0000005960464,1.,5.));
#4801=CARTESIAN_POINT('Origin',(52.5,0.999999999999996,1.));
#4802=CARTESIAN_POINT('',(0.999999999999996,0.999999999999996,0.));
#4803=CARTESIAN_POINT('',(52.5,0.999999999999996,0.));
#4804=CARTESIAN_POINT('',(0.,0.,1.));
#4805=CARTESIAN_POINT('',(52.5,0.,1.));
#4806=CARTESIAN_POINT('Origin',(0.999999999999996,0.999999999999996,1.));
#4807=CARTESIAN_POINT('Origin',(39.0000005960464,52.5,1.));
#4808=CARTESIAN_POINT('',(39.0000005960464,52.5,0.));
#4809=CARTESIAN_POINT('',(40.0000005960464,52.5,1.));
#4810=CARTESIAN_POINT('Origin',(39.0000005960464,52.5,9.));
#4811=CARTESIAN_POINT('',(40.0000005960464,52.5,9.));
#4812=CARTESIAN_POINT('Origin',(52.5,0.999999999999996,9.));
#4813=CARTESIAN_POINT('',(0.,0.,9.));
#4814=CARTESIAN_POINT('',(52.5,0.,9.));
#4815=CARTESIAN_POINT('Origin',(0.999999999999996,0.999999999999996,9.));
#4816=CARTESIAN_POINT('Origin',(0.999999999999996,157.5,1.));
#4817=CARTESIAN_POINT('',(0.999999999999996,90.,0.));
#4818=CARTESIAN_POINT('',(0.999999999999996,157.5,0.));
#4819=CARTESIAN_POINT('',(0.,91.,1.));
#4820=CARTESIAN_POINT('',(0.,157.5,1.));
#4821=CARTESIAN_POINT('Origin',(0.999999999999996,90.,1.));
#4822=CARTESIAN_POINT('Origin',(0.999999999999996,157.5,9.));
#4823=CARTESIAN_POINT('',(0.,210.,9.));
#4824=CARTESIAN_POINT('',(0.,157.5,9.));
#4825=CARTESIAN_POINT('Origin',(0.999999999999996,209.,9.));
#4826=CARTESIAN_POINT('Origin',(49.8817402607674,90.,1.));
#4827=CARTESIAN_POINT('',(1.67115130232149,90.,0.));
#4828=CARTESIAN_POINT('',(49.8817402607674,90.,0.));
#4829=CARTESIAN_POINT('',(2.51348052153473,91.,1.));
#4830=CARTESIAN_POINT('',(49.8817402607674,91.,1.));
#4831=CARTESIAN_POINT('Ctrl Pts',(2.51348052153473,91.,1.));
#4832=CARTESIAN_POINT('Ctrl Pts',(2.51348052153473,91.,0.906582693257421));
#4833=CARTESIAN_POINT('Ctrl Pts',(2.50034921590467,90.9869595140819,0.815443794096615));
#4834=CARTESIAN_POINT('Ctrl Pts',(2.44845754814364,90.9342090337244,0.628407650147997));
#4835=CARTESIAN_POINT('Ctrl Pts',(2.40706752236049,90.8916018268325,0.537084859139901));
#4836=CARTESIAN_POINT('Ctrl Pts',(2.29261472512609,90.7692489806976,0.348173448161908));
#4837=CARTESIAN_POINT('Ctrl Pts',(2.21349563603958,90.6815398297323,0.258543152939828));
#4838=CARTESIAN_POINT('Ctrl Pts',(2.0582006545325,90.4998265767065,0.127581875087483));
#4839=CARTESIAN_POINT('Ctrl Pts',(1.98194746318916,90.406979532837,0.0808805505569828));
#4840=CARTESIAN_POINT('Ctrl Pts',(1.82825265646378,90.2117588465788,0.0172350231195539));
#4841=CARTESIAN_POINT('Ctrl Pts',(1.75031421397185,90.1086890070139,0.0004668218364714));
#4842=CARTESIAN_POINT('Ctrl Pts',(1.67327829330792,90.0029225157369,3.20348291362601E-6));
#4843=CARTESIAN_POINT('Ctrl Pts',(1.67221461841585,90.0014613881902,-2.73426826651519E-16));
#4844=CARTESIAN_POINT('Ctrl Pts',(1.67115130232148,90.,-2.77555756156289E-16));
#4845=CARTESIAN_POINT('Origin',(157.5,209.,9.));
#4846=CARTESIAN_POINT('',(210.,210.,9.));
#4847=CARTESIAN_POINT('',(157.5,210.,9.));
#4848=CARTESIAN_POINT('Origin',(209.,209.,9.));
#4849=CARTESIAN_POINT('Origin',(4.76348052153473,91.,1.));
#4850=CARTESIAN_POINT('',(7.01348052153473,91.,1.));
#4851=CARTESIAN_POINT('Origin',(4.76348052153473,91.,1.));
#4852=CARTESIAN_POINT('',(8.01348052153473,91.,0.));
#4853=CARTESIAN_POINT('Origin',(8.01348052153473,91.,1.));
#4854=CARTESIAN_POINT('Origin',(4.76348052153473,91.,0.));
#4855=CARTESIAN_POINT('Origin',(8.01348052153473,98.,1.));
#4856=CARTESIAN_POINT('',(7.01348052153473,97.,1.));
#4857=CARTESIAN_POINT('',(8.01348052153473,97.,0.));
#4858=CARTESIAN_POINT('Origin',(8.01348052153473,97.,1.));
#4859=CARTESIAN_POINT('',(8.01348052153473,98.,0.));
#4860=CARTESIAN_POINT('',(7.01348052153473,98.,1.));
#4861=CARTESIAN_POINT('Origin',(4.76348052153473,97.,1.));
#4862=CARTESIAN_POINT('Origin',(4.76348052153473,97.,0.));
#4863=CARTESIAN_POINT('Origin',(4.76348052153473,97.,1.));
#4864=CARTESIAN_POINT('Origin',(209.,52.5,9.));
#4865=CARTESIAN_POINT('',(210.,0.,9.));
#4866=CARTESIAN_POINT('',(210.,52.5,9.));
#4867=CARTESIAN_POINT('Origin',(209.,0.999999999999996,9.));
#4868=CARTESIAN_POINT('Origin',(52.5,0.999999999999996,9.));
#4869=CARTESIAN_POINT('',(52.5,0.,9.));
#4870=CARTESIAN_POINT('Origin',(209.,52.5,1.));
#4871=CARTESIAN_POINT('',(210.,210.,1.));
#4872=CARTESIAN_POINT('',(210.,52.5,1.));
#4873=CARTESIAN_POINT('',(209.,209.,0.));
#4874=CARTESIAN_POINT('',(209.,52.5,0.));
#4875=CARTESIAN_POINT('Origin',(209.,209.,1.));
#4876=CARTESIAN_POINT('Origin',(157.5,209.,1.));
#4877=CARTESIAN_POINT('',(0.,210.,1.));
#4878=CARTESIAN_POINT('',(157.5,210.,1.));
#4879=CARTESIAN_POINT('',(0.999999999999996,209.,0.));
#4880=CARTESIAN_POINT('',(157.5,209.,0.));
#4881=CARTESIAN_POINT('Origin',(0.999999999999996,209.,1.));
#4882=CARTESIAN_POINT('Origin',(0.999999999999996,157.5,1.));
#4883=CARTESIAN_POINT('',(0.999999999999996,112.,0.));
#4884=CARTESIAN_POINT('',(0.999999999999996,157.5,0.));
#4885=CARTESIAN_POINT('',(0.,113.,1.));
#4886=CARTESIAN_POINT('',(0.,157.5,1.));
#4887=CARTESIAN_POINT('Origin',(0.999999999999996,112.,1.));
#4888=CARTESIAN_POINT('Origin',(0.999999999999996,157.5,1.));
#4889=CARTESIAN_POINT('',(0.,119.,1.));
#4890=CARTESIAN_POINT('',(0.,157.5,1.));
#4891=CARTESIAN_POINT('',(0.999999999999996,120.,0.));
#4892=CARTESIAN_POINT('',(0.999999999999996,157.5,0.));
#4893=CARTESIAN_POINT('Origin',(0.999999999999996,120.,1.));
#4894=CARTESIAN_POINT('Origin',(53.8817402607674,112.,1.));
#4895=CARTESIAN_POINT('',(1.67115130232149,112.,0.));
#4896=CARTESIAN_POINT('',(53.8817402607674,112.,0.));
#4897=CARTESIAN_POINT('',(2.51348052153473,113.,1.));
#4898=CARTESIAN_POINT('',(53.8817402607674,113.,1.));
#4899=CARTESIAN_POINT('Ctrl Pts',(2.51348052153473,113.,1.));
#4900=CARTESIAN_POINT('Ctrl Pts',(2.51348052153473,113.,0.906582693257421));
#4901=CARTESIAN_POINT('Ctrl Pts',(2.50034921590467,112.986959514082,0.815443794096615));
#4902=CARTESIAN_POINT('Ctrl Pts',(2.44845754814364,112.934209033724,0.628407650147997));
#4903=CARTESIAN_POINT('Ctrl Pts',(2.40706752236049,112.891601826833,0.537084859139901));
#4904=CARTESIAN_POINT('Ctrl Pts',(2.29261472512608,112.769248980698,0.348173448161894));
#4905=CARTESIAN_POINT('Ctrl Pts',(2.21349563603956,112.681539829732,0.25854315293981));
#4906=CARTESIAN_POINT('Ctrl Pts',(2.05820065453253,112.499826576707,0.127581875087503));
#4907=CARTESIAN_POINT('Ctrl Pts',(1.9819474631892,112.406979532837,0.0808805505569996));
#4908=CARTESIAN_POINT('Ctrl Pts',(1.82825265647512,112.211758846593,0.017235023124247));
#4909=CARTESIAN_POINT('Ctrl Pts',(1.75031421398387,112.108689007029,0.000466821836541837));
#4910=CARTESIAN_POINT('Ctrl Pts',(1.6732782933072,112.002922515736,3.20348290937835E-6));
#4911=CARTESIAN_POINT('Ctrl Pts',(1.67221461841655,112.001461388191,-2.73426826648796E-16));
#4912=CARTESIAN_POINT('Ctrl Pts',(1.67115130232148,112.,-2.77555756156289E-16));
#4913=CARTESIAN_POINT('Origin',(49.8817402607674,120.,1.));
#4914=CARTESIAN_POINT('',(2.51348052153473,119.,1.));
#4915=CARTESIAN_POINT('',(49.8817402607674,119.,1.));
#4916=CARTESIAN_POINT('',(1.67115130232148,120.,0.));
#4917=CARTESIAN_POINT('',(49.8817402607674,120.,0.));
#4918=CARTESIAN_POINT('Ctrl Pts',(1.67115130232148,120.,-2.77555756156289E-16));
#4919=CARTESIAN_POINT('Ctrl Pts',(1.67221461841585,119.99853861181,-2.73426826651519E-16));
#4920=CARTESIAN_POINT('Ctrl Pts',(1.67327829330792,119.997077484263,3.20348291362601E-6));
#4921=CARTESIAN_POINT('Ctrl Pts',(1.75031421397185,119.891310992986,0.0004668218364714));
#4922=CARTESIAN_POINT('Ctrl Pts',(1.82825265646378,119.788241153421,0.0172350231195539));
#4923=CARTESIAN_POINT('Ctrl Pts',(1.9819474631892,119.593020467163,0.0808805505569995));
#4924=CARTESIAN_POINT('Ctrl Pts',(2.05820065453253,119.500173423293,0.127581875087503));
#4925=CARTESIAN_POINT('Ctrl Pts',(2.21349563603956,119.318460170268,0.258543152939811));
#4926=CARTESIAN_POINT('Ctrl Pts',(2.29261472512608,119.230751019302,0.348173448161895));
#4927=CARTESIAN_POINT('Ctrl Pts',(2.40706752236049,119.108398173167,0.537084859139901));
#4928=CARTESIAN_POINT('Ctrl Pts',(2.44845754814364,119.065790966276,0.628407650147997));
#4929=CARTESIAN_POINT('Ctrl Pts',(2.50034921590467,119.013040485918,0.815443794096615));
#4930=CARTESIAN_POINT('Ctrl Pts',(2.51348052153473,119.,0.906582693257421));
#4931=CARTESIAN_POINT('Ctrl Pts',(2.51348052153473,119.,1.));
#4932=CARTESIAN_POINT('Origin',(4.76348052153473,113.,1.));
#4933=CARTESIAN_POINT('',(7.01348052153473,113.,1.));
#4934=CARTESIAN_POINT('Origin',(4.76348052153473,113.,1.));
#4935=CARTESIAN_POINT('',(8.01348052153473,113.,0.));
#4936=CARTESIAN_POINT('Origin',(8.01348052153473,113.,1.));
#4937=CARTESIAN_POINT('Origin',(4.76348052153473,113.,0.));
#4938=CARTESIAN_POINT('Origin',(8.01348052153473,112.,1.));
#4939=CARTESIAN_POINT('',(7.01348052153473,119.,1.));
#4940=CARTESIAN_POINT('',(8.01348052153472,119.,0.));
#4941=CARTESIAN_POINT('Origin',(8.01348052153472,119.,1.));
#4942=CARTESIAN_POINT('',(8.01348052153473,112.,0.));
#4943=CARTESIAN_POINT('',(7.01348052153473,112.,1.));
#4944=CARTESIAN_POINT('Origin',(4.76348052153473,119.,1.));
#4945=CARTESIAN_POINT('Origin',(4.76348052153473,119.,0.));
#4946=CARTESIAN_POINT('Origin',(4.76348052153473,119.,1.));
#4947=CARTESIAN_POINT('Origin',(7.01348052153473,119.,7.));
#4948=CARTESIAN_POINT('',(7.01348052153473,113.,7.25));
#4949=CARTESIAN_POINT('',(7.01348052153473,113.,7.));
#4950=CARTESIAN_POINT('',(7.01348052153473,119.,7.25));
#4951=CARTESIAN_POINT('',(7.01348052153473,117.5,7.25));
#4952=CARTESIAN_POINT('',(7.01348052153473,119.,7.));
#4953=CARTESIAN_POINT('Origin',(4.76348052153473,113.,7.));
#4954=CARTESIAN_POINT('',(2.51348052153473,113.,7.25));
#4955=CARTESIAN_POINT('',(2.51348052153473,113.,7.));
#4956=CARTESIAN_POINT('Origin',(4.76348052153473,113.,7.25));
#4957=CARTESIAN_POINT('Origin',(2.76348052153473,113.,7.));
#4958=CARTESIAN_POINT('',(0.,113.,7.25));
#4959=CARTESIAN_POINT('',(0.,113.,3.5));
#4960=CARTESIAN_POINT('',(1.76348052153473,113.,7.25));
#4961=CARTESIAN_POINT('Origin',(2.76348052153473,97.,7.));
#4962=CARTESIAN_POINT('',(2.51348052153473,97.,7.25));
#4963=CARTESIAN_POINT('',(2.51348052153473,97.,7.));
#4964=CARTESIAN_POINT('',(0.,97.,7.25));
#4965=CARTESIAN_POINT('',(1.76348052153473,97.,7.25));
#4966=CARTESIAN_POINT('',(0.,97.,3.5));
#4967=CARTESIAN_POINT('Origin',(4.76348052153473,97.,7.));
#4968=CARTESIAN_POINT('',(7.01348052153473,97.,7.25));
#4969=CARTESIAN_POINT('',(7.01348052153473,97.,7.));
#4970=CARTESIAN_POINT('Origin',(4.76348052153473,97.,7.25));
#4971=CARTESIAN_POINT('Origin',(7.01348052153473,91.,7.));
#4972=CARTESIAN_POINT('',(7.01348052153473,91.,7.25));
#4973=CARTESIAN_POINT('',(7.01348052153473,91.,7.));
#4974=CARTESIAN_POINT('',(7.01348052153473,92.5,7.25));
#4975=CARTESIAN_POINT('Origin',(4.76348052153473,91.,7.));
#4976=CARTESIAN_POINT('',(2.51348052153473,91.,7.25));
#4977=CARTESIAN_POINT('',(2.51348052153473,91.,7.));
#4978=CARTESIAN_POINT('Origin',(4.76348052153473,91.,7.25));
#4979=CARTESIAN_POINT('Origin',(-5.23651947846528,91.,7.));
#4980=CARTESIAN_POINT('',(0.,91.,7.25));
#4981=CARTESIAN_POINT('',(0.,91.,3.5));
#4982=CARTESIAN_POINT('',(-2.23651947846527,91.,7.25));
#4983=CARTESIAN_POINT('Origin',(0.,0.,0.));
#4984=CARTESIAN_POINT('',(0.,0.,0.));
#4985=CARTESIAN_POINT('Origin',(170.000000596046,7.,10.));
#4986=CARTESIAN_POINT('Origin',(40.0000005960464,7.,10.));
#4987=CARTESIAN_POINT('Origin',(40.0000005960464,0.,10.));
#4988=CARTESIAN_POINT('Origin',(105.,105.,0.));
#4989=CARTESIAN_POINT('Origin',(0.763480521534726,116.,7.25));
#4990=CARTESIAN_POINT('',(0.,119.,7.25));
#4991=CARTESIAN_POINT('',(0.,163.,7.25));
#4992=CARTESIAN_POINT('',(2.51348052153473,119.,7.25));
#4993=CARTESIAN_POINT('',(-2.23651947846527,119.,7.25));
#4994=CARTESIAN_POINT('Origin',(4.76348052153473,119.,7.25));
#4995=CARTESIAN_POINT('Origin',(0.763480521534726,94.,7.25));
#4996=CARTESIAN_POINT('',(0.,152.,7.25));
#4997=CARTESIAN_POINT('Origin',(-5.23651947846528,119.,7.));
#4998=CARTESIAN_POINT('',(2.51348052153473,119.,7.));
#4999=CARTESIAN_POINT('',(0.,119.,3.5));
#5000=CARTESIAN_POINT('Origin',(4.76348052153473,119.,7.));
#5001=CARTESIAN_POINT('Origin',(0.,0.,0.));
#5002=CARTESIAN_POINT('',(210.,0.,0.));
#5003=CARTESIAN_POINT('Origin',(67.5,142.5,3.));
#5004=CARTESIAN_POINT('',(67.5,142.5,3.));
#5005=CARTESIAN_POINT('',(67.5,142.5,3.));
#5006=CARTESIAN_POINT('',(86.25,142.5,3.));
#5007=CARTESIAN_POINT('Origin',(67.5,197.5,3.));
#5008=CARTESIAN_POINT('',(67.5,151.25,3.));
#5009=CARTESIAN_POINT('Origin',(67.5,77.5,3.));
#5010=CARTESIAN_POINT('',(67.5,77.5,3.));
#5011=CARTESIAN_POINT('',(67.5,77.5,3.));
#5012=CARTESIAN_POINT('',(86.25,77.5,3.));
#5013=CARTESIAN_POINT('Origin',(67.5,132.5,3.));
#5014=CARTESIAN_POINT('',(67.5,118.75,3.));
#5015=CARTESIAN_POINT('Origin',(197.5,12.5,3.));
#5016=CARTESIAN_POINT('',(197.5,12.5,3.));
#5017=CARTESIAN_POINT('',(197.5,12.5,3.));
#5018=CARTESIAN_POINT('',(151.25,12.5,3.));
#5019=CARTESIAN_POINT('Origin',(197.5,67.5,3.));
#5020=CARTESIAN_POINT('',(197.5,86.25,3.));
#5021=CARTESIAN_POINT('Origin',(12.5,12.5,3.));
#5022=CARTESIAN_POINT('',(12.5,12.5,3.));
#5023=CARTESIAN_POINT('',(12.5,12.5,3.));
#5024=CARTESIAN_POINT('',(12.5,58.75,3.));
#5025=CARTESIAN_POINT('Origin',(67.5,12.5,3.));
#5026=CARTESIAN_POINT('',(86.25,12.5,3.));
#5027=CARTESIAN_POINT('Origin',(132.5,77.5,3.));
#5028=CARTESIAN_POINT('',(132.5,77.5,3.));
#5029=CARTESIAN_POINT('',(132.5,77.5,3.));
#5030=CARTESIAN_POINT('',(118.75,77.5,3.));
#5031=CARTESIAN_POINT('Origin',(132.5,132.5,3.));
#5032=CARTESIAN_POINT('',(132.5,118.75,3.));
#5033=CARTESIAN_POINT('Origin',(197.5,77.5,3.));
#5034=CARTESIAN_POINT('',(197.5,77.5,3.));
#5035=CARTESIAN_POINT('',(197.5,77.5,3.));
#5036=CARTESIAN_POINT('',(151.25,77.5,3.));
#5037=CARTESIAN_POINT('Origin',(197.5,132.5,3.));
#5038=CARTESIAN_POINT('',(197.5,118.75,3.));
#5039=CARTESIAN_POINT('Origin',(132.5,12.5,3.));
#5040=CARTESIAN_POINT('',(132.5,12.5,3.));
#5041=CARTESIAN_POINT('',(132.5,12.5,3.));
#5042=CARTESIAN_POINT('',(118.75,12.5,3.));
#5043=CARTESIAN_POINT('Origin',(132.5,67.5,3.));
#5044=CARTESIAN_POINT('',(132.5,86.25,3.));
#5045=CARTESIAN_POINT('Origin',(197.5,142.5,3.));
#5046=CARTESIAN_POINT('',(197.5,142.5,3.));
#5047=CARTESIAN_POINT('',(197.5,142.5,3.));
#5048=CARTESIAN_POINT('',(151.25,142.5,3.));
#5049=CARTESIAN_POINT('Origin',(197.5,197.5,3.));
#5050=CARTESIAN_POINT('',(197.5,151.25,3.));
#5051=CARTESIAN_POINT('Origin',(132.5,142.5,3.));
#5052=CARTESIAN_POINT('',(132.5,142.5,3.));
#5053=CARTESIAN_POINT('',(132.5,142.5,3.));
#5054=CARTESIAN_POINT('',(118.75,142.5,3.));
#5055=CARTESIAN_POINT('Origin',(132.5,197.5,3.));
#5056=CARTESIAN_POINT('',(132.5,151.25,3.));
#5057=CARTESIAN_POINT('Origin',(105.,105.,3.));
#5058=CARTESIAN_POINT('Origin',(105.,105.,3.));
#5059=CARTESIAN_POINT('Origin',(105.,105.,3.));
#5060=CARTESIAN_POINT('Origin',(105.,105.,3.));
#5061=CARTESIAN_POINT('Origin',(105.,105.,3.));
#5062=CARTESIAN_POINT('Origin',(105.,105.,3.));
#5063=CARTESIAN_POINT('Origin',(105.,105.,3.));
#5064=CARTESIAN_POINT('Origin',(105.,105.,3.));
#5065=CARTESIAN_POINT('Origin',(105.,105.,3.));
#5066=CARTESIAN_POINT('Origin',(0.,210.,0.));
#5067=CARTESIAN_POINT('',(0.,210.,0.));
#5068=CARTESIAN_POINT('Origin',(210.,210.,0.));
#5069=CARTESIAN_POINT('',(210.,210.,0.));
#5070=CARTESIAN_POINT('Origin',(210.,0.,0.));
#5071=CARTESIAN_POINT('Origin',(132.5,12.5,3.));
#5072=CARTESIAN_POINT('',(132.5,12.5,3.));
#5073=CARTESIAN_POINT('',(132.5,67.5,3.));
#5074=CARTESIAN_POINT('',(132.5,86.25,3.));
#5075=CARTESIAN_POINT('',(132.5,67.5,6.));
#5076=CARTESIAN_POINT('',(132.5,67.5,3.));
#5077=CARTESIAN_POINT('',(132.5,12.5,6.));
#5078=CARTESIAN_POINT('',(132.5,86.25,6.));
#5079=CARTESIAN_POINT('',(132.5,12.5,3.));
#5080=CARTESIAN_POINT('Origin',(77.5,12.5,3.));
#5081=CARTESIAN_POINT('',(77.5,12.5,3.));
#5082=CARTESIAN_POINT('',(118.75,12.5,3.));
#5083=CARTESIAN_POINT('',(77.5,12.5,6.));
#5084=CARTESIAN_POINT('',(118.75,12.5,6.));
#5085=CARTESIAN_POINT('',(77.5,12.5,3.));
#5086=CARTESIAN_POINT('Origin',(77.5,67.5,3.));
#5087=CARTESIAN_POINT('',(77.5,67.5,3.));
#5088=CARTESIAN_POINT('',(77.5,58.75,3.));
#5089=CARTESIAN_POINT('',(77.5,67.5,6.));
#5090=CARTESIAN_POINT('',(77.5,58.75,6.));
#5091=CARTESIAN_POINT('',(77.5,67.5,3.));
#5092=CARTESIAN_POINT('Origin',(132.5,67.5,3.));
#5093=CARTESIAN_POINT('',(91.25,67.5,3.));
#5094=CARTESIAN_POINT('',(91.25,67.5,6.));
#5095=CARTESIAN_POINT('Origin',(105.,105.,6.));
#5096=CARTESIAN_POINT('Origin',(105.,105.,3.));
#5097=CARTESIAN_POINT('Origin',(197.5,77.5,3.));
#5098=CARTESIAN_POINT('',(197.5,77.5,3.));
#5099=CARTESIAN_POINT('',(197.5,132.5,3.));
#5100=CARTESIAN_POINT('',(197.5,118.75,3.));
#5101=CARTESIAN_POINT('',(197.5,132.5,6.));
#5102=CARTESIAN_POINT('',(197.5,132.5,3.));
#5103=CARTESIAN_POINT('',(197.5,77.5,6.));
#5104=CARTESIAN_POINT('',(197.5,118.75,6.));
#5105=CARTESIAN_POINT('',(197.5,77.5,3.));
#5106=CARTESIAN_POINT('Origin',(142.5,77.5,3.));
#5107=CARTESIAN_POINT('',(142.5,77.5,3.));
#5108=CARTESIAN_POINT('',(151.25,77.5,3.));
#5109=CARTESIAN_POINT('',(142.5,77.5,6.));
#5110=CARTESIAN_POINT('',(151.25,77.5,6.));
#5111=CARTESIAN_POINT('',(142.5,77.5,3.));
#5112=CARTESIAN_POINT('Origin',(142.5,132.5,3.));
#5113=CARTESIAN_POINT('',(142.5,132.5,3.));
#5114=CARTESIAN_POINT('',(142.5,91.25,3.));
#5115=CARTESIAN_POINT('',(142.5,132.5,6.));
#5116=CARTESIAN_POINT('',(142.5,91.25,6.));
#5117=CARTESIAN_POINT('',(142.5,132.5,3.));
#5118=CARTESIAN_POINT('Origin',(197.5,132.5,3.));
#5119=CARTESIAN_POINT('',(123.75,132.5,3.));
#5120=CARTESIAN_POINT('',(123.75,132.5,6.));
#5121=CARTESIAN_POINT('Origin',(105.,105.,6.));
#5122=CARTESIAN_POINT('Origin',(105.,105.,3.));
#5123=CARTESIAN_POINT('Origin',(67.5,77.5,3.));
#5124=CARTESIAN_POINT('',(67.5,77.5,3.));
#5125=CARTESIAN_POINT('',(67.5,132.5,3.));
#5126=CARTESIAN_POINT('',(67.5,118.75,3.));
#5127=CARTESIAN_POINT('',(67.5,132.5,6.));
#5128=CARTESIAN_POINT('',(67.5,132.5,3.));
#5129=CARTESIAN_POINT('',(67.5,77.5,6.));
#5130=CARTESIAN_POINT('',(67.5,118.75,6.));
#5131=CARTESIAN_POINT('',(67.5,77.5,3.));
#5132=CARTESIAN_POINT('Origin',(12.5,77.5,3.));
#5133=CARTESIAN_POINT('',(12.5,77.5,3.));
#5134=CARTESIAN_POINT('',(86.25,77.5,3.));
#5135=CARTESIAN_POINT('',(12.5,77.5,6.));
#5136=CARTESIAN_POINT('',(86.25,77.5,6.));
#5137=CARTESIAN_POINT('',(12.5,77.5,3.));
#5138=CARTESIAN_POINT('Origin',(12.5,132.5,3.));
#5139=CARTESIAN_POINT('',(12.5,132.5,3.));
#5140=CARTESIAN_POINT('',(12.5,91.25,3.));
#5141=CARTESIAN_POINT('',(12.5,132.5,6.));
#5142=CARTESIAN_POINT('',(12.5,91.25,6.));
#5143=CARTESIAN_POINT('',(12.5,132.5,3.));
#5144=CARTESIAN_POINT('Origin',(67.5,132.5,3.));
#5145=CARTESIAN_POINT('',(58.75,132.5,3.));
#5146=CARTESIAN_POINT('',(58.75,132.5,6.));
#5147=CARTESIAN_POINT('Origin',(105.,105.,6.));
#5148=CARTESIAN_POINT('Origin',(105.,105.,3.));
#5149=CARTESIAN_POINT('Origin',(132.5,77.5,3.));
#5150=CARTESIAN_POINT('',(132.5,77.5,3.));
#5151=CARTESIAN_POINT('',(132.5,132.5,3.));
#5152=CARTESIAN_POINT('',(132.5,118.75,3.));
#5153=CARTESIAN_POINT('',(132.5,132.5,6.));
#5154=CARTESIAN_POINT('',(132.5,132.5,3.));
#5155=CARTESIAN_POINT('',(132.5,77.5,6.));
#5156=CARTESIAN_POINT('',(132.5,118.75,6.));
#5157=CARTESIAN_POINT('',(132.5,77.5,3.));
#5158=CARTESIAN_POINT('Origin',(77.5,77.5,3.));
#5159=CARTESIAN_POINT('',(77.5,77.5,3.));
#5160=CARTESIAN_POINT('',(118.75,77.5,3.));
#5161=CARTESIAN_POINT('',(77.5,77.5,6.));
#5162=CARTESIAN_POINT('',(118.75,77.5,6.));
#5163=CARTESIAN_POINT('',(77.5,77.5,3.));
#5164=CARTESIAN_POINT('Origin',(77.5,132.5,3.));
#5165=CARTESIAN_POINT('',(77.5,132.5,3.));
#5166=CARTESIAN_POINT('',(77.5,91.25,3.));
#5167=CARTESIAN_POINT('',(77.5,132.5,6.));
#5168=CARTESIAN_POINT('',(77.5,91.25,6.));
#5169=CARTESIAN_POINT('',(77.5,132.5,3.));
#5170=CARTESIAN_POINT('Origin',(132.5,132.5,3.));
#5171=CARTESIAN_POINT('',(91.25,132.5,3.));
#5172=CARTESIAN_POINT('',(91.25,132.5,6.));
#5173=CARTESIAN_POINT('Origin',(105.,105.,6.));
#5174=CARTESIAN_POINT('Origin',(105.,105.,3.));
#5175=CARTESIAN_POINT('Origin',(132.5,142.5,3.));
#5176=CARTESIAN_POINT('',(132.5,142.5,3.));
#5177=CARTESIAN_POINT('',(132.5,197.5,3.));
#5178=CARTESIAN_POINT('',(132.5,151.25,3.));
#5179=CARTESIAN_POINT('',(132.5,197.5,6.));
#5180=CARTESIAN_POINT('',(132.5,197.5,3.));
#5181=CARTESIAN_POINT('',(132.5,142.5,6.));
#5182=CARTESIAN_POINT('',(132.5,151.25,6.));
#5183=CARTESIAN_POINT('',(132.5,142.5,3.));
#5184=CARTESIAN_POINT('Origin',(77.5,142.5,3.));
#5185=CARTESIAN_POINT('',(77.5,142.5,3.));
#5186=CARTESIAN_POINT('',(118.75,142.5,3.));
#5187=CARTESIAN_POINT('',(77.5,142.5,6.));
#5188=CARTESIAN_POINT('',(118.75,142.5,6.));
#5189=CARTESIAN_POINT('',(77.5,142.5,3.));
#5190=CARTESIAN_POINT('Origin',(77.5,197.5,3.));
#5191=CARTESIAN_POINT('',(77.5,197.5,3.));
#5192=CARTESIAN_POINT('',(77.5,123.75,3.));
#5193=CARTESIAN_POINT('',(77.5,197.5,6.));
#5194=CARTESIAN_POINT('',(77.5,123.75,6.));
#5195=CARTESIAN_POINT('',(77.5,197.5,3.));
#5196=CARTESIAN_POINT('Origin',(132.5,197.5,3.));
#5197=CARTESIAN_POINT('',(91.25,197.5,3.));
#5198=CARTESIAN_POINT('',(91.25,197.5,6.));
#5199=CARTESIAN_POINT('Origin',(105.,105.,6.));
#5200=CARTESIAN_POINT('Origin',(105.,105.,3.));
#5201=CARTESIAN_POINT('Origin',(197.5,12.5,3.));
#5202=CARTESIAN_POINT('',(197.5,12.5,3.));
#5203=CARTESIAN_POINT('',(197.5,67.5,3.));
#5204=CARTESIAN_POINT('',(197.5,86.25,3.));
#5205=CARTESIAN_POINT('',(197.5,67.5,6.));
#5206=CARTESIAN_POINT('',(197.5,67.5,3.));
#5207=CARTESIAN_POINT('',(197.5,12.5,6.));
#5208=CARTESIAN_POINT('',(197.5,86.25,6.));
#5209=CARTESIAN_POINT('',(197.5,12.5,3.));
#5210=CARTESIAN_POINT('Origin',(142.5,12.5,3.));
#5211=CARTESIAN_POINT('',(142.5,12.5,3.));
#5212=CARTESIAN_POINT('',(151.25,12.5,3.));
#5213=CARTESIAN_POINT('',(142.5,12.5,6.));
#5214=CARTESIAN_POINT('',(151.25,12.5,6.));
#5215=CARTESIAN_POINT('',(142.5,12.5,3.));
#5216=CARTESIAN_POINT('Origin',(142.5,67.5,3.));
#5217=CARTESIAN_POINT('',(142.5,67.5,3.));
#5218=CARTESIAN_POINT('',(142.5,58.75,3.));
#5219=CARTESIAN_POINT('',(142.5,67.5,6.));
#5220=CARTESIAN_POINT('',(142.5,58.75,6.));
#5221=CARTESIAN_POINT('',(142.5,67.5,3.));
#5222=CARTESIAN_POINT('Origin',(197.5,67.5,3.));
#5223=CARTESIAN_POINT('',(123.75,67.5,3.));
#5224=CARTESIAN_POINT('',(123.75,67.5,6.));
#5225=CARTESIAN_POINT('Origin',(105.,105.,6.));
#5226=CARTESIAN_POINT('Origin',(105.,105.,3.));
#5227=CARTESIAN_POINT('Origin',(67.5,142.5,3.));
#5228=CARTESIAN_POINT('',(67.5,142.5,3.));
#5229=CARTESIAN_POINT('',(67.5,197.5,3.));
#5230=CARTESIAN_POINT('',(67.5,151.25,3.));
#5231=CARTESIAN_POINT('',(67.5,197.5,6.));
#5232=CARTESIAN_POINT('',(67.5,197.5,3.));
#5233=CARTESIAN_POINT('',(67.5,142.5,6.));
#5234=CARTESIAN_POINT('',(67.5,151.25,6.));
#5235=CARTESIAN_POINT('',(67.5,142.5,3.));
#5236=CARTESIAN_POINT('Origin',(12.5,142.5,3.));
#5237=CARTESIAN_POINT('',(12.5,142.5,3.));
#5238=CARTESIAN_POINT('',(86.25,142.5,3.));
#5239=CARTESIAN_POINT('',(12.5,142.5,6.));
#5240=CARTESIAN_POINT('',(86.25,142.5,6.));
#5241=CARTESIAN_POINT('',(12.5,142.5,3.));
#5242=CARTESIAN_POINT('Origin',(12.5,197.5,3.));
#5243=CARTESIAN_POINT('',(12.5,197.5,3.));
#5244=CARTESIAN_POINT('',(12.5,123.75,3.));
#5245=CARTESIAN_POINT('',(12.5,197.5,6.));
#5246=CARTESIAN_POINT('',(12.5,123.75,6.));
#5247=CARTESIAN_POINT('',(12.5,197.5,3.));
#5248=CARTESIAN_POINT('Origin',(67.5,197.5,3.));
#5249=CARTESIAN_POINT('',(58.75,197.5,3.));
#5250=CARTESIAN_POINT('',(58.75,197.5,6.));
#5251=CARTESIAN_POINT('Origin',(105.,105.,6.));
#5252=CARTESIAN_POINT('Origin',(105.,105.,3.));
#5253=CARTESIAN_POINT('Origin',(12.5,12.5,3.));
#5254=CARTESIAN_POINT('',(12.5,12.5,3.));
#5255=CARTESIAN_POINT('',(67.5,12.5,3.));
#5256=CARTESIAN_POINT('',(86.25,12.5,3.));
#5257=CARTESIAN_POINT('',(67.5,12.5,6.));
#5258=CARTESIAN_POINT('',(67.5,12.5,3.));
#5259=CARTESIAN_POINT('',(12.5,12.5,6.));
#5260=CARTESIAN_POINT('',(86.25,12.5,6.));
#5261=CARTESIAN_POINT('',(12.5,12.5,3.));
#5262=CARTESIAN_POINT('Origin',(12.5,67.5,3.));
#5263=CARTESIAN_POINT('',(12.5,67.5,3.));
#5264=CARTESIAN_POINT('',(12.5,58.75,3.));
#5265=CARTESIAN_POINT('',(12.5,67.5,6.));
#5266=CARTESIAN_POINT('',(12.5,58.75,6.));
#5267=CARTESIAN_POINT('',(12.5,67.5,3.));
#5268=CARTESIAN_POINT('Origin',(67.5,67.5,3.));
#5269=CARTESIAN_POINT('',(67.5,67.5,3.));
#5270=CARTESIAN_POINT('',(58.75,67.5,3.));
#5271=CARTESIAN_POINT('',(67.5,67.5,6.));
#5272=CARTESIAN_POINT('',(58.75,67.5,6.));
#5273=CARTESIAN_POINT('',(67.5,67.5,3.));
#5274=CARTESIAN_POINT('Origin',(67.5,12.5,3.));
#5275=CARTESIAN_POINT('',(67.5,86.25,3.));
#5276=CARTESIAN_POINT('',(67.5,86.25,6.));
#5277=CARTESIAN_POINT('Origin',(105.,105.,6.));
#5278=CARTESIAN_POINT('Origin',(105.,105.,3.));
#5279=CARTESIAN_POINT('Origin',(197.5,142.5,3.));
#5280=CARTESIAN_POINT('',(197.5,142.5,3.));
#5281=CARTESIAN_POINT('',(197.5,197.5,3.));
#5282=CARTESIAN_POINT('',(197.5,151.25,3.));
#5283=CARTESIAN_POINT('',(197.5,197.5,6.));
#5284=CARTESIAN_POINT('',(197.5,197.5,3.));
#5285=CARTESIAN_POINT('',(197.5,142.5,6.));
#5286=CARTESIAN_POINT('',(197.5,151.25,6.));
#5287=CARTESIAN_POINT('',(197.5,142.5,3.));
#5288=CARTESIAN_POINT('Origin',(142.5,142.5,3.));
#5289=CARTESIAN_POINT('',(142.5,142.5,3.));
#5290=CARTESIAN_POINT('',(151.25,142.5,3.));
#5291=CARTESIAN_POINT('',(142.5,142.5,6.));
#5292=CARTESIAN_POINT('',(151.25,142.5,6.));
#5293=CARTESIAN_POINT('',(142.5,142.5,3.));
#5294=CARTESIAN_POINT('Origin',(142.5,197.5,3.));
#5295=CARTESIAN_POINT('',(142.5,197.5,3.));
#5296=CARTESIAN_POINT('',(142.5,123.75,3.));
#5297=CARTESIAN_POINT('',(142.5,197.5,6.));
#5298=CARTESIAN_POINT('',(142.5,123.75,6.));
#5299=CARTESIAN_POINT('',(142.5,197.5,3.));
#5300=CARTESIAN_POINT('Origin',(197.5,197.5,3.));
#5301=CARTESIAN_POINT('',(123.75,197.5,3.));
#5302=CARTESIAN_POINT('',(123.75,197.5,6.));
#5303=CARTESIAN_POINT('Origin',(105.,105.,6.));
#5304=CARTESIAN_POINT('Origin',(105.,105.,3.));
#5305=UNCERTAINTY_MEASURE_WITH_UNIT(LENGTH_MEASURE(0.01),#5309,
'DISTANCE_ACCURACY_VALUE',
'Maximum model space distance between geometric entities at asserted c
onnectivities');
#5306=UNCERTAINTY_MEASURE_WITH_UNIT(LENGTH_MEASURE(0.01),#5309,
'DISTANCE_ACCURACY_VALUE',
'Maximum model space distance between geometric entities at asserted c
onnectivities');
#5307=(
GEOMETRIC_REPRESENTATION_CONTEXT(3)
GLOBAL_UNCERTAINTY_ASSIGNED_CONTEXT((#5305))
GLOBAL_UNIT_ASSIGNED_CONTEXT((#5309,#5311,#5312))
REPRESENTATION_CONTEXT('','3D')
);
#5308=(
GEOMETRIC_REPRESENTATION_CONTEXT(3)
GLOBAL_UNCERTAINTY_ASSIGNED_CONTEXT((#5306))
GLOBAL_UNIT_ASSIGNED_CONTEXT((#5309,#5311,#5312))
REPRESENTATION_CONTEXT('','3D')
);
#5309=(
LENGTH_UNIT()
NAMED_UNIT(*)
SI_UNIT(.MILLI.,.METRE.)
);
#5310=(
LENGTH_UNIT()
NAMED_UNIT(*)
SI_UNIT($,.METRE.)
);
#5311=(
NAMED_UNIT(*)
PLANE_ANGLE_UNIT()
SI_UNIT($,.RADIAN.)
);
#5312=(
NAMED_UNIT(*)
SI_UNIT($,.STERADIAN.)
SOLID_ANGLE_UNIT()
);
#5313=SHAPE_DEFINITION_REPRESENTATION(#5314,#5315);
#5314=PRODUCT_DEFINITION_SHAPE('',$,#5317);
#5315=SHAPE_REPRESENTATION('',(#3165),#5307);
#5316=PRODUCT_DEFINITION_CONTEXT('part definition',#5321,'design');
#5317=PRODUCT_DEFINITION('Board Main','Board Main',#5318,#5316);
#5318=PRODUCT_DEFINITION_FORMATION('',$,#5323);
#5319=PRODUCT_RELATED_PRODUCT_CATEGORY('Board Main','Board Main',(#5323));
#5320=APPLICATION_PROTOCOL_DEFINITION('international standard',
'automotive_design',2009,#5321);
#5321=APPLICATION_CONTEXT(
'Core Data for Automotive Mechanical Design Process');
#5322=PRODUCT_CONTEXT('part definition',#5321,'mechanical');
#5323=PRODUCT('Board Main','Board Main',$,(#5322));
#5324=PRESENTATION_STYLE_ASSIGNMENT((#5325));
#5325=SURFACE_STYLE_USAGE(.BOTH.,#5326);
#5326=SURFACE_SIDE_STYLE('',(#5327));
#5327=SURFACE_STYLE_FILL_AREA(#5328);
#5328=FILL_AREA_STYLE('Steel - Satin',(#5329));
#5329=FILL_AREA_STYLE_COLOUR('Steel - Satin',#5330);
#5330=COLOUR_RGB('Steel - Satin',0.627450980392157,0.627450980392157,0.627450980392157);
ENDSEC;
END-ISO-10303-21;
