ISO-10303-21;
HEADER;
/* Generated by software containing ST-Developer
 * from STEP Tools, Inc. (www.steptools.com) 
 */

FILE_DESCRIPTION(
/* description */ (''),
/* implementation_level */ '2;1');

FILE_NAME(
/* name */ 'Cam Tower.step',
/* time_stamp */ '2026-08-27T00:44:43+09:00',
/* author */ (''),
/* organization */ (''),
/* preprocessor_version */ 'ST-DEVELOPER v20.1',
/* originating_system */ 'Autodesk Translation Framework v15.8.0.0',
/* authorisation */ '');

FILE_SCHEMA (('AUTOMOTIVE_DESIGN { 1 0 10303 214 3 1 1 }'));
ENDSEC;

DATA;
#10=MECHANICAL_DESIGN_GEOMETRIC_PRESENTATION_REPRESENTATION('',(#43,#44),
#3585);
#11=SHAPE_REPRESENTATION_RELATIONSHIP('SRR','None',#3592,#12);
#12=ADVANCED_BREP_SHAPE_REPRESENTATION('',(#45,#46),#3584);
#13=B_SPLINE_CURVE_WITH_KNOTS('',3,(#2909,#2910,#2911,#2912,#2913,#2914,
#2915,#2916,#2917,#2918,#2919,#2920,#2921,#2922),.UNSPECIFIED.,.F.,.F.,
(4,2,2,2,2,2,4),(-0.101890311220486,-0.0876714000882002,-0.0716146354936792,
-0.0505118561004099,-0.0264698607803349,0.,0.000498223588601573),
 .UNSPECIFIED.);
#14=B_SPLINE_CURVE_WITH_KNOTS('',3,(#2940,#2941,#2942,#2943,#2944,#2945,
#2946,#2947,#2948,#2949,#2950,#2951,#2952,#2953),.UNSPECIFIED.,.F.,.F.,
(4,2,2,2,2,2,4),(-0.204278846792334,-0.203780623201771,-0.177310762322472,
-0.153268766911104,-0.132165987437719,-0.116109222782217,-0.101890311595898),
 .UNSPECIFIED.);
#15=B_SPLINE_CURVE_WITH_KNOTS('',3,(#2990,#2991,#2992,#2993,#2994,#2995,
#2996,#2997,#2998,#2999,#3000,#3001,#3002,#3003),.UNSPECIFIED.,.F.,.F.,
(4,2,2,2,2,2,4),(-0.204278846454217,-0.203780622863067,-0.177310762032755,
-0.153268766661356,-0.132165987223027,-0.116109222594218,-0.101890311431569),
 .UNSPECIFIED.);
#16=B_SPLINE_CURVE_WITH_KNOTS('',3,(#3015,#3016,#3017,#3018,#3019,#3020,
#3021,#3022,#3023,#3024,#3025,#3026,#3027,#3028),.UNSPECIFIED.,.F.,.F.,
(4,2,2,2,2,2,4),(-0.101890311403082,-0.0876714002445323,-0.0716146356203532,
-0.0505118561881054,-0.0264698608236309,0.,0.000498223590813381),
 .UNSPECIFIED.);
#17=B_SPLINE_CURVE_WITH_KNOTS('',3,(#3084,#3085,#3086,#3087,#3088,#3089,
#3090,#3091,#3092,#3093,#3094,#3095,#3096,#3097),.UNSPECIFIED.,.F.,.F.,
(4,2,2,2,2,2,4),(-0.000498223589569887,0.,0.026469860800261,0.0505118561407729,
0.0716146355519894,0.0876714001601696,0.101890311304551),.UNSPECIFIED.);
#18=B_SPLINE_CURVE_WITH_KNOTS('',3,(#3115,#3116,#3117,#3118,#3119,#3120,
#3121,#3122,#3123,#3124,#3125,#3126,#3127,#3128),.UNSPECIFIED.,.F.,.F.,
(4,2,2,2,2,2,4),(-0.204278846199137,-0.203780622609566,-0.177310761809248,
-0.153268766468677,-0.13216598705741,-0.116109222449194,-0.101890311304781),
 .UNSPECIFIED.);
#19=B_SPLINE_CURVE_WITH_KNOTS('',3,(#3151,#3152,#3153,#3154,#3155,#3156,
#3157,#3158,#3159,#3160,#3161,#3162,#3163,#3164),.UNSPECIFIED.,.F.,.F.,
(4,2,2,2,2,2,4),(0.,0.0140190383489714,0.0298500957707929,0.050656237030962,
0.0743602781661888,0.100458056672725,0.100949276818773),.UNSPECIFIED.);
#20=B_SPLINE_CURVE_WITH_KNOTS('',3,(#3176,#3177,#3178,#3179,#3180,#3181,
#3182,#3183,#3184,#3185,#3186,#3187,#3188,#3189),.UNSPECIFIED.,.F.,.F.,
(4,2,2,2,2,2,4),(-0.10189031130624,-0.0876714001615803,-0.0716146355531226,
-0.0505118561415717,-0.0264698608006543,0.,0.000498223589615124),
 .UNSPECIFIED.);
#21=B_SPLINE_CURVE_WITH_KNOTS('',3,(#3261,#3262,#3263,#3264,#3265),
 .UNSPECIFIED.,.F.,.F.,(4,1,4),(-0.780261427231228,-0.714285714285715,-0.657334687563641),
 .UNSPECIFIED.);
#22=B_SPLINE_CURVE_WITH_KNOTS('',3,(#3267,#3268,#3269,#3270,#3271,#3272,
#3273),.UNSPECIFIED.,.F.,.F.,(4,1,1,1,4),(-0.657334687563641,-0.571428571428572,
-0.428571428571429,-0.285714285714286,2.40334217243342E-16),
 .UNSPECIFIED.);
#23=B_SPLINE_CURVE_WITH_KNOTS('',3,(#3277,#3278,#3279,#3280,#3281,#3282,
#3283,#3284,#3285),.UNSPECIFIED.,.F.,.F.,(4,1,1,1,1,1,4),(-2.40334217243342E-16,
0.285714285714286,0.428571428571429,0.571428571428572,0.714285714285715,
0.857142857142858,1.),.UNSPECIFIED.);
#24=B_SPLINE_CURVE_WITH_KNOTS('',3,(#3288,#3289,#3290,#3291,#3292),
 .UNSPECIFIED.,.F.,.F.,(4,1,4),(-1.,-0.857142857142858,-0.780261427231228),
 .UNSPECIFIED.);
#25=B_SPLINE_CURVE_WITH_KNOTS('',3,(#3305,#3306,#3307,#3308,#3309,#3310,
#3311,#3312,#3313,#3314),.UNSPECIFIED.,.F.,.F.,(4,2,2,2,4),(0.682597361767571,
0.739472004003731,0.796346646239891,0.853238234688714,0.910129823137537),
 .UNSPECIFIED.);
#26=B_SPLINE_CURVE_WITH_KNOTS('',3,(#3316,#3317,#3318,#3319,#3320,#3321,
#3322,#3323,#3324,#3325),.UNSPECIFIED.,.F.,.F.,(4,2,2,2,4),(0.910129823137537,
0.96702141158636,1.02391300003518,1.08078764227134,1.1376622845075),
 .UNSPECIFIED.);
#27=B_SPLINE_CURVE_WITH_KNOTS('',3,(#3465,#3466,#3467,#3468),
 .UNSPECIFIED.,.F.,.F.,(4,4),(-0.342462066665173,-0.21964346726885),
 .UNSPECIFIED.);
#28=B_SPLINE_CURVE_WITH_KNOTS('',3,(#3470,#3471,#3472,#3473,#3474,#3475),
 .UNSPECIFIED.,.F.,.F.,(4,1,1,4),(-0.219770090459173,-0.214285714285714,
-0.142857142857143,-2.40334217243342E-16),.UNSPECIFIED.);
#29=B_SPLINE_CURVE_WITH_KNOTS('',3,(#3479,#3480,#3481,#3482,#3483,#3484,
#3485,#3486),.UNSPECIFIED.,.F.,.F.,(4,1,1,1,1,4),(2.40334217243342E-16,
0.142857142857143,0.214285714285714,0.428571428571429,0.714285714285714,
1.),.UNSPECIFIED.);
#30=B_SPLINE_CURVE_WITH_KNOTS('',3,(#3489,#3490,#3491,#3492,#3493,#3494),
 .UNSPECIFIED.,.F.,.F.,(4,1,1,4),(-1.,-0.714285714285714,-0.428571428571429,
-0.342407764088919),.UNSPECIFIED.);
#31=B_SPLINE_CURVE_WITH_KNOTS('',3,(#3503,#3504,#3505,#3506,#3507,#3508,
#3509,#3510,#3511,#3512),.UNSPECIFIED.,.F.,.F.,(4,2,2,2,4),(0.682597361767571,
0.739472004003731,0.796346646239891,0.853238234688714,0.910129823137537),
 .UNSPECIFIED.);
#32=B_SPLINE_CURVE_WITH_KNOTS('',3,(#3513,#3514,#3515,#3516,#3517,#3518,
#3519,#3520,#3521,#3522),.UNSPECIFIED.,.F.,.F.,(4,2,2,2,4),(0.910129823137537,
0.96702141158636,1.02391300003518,1.08078764227134,1.1376622845075),
 .UNSPECIFIED.);
#33=TOROIDAL_SURFACE('',#1934,1.5,0.5);
#34=TOROIDAL_SURFACE('',#1942,1.5,0.5);
#35=TOROIDAL_SURFACE('',#1954,1.5,0.5);
#36=TOROIDAL_SURFACE('',#1960,1.5,0.5);
#37=TOROIDAL_SURFACE('',#1978,1.5,0.5);
#38=TOROIDAL_SURFACE('',#1984,1.5,0.5);
#39=TOROIDAL_SURFACE('',#1996,1.5,0.5);
#40=TOROIDAL_SURFACE('',#2001,1.5,0.5);
#41=TOROIDAL_SURFACE('',#2008,10.,5.);
#42=TOROIDAL_SURFACE('',#2033,9.99999999999999,4.99999999999999);
#43=STYLED_ITEM('',(#3601),#45);
#44=STYLED_ITEM('',(#3601),#46);
#45=MANIFOLD_SOLID_BREP('Cam Tower',#1863);
#46=MANIFOLD_SOLID_BREP('Cam Tower (1)',#1864);
#47=FACE_BOUND('',#592,.T.);
#48=FACE_BOUND('',#601,.T.);
#49=FACE_BOUND('',#607,.T.);
#50=FACE_BOUND('',#653,.T.);
#51=FACE_BOUND('',#669,.T.);
#52=FACE_BOUND('',#675,.T.);
#53=FACE_BOUND('',#677,.T.);
#54=PLANE('',#1906);
#55=PLANE('',#1907);
#56=PLANE('',#1908);
#57=PLANE('',#1909);
#58=PLANE('',#1910);
#59=PLANE('',#1914);
#60=PLANE('',#1915);
#61=PLANE('',#1916);
#62=PLANE('',#1917);
#63=PLANE('',#1918);
#64=PLANE('',#1922);
#65=PLANE('',#1923);
#66=PLANE('',#1924);
#67=PLANE('',#1925);
#68=PLANE('',#1926);
#69=PLANE('',#1930);
#70=PLANE('',#1931);
#71=PLANE('',#1932);
#72=PLANE('',#1933);
#73=PLANE('',#1947);
#74=PLANE('',#1950);
#75=PLANE('',#1953);
#76=PLANE('',#1967);
#77=PLANE('',#1989);
#78=PLANE('',#1991);
#79=PLANE('',#1993);
#80=PLANE('',#2005);
#81=PLANE('',#2019);
#82=PLANE('',#2023);
#83=PLANE('',#2024);
#84=PLANE('',#2027);
#85=PLANE('',#2029);
#86=PLANE('',#2045);
#87=PLANE('',#2046);
#88=PLANE('',#2052);
#89=PLANE('',#2053);
#90=PLANE('',#2054);
#91=PLANE('',#2055);
#92=PLANE('',#2056);
#93=PLANE('',#2057);
#94=PLANE('',#2058);
#95=PLANE('',#2059);
#96=PLANE('',#2060);
#97=PLANE('',#2061);
#98=PLANE('',#2062);
#99=PLANE('',#2063);
#100=PLANE('',#2064);
#101=LINE('',#2652,#263);
#102=LINE('',#2653,#264);
#103=LINE('',#2696,#265);
#104=LINE('',#2697,#266);
#105=LINE('',#2699,#267);
#106=LINE('',#2700,#268);
#107=LINE('',#2755,#269);
#108=LINE('',#2756,#270);
#109=LINE('',#2799,#271);
#110=LINE('',#2800,#272);
#111=LINE('',#2802,#273);
#112=LINE('',#2803,#274);
#113=LINE('',#2805,#275);
#114=LINE('',#2806,#276);
#115=LINE('',#2808,#277);
#116=LINE('',#2809,#278);
#117=LINE('',#2812,#279);
#118=LINE('',#2814,#280);
#119=LINE('',#2816,#281);
#120=LINE('',#2817,#282);
#121=LINE('',#2820,#283);
#122=LINE('',#2821,#284);
#123=LINE('',#2824,#285);
#124=LINE('',#2826,#286);
#125=LINE('',#2828,#287);
#126=LINE('',#2830,#288);
#127=LINE('',#2831,#289);
#128=LINE('',#2834,#290);
#129=LINE('',#2836,#291);
#130=LINE('',#2837,#292);
#131=LINE('',#2839,#293);
#132=LINE('',#2841,#294);
#133=LINE('',#2843,#295);
#134=LINE('',#2845,#296);
#135=LINE('',#2847,#297);
#136=LINE('',#2848,#298);
#137=LINE('',#2854,#299);
#138=LINE('',#2860,#300);
#139=LINE('',#2861,#301);
#140=LINE('',#2862,#302);
#141=LINE('',#2864,#303);
#142=LINE('',#2866,#304);
#143=LINE('',#2872,#305);
#144=LINE('',#2877,#306);
#145=LINE('',#2879,#307);
#146=LINE('',#2880,#308);
#147=LINE('',#2882,#309);
#148=LINE('',#2884,#310);
#149=LINE('',#2885,#311);
#150=LINE('',#2887,#312);
#151=LINE('',#2889,#313);
#152=LINE('',#2894,#314);
#153=LINE('',#2898,#315);
#154=LINE('',#2925,#316);
#155=LINE('',#2928,#317);
#156=LINE('',#2933,#318);
#157=LINE('',#2934,#319);
#158=LINE('',#2956,#320);
#159=LINE('',#2959,#321);
#160=LINE('',#2962,#322);
#161=LINE('',#2964,#323);
#162=LINE('',#2965,#324);
#163=LINE('',#2968,#325);
#164=LINE('',#2972,#326);
#165=LINE('',#2973,#327);
#166=LINE('',#2976,#328);
#167=LINE('',#2980,#329);
#168=LINE('',#2981,#330);
#169=LINE('',#3008,#331);
#170=LINE('',#3009,#332);
#171=LINE('',#3031,#333);
#172=LINE('',#3034,#334);
#173=LINE('',#3037,#335);
#174=LINE('',#3040,#336);
#175=LINE('',#3042,#337);
#176=LINE('',#3044,#338);
#177=LINE('',#3048,#339);
#178=LINE('',#3052,#340);
#179=LINE('',#3056,#341);
#180=LINE('',#3060,#342);
#181=LINE('',#3064,#343);
#182=LINE('',#3068,#344);
#183=LINE('',#3072,#345);
#184=LINE('',#3075,#346);
#185=LINE('',#3079,#347);
#186=LINE('',#3083,#348);
#187=LINE('',#3108,#349);
#188=LINE('',#3109,#350);
#189=LINE('',#3131,#351);
#190=LINE('',#3134,#352);
#191=LINE('',#3136,#353);
#192=LINE('',#3137,#354);
#193=LINE('',#3139,#355);
#194=LINE('',#3141,#356);
#195=LINE('',#3143,#357);
#196=LINE('',#3145,#358);
#197=LINE('',#3149,#359);
#198=LINE('',#3172,#360);
#199=LINE('',#3193,#361);
#200=LINE('',#3195,#362);
#201=LINE('',#3327,#363);
#202=LINE('',#3331,#364);
#203=LINE('',#3332,#365);
#204=LINE('',#3333,#366);
#205=LINE('',#3335,#367);
#206=LINE('',#3336,#368);
#207=LINE('',#3338,#369);
#208=LINE('',#3339,#370);
#209=LINE('',#3341,#371);
#210=LINE('',#3342,#372);
#211=LINE('',#3344,#373);
#212=LINE('',#3345,#374);
#213=LINE('',#3348,#375);
#214=LINE('',#3352,#376);
#215=LINE('',#3356,#377);
#216=LINE('',#3358,#378);
#217=LINE('',#3360,#379);
#218=LINE('',#3362,#380);
#219=LINE('',#3364,#381);
#220=LINE('',#3365,#382);
#221=LINE('',#3373,#383);
#222=LINE('',#3374,#384);
#223=LINE('',#3377,#385);
#224=LINE('',#3379,#386);
#225=LINE('',#3381,#387);
#226=LINE('',#3383,#388);
#227=LINE('',#3385,#389);
#228=LINE('',#3386,#390);
#229=LINE('',#3387,#391);
#230=LINE('',#3391,#392);
#231=LINE('',#3393,#393);
#232=LINE('',#3394,#394);
#233=LINE('',#3396,#395);
#234=LINE('',#3398,#396);
#235=LINE('',#3400,#397);
#236=LINE('',#3403,#398);
#237=LINE('',#3405,#399);
#238=LINE('',#3406,#400);
#239=LINE('',#3523,#401);
#240=LINE('',#3525,#402);
#241=LINE('',#3528,#403);
#242=LINE('',#3530,#404);
#243=LINE('',#3531,#405);
#244=LINE('',#3533,#406);
#245=LINE('',#3534,#407);
#246=LINE('',#3536,#408);
#247=LINE('',#3537,#409);
#248=LINE('',#3540,#410);
#249=LINE('',#3544,#411);
#250=LINE('',#3545,#412);
#251=LINE('',#3547,#413);
#252=LINE('',#3551,#414);
#253=LINE('',#3555,#415);
#254=LINE('',#3560,#416);
#255=LINE('',#3561,#417);
#256=LINE('',#3562,#418);
#257=LINE('',#3564,#419);
#258=LINE('',#3566,#420);
#259=LINE('',#3569,#421);
#260=LINE('',#3573,#422);
#261=LINE('',#3574,#423);
#262=LINE('',#3576,#424);
#263=VECTOR('',#2079,10.);
#264=VECTOR('',#2080,10.);
#265=VECTOR('',#2093,10.);
#266=VECTOR('',#2094,10.);
#267=VECTOR('',#2097,10.);
#268=VECTOR('',#2098,10.);
#269=VECTOR('',#2111,10.);
#270=VECTOR('',#2112,10.);
#271=VECTOR('',#2125,10.);
#272=VECTOR('',#2126,10.);
#273=VECTOR('',#2129,10.);
#274=VECTOR('',#2130,10.);
#275=VECTOR('',#2133,10.);
#276=VECTOR('',#2134,10.);
#277=VECTOR('',#2137,10.);
#278=VECTOR('',#2138,10.);
#279=VECTOR('',#2141,10.);
#280=VECTOR('',#2142,10.);
#281=VECTOR('',#2143,10.);
#282=VECTOR('',#2144,10.);
#283=VECTOR('',#2147,10.);
#284=VECTOR('',#2148,10.);
#285=VECTOR('',#2151,10.);
#286=VECTOR('',#2152,10.);
#287=VECTOR('',#2153,10.);
#288=VECTOR('',#2154,10.);
#289=VECTOR('',#2155,10.);
#290=VECTOR('',#2158,10.);
#291=VECTOR('',#2159,10.);
#292=VECTOR('',#2160,10.);
#293=VECTOR('',#2161,10.);
#294=VECTOR('',#2162,10.);
#295=VECTOR('',#2163,10.);
#296=VECTOR('',#2164,10.);
#297=VECTOR('',#2165,10.);
#298=VECTOR('',#2166,10.);
#299=VECTOR('',#2173,1.49999999999999);
#300=VECTOR('',#2180,10.);
#301=VECTOR('',#2181,10.);
#302=VECTOR('',#2182,10.);
#303=VECTOR('',#2185,10.);
#304=VECTOR('',#2188,10.);
#305=VECTOR('',#2195,1.5);
#306=VECTOR('',#2202,10.);
#307=VECTOR('',#2203,10.);
#308=VECTOR('',#2204,10.);
#309=VECTOR('',#2207,10.);
#310=VECTOR('',#2208,10.);
#311=VECTOR('',#2209,10.);
#312=VECTOR('',#2212,10.);
#313=VECTOR('',#2215,10.);
#314=VECTOR('',#2220,1.5);
#315=VECTOR('',#2227,10.);
#316=VECTOR('',#2242,10.);
#317=VECTOR('',#2245,10.);
#318=VECTOR('',#2250,10.);
#319=VECTOR('',#2251,10.);
#320=VECTOR('',#2260,10.);
#321=VECTOR('',#2263,10.);
#322=VECTOR('',#2266,10.);
#323=VECTOR('',#2267,10.);
#324=VECTOR('',#2268,10.);
#325=VECTOR('',#2271,10.);
#326=VECTOR('',#2276,10.);
#327=VECTOR('',#2277,10.);
#328=VECTOR('',#2280,10.);
#329=VECTOR('',#2285,10.);
#330=VECTOR('',#2286,10.);
#331=VECTOR('',#2299,10.);
#332=VECTOR('',#2300,10.);
#333=VECTOR('',#2309,10.);
#334=VECTOR('',#2312,10.);
#335=VECTOR('',#2315,10.);
#336=VECTOR('',#2318,10.);
#337=VECTOR('',#2321,10.);
#338=VECTOR('',#2322,10.);
#339=VECTOR('',#2325,10.);
#340=VECTOR('',#2328,10.);
#341=VECTOR('',#2331,10.);
#342=VECTOR('',#2334,10.);
#343=VECTOR('',#2337,10.);
#344=VECTOR('',#2340,10.);
#345=VECTOR('',#2343,10.);
#346=VECTOR('',#2346,10.);
#347=VECTOR('',#2349,10.);
#348=VECTOR('',#2352,10.);
#349=VECTOR('',#2365,10.);
#350=VECTOR('',#2366,10.);
#351=VECTOR('',#2375,10.);
#352=VECTOR('',#2378,10.);
#353=VECTOR('',#2381,10.);
#354=VECTOR('',#2382,10.);
#355=VECTOR('',#2385,10.);
#356=VECTOR('',#2388,10.);
#357=VECTOR('',#2391,10.);
#358=VECTOR('',#2394,10.);
#359=VECTOR('',#2397,10.);
#360=VECTOR('',#2410,10.);
#361=VECTOR('',#2419,10.);
#362=VECTOR('',#2422,10.);
#363=VECTOR('',#2439,10.);
#364=VECTOR('',#2442,10.);
#365=VECTOR('',#2443,10.);
#366=VECTOR('',#2444,10.);
#367=VECTOR('',#2447,10.);
#368=VECTOR('',#2448,10.);
#369=VECTOR('',#2451,10.);
#370=VECTOR('',#2452,10.);
#371=VECTOR('',#2455,10.);
#372=VECTOR('',#2456,10.);
#373=VECTOR('',#2459,10.);
#374=VECTOR('',#2460,10.);
#375=VECTOR('',#2463,10.);
#376=VECTOR('',#2466,10.);
#377=VECTOR('',#2469,10.);
#378=VECTOR('',#2470,10.);
#379=VECTOR('',#2471,10.);
#380=VECTOR('',#2472,10.);
#381=VECTOR('',#2473,10.);
#382=VECTOR('',#2474,10.);
#383=VECTOR('',#2485,10.);
#384=VECTOR('',#2486,10.);
#385=VECTOR('',#2489,10.);
#386=VECTOR('',#2490,10.);
#387=VECTOR('',#2491,10.);
#388=VECTOR('',#2492,10.);
#389=VECTOR('',#2493,10.);
#390=VECTOR('',#2494,10.);
#391=VECTOR('',#2495,10.);
#392=VECTOR('',#2500,10.);
#393=VECTOR('',#2501,10.);
#394=VECTOR('',#2502,10.);
#395=VECTOR('',#2503,10.);
#396=VECTOR('',#2504,10.);
#397=VECTOR('',#2505,10.);
#398=VECTOR('',#2508,10.);
#399=VECTOR('',#2509,10.);
#400=VECTOR('',#2510,10.);
#401=VECTOR('',#2525,10.);
#402=VECTOR('',#2526,10.);
#403=VECTOR('',#2531,10.);
#404=VECTOR('',#2534,10.);
#405=VECTOR('',#2535,10.);
#406=VECTOR('',#2538,10.);
#407=VECTOR('',#2539,10.);
#408=VECTOR('',#2542,10.);
#409=VECTOR('',#2543,10.);
#410=VECTOR('',#2546,1.5);
#411=VECTOR('',#2551,10.);
#412=VECTOR('',#2552,10.);
#413=VECTOR('',#2555,10.);
#414=VECTOR('',#2560,1.49999999999999);
#415=VECTOR('',#2565,1.5);
#416=VECTOR('',#2570,10.);
#417=VECTOR('',#2571,10.);
#418=VECTOR('',#2572,10.);
#419=VECTOR('',#2575,10.);
#420=VECTOR('',#2578,10.);
#421=VECTOR('',#2583,10.);
#422=VECTOR('',#2588,10.);
#423=VECTOR('',#2589,10.);
#424=VECTOR('',#2592,10.);
#425=CYLINDRICAL_SURFACE('',#1882,5.);
#426=CYLINDRICAL_SURFACE('',#1888,5.);
#427=CYLINDRICAL_SURFACE('',#1890,3.);
#428=CYLINDRICAL_SURFACE('',#1895,5.);
#429=CYLINDRICAL_SURFACE('',#1901,5.);
#430=CYLINDRICAL_SURFACE('',#1903,3.);
#431=CYLINDRICAL_SURFACE('',#1904,3.);
#432=CYLINDRICAL_SURFACE('',#1905,3.);
#433=CYLINDRICAL_SURFACE('',#1911,1.49999999999999);
#434=CYLINDRICAL_SURFACE('',#1919,1.5);
#435=CYLINDRICAL_SURFACE('',#1927,1.5);
#436=CYLINDRICAL_SURFACE('',#1938,0.5);
#437=CYLINDRICAL_SURFACE('',#1940,0.5);
#438=CYLINDRICAL_SURFACE('',#1945,0.5);
#439=CYLINDRICAL_SURFACE('',#1948,2.);
#440=CYLINDRICAL_SURFACE('',#1951,2.);
#441=CYLINDRICAL_SURFACE('',#1958,0.5);
#442=CYLINDRICAL_SURFACE('',#1963,0.5);
#443=CYLINDRICAL_SURFACE('',#1965,0.5);
#444=CYLINDRICAL_SURFACE('',#1976,0.5);
#445=CYLINDRICAL_SURFACE('',#1982,0.5);
#446=CYLINDRICAL_SURFACE('',#1987,0.5);
#447=CYLINDRICAL_SURFACE('',#1990,2.);
#448=CYLINDRICAL_SURFACE('',#1992,2.);
#449=CYLINDRICAL_SURFACE('',#1994,0.5);
#450=CYLINDRICAL_SURFACE('',#1999,0.5);
#451=CYLINDRICAL_SURFACE('',#2003,0.5);
#452=CYLINDRICAL_SURFACE('',#2013,5.);
#453=CYLINDRICAL_SURFACE('',#2015,5.);
#454=CYLINDRICAL_SURFACE('',#2016,5.);
#455=CYLINDRICAL_SURFACE('',#2017,3.);
#456=CYLINDRICAL_SURFACE('',#2018,5.);
#457=CYLINDRICAL_SURFACE('',#2025,5.);
#458=CYLINDRICAL_SURFACE('',#2037,5.);
#459=CYLINDRICAL_SURFACE('',#2039,5.);
#460=CYLINDRICAL_SURFACE('',#2040,5.);
#461=CYLINDRICAL_SURFACE('',#2041,5.);
#462=CYLINDRICAL_SURFACE('',#2042,3.);
#463=CYLINDRICAL_SURFACE('',#2043,1.5);
#464=CYLINDRICAL_SURFACE('',#2047,5.);
#465=CYLINDRICAL_SURFACE('',#2048,1.49999999999999);
#466=CYLINDRICAL_SURFACE('',#2050,1.5);
#467=FACE_OUTER_BOUND('',#572,.T.);
#468=FACE_OUTER_BOUND('',#573,.T.);
#469=FACE_OUTER_BOUND('',#574,.T.);
#470=FACE_OUTER_BOUND('',#575,.T.);
#471=FACE_OUTER_BOUND('',#576,.T.);
#472=FACE_OUTER_BOUND('',#577,.T.);
#473=FACE_OUTER_BOUND('',#578,.T.);
#474=FACE_OUTER_BOUND('',#579,.T.);
#475=FACE_OUTER_BOUND('',#580,.T.);
#476=FACE_OUTER_BOUND('',#581,.T.);
#477=FACE_OUTER_BOUND('',#582,.T.);
#478=FACE_OUTER_BOUND('',#583,.T.);
#479=FACE_OUTER_BOUND('',#584,.T.);
#480=FACE_OUTER_BOUND('',#585,.T.);
#481=FACE_OUTER_BOUND('',#586,.T.);
#482=FACE_OUTER_BOUND('',#587,.T.);
#483=FACE_OUTER_BOUND('',#588,.T.);
#484=FACE_OUTER_BOUND('',#589,.T.);
#485=FACE_OUTER_BOUND('',#590,.T.);
#486=FACE_OUTER_BOUND('',#591,.T.);
#487=FACE_OUTER_BOUND('',#593,.T.);
#488=FACE_OUTER_BOUND('',#594,.T.);
#489=FACE_OUTER_BOUND('',#595,.T.);
#490=FACE_OUTER_BOUND('',#596,.T.);
#491=FACE_OUTER_BOUND('',#597,.T.);
#492=FACE_OUTER_BOUND('',#598,.T.);
#493=FACE_OUTER_BOUND('',#599,.T.);
#494=FACE_OUTER_BOUND('',#600,.T.);
#495=FACE_OUTER_BOUND('',#602,.T.);
#496=FACE_OUTER_BOUND('',#603,.T.);
#497=FACE_OUTER_BOUND('',#604,.T.);
#498=FACE_OUTER_BOUND('',#605,.T.);
#499=FACE_OUTER_BOUND('',#606,.T.);
#500=FACE_OUTER_BOUND('',#608,.T.);
#501=FACE_OUTER_BOUND('',#609,.T.);
#502=FACE_OUTER_BOUND('',#610,.T.);
#503=FACE_OUTER_BOUND('',#611,.T.);
#504=FACE_OUTER_BOUND('',#612,.T.);
#505=FACE_OUTER_BOUND('',#613,.T.);
#506=FACE_OUTER_BOUND('',#614,.T.);
#507=FACE_OUTER_BOUND('',#615,.T.);
#508=FACE_OUTER_BOUND('',#616,.T.);
#509=FACE_OUTER_BOUND('',#617,.T.);
#510=FACE_OUTER_BOUND('',#618,.T.);
#511=FACE_OUTER_BOUND('',#619,.T.);
#512=FACE_OUTER_BOUND('',#620,.T.);
#513=FACE_OUTER_BOUND('',#621,.T.);
#514=FACE_OUTER_BOUND('',#622,.T.);
#515=FACE_OUTER_BOUND('',#623,.T.);
#516=FACE_OUTER_BOUND('',#624,.T.);
#517=FACE_OUTER_BOUND('',#625,.T.);
#518=FACE_OUTER_BOUND('',#626,.T.);
#519=FACE_OUTER_BOUND('',#627,.T.);
#520=FACE_OUTER_BOUND('',#628,.T.);
#521=FACE_OUTER_BOUND('',#629,.T.);
#522=FACE_OUTER_BOUND('',#630,.T.);
#523=FACE_OUTER_BOUND('',#631,.T.);
#524=FACE_OUTER_BOUND('',#632,.T.);
#525=FACE_OUTER_BOUND('',#633,.T.);
#526=FACE_OUTER_BOUND('',#634,.T.);
#527=FACE_OUTER_BOUND('',#635,.T.);
#528=FACE_OUTER_BOUND('',#636,.T.);
#529=FACE_OUTER_BOUND('',#637,.T.);
#530=FACE_OUTER_BOUND('',#638,.T.);
#531=FACE_OUTER_BOUND('',#639,.T.);
#532=FACE_OUTER_BOUND('',#640,.T.);
#533=FACE_OUTER_BOUND('',#641,.T.);
#534=FACE_OUTER_BOUND('',#642,.T.);
#535=FACE_OUTER_BOUND('',#643,.T.);
#536=FACE_OUTER_BOUND('',#644,.T.);
#537=FACE_OUTER_BOUND('',#645,.T.);
#538=FACE_OUTER_BOUND('',#646,.T.);
#539=FACE_OUTER_BOUND('',#647,.T.);
#540=FACE_OUTER_BOUND('',#648,.T.);
#541=FACE_OUTER_BOUND('',#649,.T.);
#542=FACE_OUTER_BOUND('',#650,.T.);
#543=FACE_OUTER_BOUND('',#651,.T.);
#544=FACE_OUTER_BOUND('',#652,.T.);
#545=FACE_OUTER_BOUND('',#654,.T.);
#546=FACE_OUTER_BOUND('',#655,.T.);
#547=FACE_OUTER_BOUND('',#656,.T.);
#548=FACE_OUTER_BOUND('',#657,.T.);
#549=FACE_OUTER_BOUND('',#658,.T.);
#550=FACE_OUTER_BOUND('',#659,.T.);
#551=FACE_OUTER_BOUND('',#660,.T.);
#552=FACE_OUTER_BOUND('',#661,.T.);
#553=FACE_OUTER_BOUND('',#662,.T.);
#554=FACE_OUTER_BOUND('',#663,.T.);
#555=FACE_OUTER_BOUND('',#664,.T.);
#556=FACE_OUTER_BOUND('',#665,.T.);
#557=FACE_OUTER_BOUND('',#666,.T.);
#558=FACE_OUTER_BOUND('',#667,.T.);
#559=FACE_OUTER_BOUND('',#668,.T.);
#560=FACE_OUTER_BOUND('',#670,.T.);
#561=FACE_OUTER_BOUND('',#671,.T.);
#562=FACE_OUTER_BOUND('',#672,.T.);
#563=FACE_OUTER_BOUND('',#673,.T.);
#564=FACE_OUTER_BOUND('',#674,.T.);
#565=FACE_OUTER_BOUND('',#676,.T.);
#566=FACE_OUTER_BOUND('',#678,.T.);
#567=FACE_OUTER_BOUND('',#679,.T.);
#568=FACE_OUTER_BOUND('',#680,.T.);
#569=FACE_OUTER_BOUND('',#681,.T.);
#570=FACE_OUTER_BOUND('',#682,.T.);
#571=FACE_OUTER_BOUND('',#683,.T.);
#572=EDGE_LOOP('',(#1212,#1213,#1214,#1215));
#573=EDGE_LOOP('',(#1216,#1217,#1218,#1219));
#574=EDGE_LOOP('',(#1220,#1221,#1222,#1223));
#575=EDGE_LOOP('',(#1224,#1225,#1226,#1227));
#576=EDGE_LOOP('',(#1228,#1229,#1230,#1231));
#577=EDGE_LOOP('',(#1232,#1233,#1234,#1235));
#578=EDGE_LOOP('',(#1236,#1237,#1238,#1239));
#579=EDGE_LOOP('',(#1240,#1241,#1242,#1243));
#580=EDGE_LOOP('',(#1244,#1245,#1246,#1247));
#581=EDGE_LOOP('',(#1248,#1249,#1250,#1251));
#582=EDGE_LOOP('',(#1252,#1253,#1254,#1255));
#583=EDGE_LOOP('',(#1256,#1257,#1258,#1259));
#584=EDGE_LOOP('',(#1260,#1261,#1262,#1263,#1264));
#585=EDGE_LOOP('',(#1265,#1266,#1267,#1268,#1269,#1270));
#586=EDGE_LOOP('',(#1271,#1272,#1273,#1274,#1275,#1276,#1277,#1278));
#587=EDGE_LOOP('',(#1279,#1280,#1281,#1282,#1283,#1284,#1285,#1286,#1287,
#1288,#1289,#1290,#1291,#1292));
#588=EDGE_LOOP('',(#1293,#1294,#1295,#1296,#1297,#1298,#1299,#1300));
#589=EDGE_LOOP('',(#1301,#1302,#1303,#1304));
#590=EDGE_LOOP('',(#1305));
#591=EDGE_LOOP('',(#1306,#1307,#1308,#1309));
#592=EDGE_LOOP('',(#1310));
#593=EDGE_LOOP('',(#1311,#1312,#1313,#1314));
#594=EDGE_LOOP('',(#1315,#1316,#1317,#1318));
#595=EDGE_LOOP('',(#1319,#1320,#1321,#1322));
#596=EDGE_LOOP('',(#1323,#1324,#1325,#1326));
#597=EDGE_LOOP('',(#1327));
#598=EDGE_LOOP('',(#1328,#1329,#1330,#1331));
#599=EDGE_LOOP('',(#1332,#1333,#1334,#1335,#1336));
#600=EDGE_LOOP('',(#1337,#1338,#1339,#1340));
#601=EDGE_LOOP('',(#1341));
#602=EDGE_LOOP('',(#1342,#1343,#1344,#1345,#1346,#1347,#1348,#1349));
#603=EDGE_LOOP('',(#1350,#1351,#1352,#1353));
#604=EDGE_LOOP('',(#1354));
#605=EDGE_LOOP('',(#1355,#1356,#1357,#1358));
#606=EDGE_LOOP('',(#1359,#1360,#1361,#1362));
#607=EDGE_LOOP('',(#1363));
#608=EDGE_LOOP('',(#1364,#1365,#1366,#1367,#1368,#1369));
#609=EDGE_LOOP('',(#1370,#1371,#1372,#1373));
#610=EDGE_LOOP('',(#1374,#1375,#1376,#1377));
#611=EDGE_LOOP('',(#1378,#1379,#1380,#1381));
#612=EDGE_LOOP('',(#1382,#1383,#1384,#1385));
#613=EDGE_LOOP('',(#1386,#1387,#1388,#1389));
#614=EDGE_LOOP('',(#1390,#1391,#1392,#1393));
#615=EDGE_LOOP('',(#1394,#1395,#1396,#1397));
#616=EDGE_LOOP('',(#1398,#1399,#1400,#1401));
#617=EDGE_LOOP('',(#1402,#1403,#1404,#1405));
#618=EDGE_LOOP('',(#1406,#1407,#1408,#1409));
#619=EDGE_LOOP('',(#1410,#1411,#1412,#1413));
#620=EDGE_LOOP('',(#1414,#1415,#1416,#1417));
#621=EDGE_LOOP('',(#1418,#1419,#1420,#1421));
#622=EDGE_LOOP('',(#1422,#1423,#1424,#1425));
#623=EDGE_LOOP('',(#1426,#1427,#1428,#1429));
#624=EDGE_LOOP('',(#1430,#1431,#1432,#1433,#1434,#1435,#1436,#1437,#1438,
#1439,#1440,#1441,#1442,#1443,#1444,#1445,#1446,#1447,#1448,#1449,#1450,
#1451,#1452,#1453,#1454,#1455,#1456,#1457));
#625=EDGE_LOOP('',(#1458,#1459,#1460,#1461));
#626=EDGE_LOOP('',(#1462,#1463,#1464,#1465));
#627=EDGE_LOOP('',(#1466,#1467,#1468,#1469));
#628=EDGE_LOOP('',(#1470,#1471,#1472,#1473));
#629=EDGE_LOOP('',(#1474,#1475,#1476,#1477));
#630=EDGE_LOOP('',(#1478,#1479,#1480,#1481));
#631=EDGE_LOOP('',(#1482,#1483,#1484,#1485));
#632=EDGE_LOOP('',(#1486,#1487,#1488,#1489));
#633=EDGE_LOOP('',(#1490,#1491,#1492,#1493));
#634=EDGE_LOOP('',(#1494,#1495,#1496,#1497));
#635=EDGE_LOOP('',(#1498,#1499,#1500,#1501));
#636=EDGE_LOOP('',(#1502,#1503,#1504,#1505));
#637=EDGE_LOOP('',(#1506,#1507,#1508,#1509));
#638=EDGE_LOOP('',(#1510,#1511,#1512,#1513));
#639=EDGE_LOOP('',(#1514,#1515,#1516,#1517));
#640=EDGE_LOOP('',(#1518,#1519,#1520,#1521,#1522,#1523));
#641=EDGE_LOOP('',(#1524,#1525,#1526,#1527,#1528,#1529));
#642=EDGE_LOOP('',(#1530,#1531,#1532,#1533));
#643=EDGE_LOOP('',(#1534,#1535,#1536,#1537,#1538,#1539,#1540,#1541));
#644=EDGE_LOOP('',(#1542,#1543,#1544,#1545));
#645=EDGE_LOOP('',(#1546,#1547,#1548,#1549));
#646=EDGE_LOOP('',(#1550,#1551,#1552,#1553));
#647=EDGE_LOOP('',(#1554,#1555,#1556,#1557));
#648=EDGE_LOOP('',(#1558,#1559,#1560,#1561,#1562,#1563,#1564,#1565,#1566,
#1567,#1568,#1569,#1570,#1571,#1572,#1573));
#649=EDGE_LOOP('',(#1574,#1575,#1576,#1577));
#650=EDGE_LOOP('',(#1578,#1579,#1580));
#651=EDGE_LOOP('',(#1581,#1582,#1583,#1584));
#652=EDGE_LOOP('',(#1585,#1586,#1587,#1588,#1589,#1590,#1591,#1592,#1593,
#1594,#1595,#1596,#1597,#1598,#1599,#1600,#1601,#1602,#1603,#1604,#1605,
#1606,#1607,#1608));
#653=EDGE_LOOP('',(#1609));
#654=EDGE_LOOP('',(#1610,#1611,#1612,#1613,#1614,#1615,#1616,#1617,#1618,
#1619,#1620,#1621,#1622,#1623));
#655=EDGE_LOOP('',(#1624,#1625,#1626,#1627,#1628,#1629));
#656=EDGE_LOOP('',(#1630,#1631,#1632,#1633));
#657=EDGE_LOOP('',(#1634,#1635,#1636,#1637,#1638,#1639,#1640,#1641));
#658=EDGE_LOOP('',(#1642,#1643,#1644,#1645));
#659=EDGE_LOOP('',(#1646,#1647,#1648,#1649));
#660=EDGE_LOOP('',(#1650,#1651,#1652,#1653));
#661=EDGE_LOOP('',(#1654,#1655,#1656,#1657));
#662=EDGE_LOOP('',(#1658,#1659,#1660,#1661,#1662,#1663));
#663=EDGE_LOOP('',(#1664,#1665,#1666,#1667));
#664=EDGE_LOOP('',(#1668,#1669,#1670,#1671,#1672,#1673,#1674,#1675,#1676));
#665=EDGE_LOOP('',(#1677,#1678,#1679,#1680));
#666=EDGE_LOOP('',(#1681,#1682,#1683,#1684));
#667=EDGE_LOOP('',(#1685,#1686,#1687,#1688,#1689,#1690));
#668=EDGE_LOOP('',(#1691,#1692,#1693,#1694));
#669=EDGE_LOOP('',(#1695));
#670=EDGE_LOOP('',(#1696,#1697,#1698,#1699));
#671=EDGE_LOOP('',(#1700,#1701,#1702,#1703));
#672=EDGE_LOOP('',(#1704,#1705,#1706,#1707));
#673=EDGE_LOOP('',(#1708,#1709,#1710,#1711));
#674=EDGE_LOOP('',(#1712,#1713,#1714,#1715));
#675=EDGE_LOOP('',(#1716));
#676=EDGE_LOOP('',(#1717,#1718,#1719,#1720));
#677=EDGE_LOOP('',(#1721));
#678=EDGE_LOOP('',(#1722,#1723,#1724,#1725));
#679=EDGE_LOOP('',(#1726,#1727,#1728,#1729));
#680=EDGE_LOOP('',(#1730,#1731,#1732,#1733,#1734,#1735,#1736,#1737,#1738));
#681=EDGE_LOOP('',(#1739,#1740,#1741,#1742));
#682=EDGE_LOOP('',(#1743,#1744,#1745));
#683=EDGE_LOOP('',(#1746,#1747,#1748,#1749,#1750,#1751));
#684=ELLIPSE('',#1879,5.13160143944688,5.);
#685=ELLIPSE('',#1881,2.30940107675849,1.99999999999999);
#686=ELLIPSE('',#1885,5.14238601565389,5.);
#687=ELLIPSE('',#1887,2.33326679443066,2.);
#688=ELLIPSE('',#1889,5.00076164021954,5.);
#689=ELLIPSE('',#1892,5.13160143944688,5.);
#690=ELLIPSE('',#1894,2.30940107675849,1.99999999999999);
#691=ELLIPSE('',#1898,5.14238601565389,5.);
#692=ELLIPSE('',#1900,2.33326679443065,1.99999999999999);
#693=ELLIPSE('',#1902,5.00076164021954,5.);
#694=ELLIPSE('',#1913,1.50022849206585,1.49999999999999);
#695=ELLIPSE('',#1939,0.500076164021954,0.5);
#696=ELLIPSE('',#1946,0.500076164021954,0.5);
#697=ELLIPSE('',#1964,0.500076164021954,0.5);
#698=ELLIPSE('',#1966,0.500076164021954,0.5);
#699=ELLIPSE('',#1968,5.00076164021954,5.);
#700=ELLIPSE('',#1970,5.77350269189626,5.);
#701=ELLIPSE('',#1971,5.77350269189626,5.);
#702=ELLIPSE('',#1972,5.77350269189626,5.);
#703=ELLIPSE('',#1973,5.77350269189626,5.);
#704=ELLIPSE('',#1975,5.00076164021954,5.);
#705=ELLIPSE('',#1977,0.500076164021954,0.5);
#706=ELLIPSE('',#1988,0.500076164021954,0.5);
#707=ELLIPSE('',#1995,0.500076164021954,0.5);
#708=ELLIPSE('',#2004,0.500076164021954,0.5);
#709=ELLIPSE('',#2026,5.00076164021954,5.);
#710=ELLIPSE('',#2028,1.50022849206585,1.49999999999999);
#711=ELLIPSE('',#2030,5.00076164021954,5.);
#712=CIRCLE('',#1878,3.00000000000001);
#713=CIRCLE('',#1880,2.99999999999999);
#714=CIRCLE('',#1883,5.);
#715=CIRCLE('',#1884,3.);
#716=CIRCLE('',#1886,2.99999999999999);
#717=CIRCLE('',#1891,3.00000000000001);
#718=CIRCLE('',#1893,2.99999999999998);
#719=CIRCLE('',#1896,5.);
#720=CIRCLE('',#1897,3.00000000000001);
#721=CIRCLE('',#1899,2.99999999999999);
#722=CIRCLE('',#1912,1.49999999999999);
#723=CIRCLE('',#1920,1.5);
#724=CIRCLE('',#1921,1.5);
#725=CIRCLE('',#1928,1.5);
#726=CIRCLE('',#1929,1.5);
#727=CIRCLE('',#1935,1.5);
#728=CIRCLE('',#1936,0.5);
#729=CIRCLE('',#1937,2.);
#730=CIRCLE('',#1941,0.5);
#731=CIRCLE('',#1943,2.);
#732=CIRCLE('',#1944,1.5);
#733=CIRCLE('',#1949,2.);
#734=CIRCLE('',#1952,2.);
#735=CIRCLE('',#1955,2.);
#736=CIRCLE('',#1956,0.499999999999999);
#737=CIRCLE('',#1957,1.5);
#738=CIRCLE('',#1959,0.499999999999998);
#739=CIRCLE('',#1961,1.5);
#740=CIRCLE('',#1962,2.);
#741=CIRCLE('',#1969,3.);
#742=CIRCLE('',#1974,3.);
#743=CIRCLE('',#1979,1.5);
#744=CIRCLE('',#1980,0.5);
#745=CIRCLE('',#1981,2.);
#746=CIRCLE('',#1983,0.5);
#747=CIRCLE('',#1985,2.);
#748=CIRCLE('',#1986,1.5);
#749=CIRCLE('',#1997,0.499999999999999);
#750=CIRCLE('',#1998,1.5);
#751=CIRCLE('',#2000,0.5);
#752=CIRCLE('',#2002,1.5);
#753=CIRCLE('',#2006,3.);
#754=CIRCLE('',#2007,5.);
#755=CIRCLE('',#2009,9.99999999999997);
#756=CIRCLE('',#2010,5.);
#757=CIRCLE('',#2011,4.99999999999999);
#758=CIRCLE('',#2012,5.);
#759=CIRCLE('',#2014,5.);
#760=CIRCLE('',#2020,10.);
#761=CIRCLE('',#2021,1.5);
#762=CIRCLE('',#2022,1.5);
#763=CIRCLE('',#2031,4.99999999999999);
#764=CIRCLE('',#2032,3.00000000000001);
#765=CIRCLE('',#2034,5.);
#766=CIRCLE('',#2035,5.);
#767=CIRCLE('',#2036,4.99999999999999);
#768=CIRCLE('',#2038,5.);
#769=CIRCLE('',#2044,1.5);
#770=CIRCLE('',#2049,1.49999999999999);
#771=CIRCLE('',#2051,1.5);
#772=VERTEX_POINT('',#2640);
#773=VERTEX_POINT('',#2641);
#774=VERTEX_POINT('',#2643);
#775=VERTEX_POINT('',#2645);
#776=VERTEX_POINT('',#2649);
#777=VERTEX_POINT('',#2650);
#778=VERTEX_POINT('',#2684);
#779=VERTEX_POINT('',#2685);
#780=VERTEX_POINT('',#2687);
#781=VERTEX_POINT('',#2689);
#782=VERTEX_POINT('',#2693);
#783=VERTEX_POINT('',#2694);
#784=VERTEX_POINT('',#2743);
#785=VERTEX_POINT('',#2744);
#786=VERTEX_POINT('',#2746);
#787=VERTEX_POINT('',#2748);
#788=VERTEX_POINT('',#2752);
#789=VERTEX_POINT('',#2753);
#790=VERTEX_POINT('',#2787);
#791=VERTEX_POINT('',#2788);
#792=VERTEX_POINT('',#2790);
#793=VERTEX_POINT('',#2792);
#794=VERTEX_POINT('',#2796);
#795=VERTEX_POINT('',#2797);
#796=VERTEX_POINT('',#2811);
#797=VERTEX_POINT('',#2813);
#798=VERTEX_POINT('',#2815);
#799=VERTEX_POINT('',#2819);
#800=VERTEX_POINT('',#2823);
#801=VERTEX_POINT('',#2825);
#802=VERTEX_POINT('',#2827);
#803=VERTEX_POINT('',#2829);
#804=VERTEX_POINT('',#2833);
#805=VERTEX_POINT('',#2835);
#806=VERTEX_POINT('',#2838);
#807=VERTEX_POINT('',#2840);
#808=VERTEX_POINT('',#2842);
#809=VERTEX_POINT('',#2844);
#810=VERTEX_POINT('',#2846);
#811=VERTEX_POINT('',#2851);
#812=VERTEX_POINT('',#2853);
#813=VERTEX_POINT('',#2858);
#814=VERTEX_POINT('',#2859);
#815=VERTEX_POINT('',#2869);
#816=VERTEX_POINT('',#2871);
#817=VERTEX_POINT('',#2876);
#818=VERTEX_POINT('',#2878);
#819=VERTEX_POINT('',#2883);
#820=VERTEX_POINT('',#2891);
#821=VERTEX_POINT('',#2893);
#822=VERTEX_POINT('',#2902);
#823=VERTEX_POINT('',#2903);
#824=VERTEX_POINT('',#2905);
#825=VERTEX_POINT('',#2907);
#826=VERTEX_POINT('',#2924);
#827=VERTEX_POINT('',#2926);
#828=VERTEX_POINT('',#2930);
#829=VERTEX_POINT('',#2931);
#830=VERTEX_POINT('',#2936);
#831=VERTEX_POINT('',#2938);
#832=VERTEX_POINT('',#2955);
#833=VERTEX_POINT('',#2957);
#834=VERTEX_POINT('',#2961);
#835=VERTEX_POINT('',#2963);
#836=VERTEX_POINT('',#2967);
#837=VERTEX_POINT('',#2971);
#838=VERTEX_POINT('',#2975);
#839=VERTEX_POINT('',#2979);
#840=VERTEX_POINT('',#2983);
#841=VERTEX_POINT('',#2984);
#842=VERTEX_POINT('',#2986);
#843=VERTEX_POINT('',#2988);
#844=VERTEX_POINT('',#3005);
#845=VERTEX_POINT('',#3006);
#846=VERTEX_POINT('',#3011);
#847=VERTEX_POINT('',#3013);
#848=VERTEX_POINT('',#3030);
#849=VERTEX_POINT('',#3032);
#850=VERTEX_POINT('',#3036);
#851=VERTEX_POINT('',#3038);
#852=VERTEX_POINT('',#3043);
#853=VERTEX_POINT('',#3045);
#854=VERTEX_POINT('',#3047);
#855=VERTEX_POINT('',#3049);
#856=VERTEX_POINT('',#3051);
#857=VERTEX_POINT('',#3053);
#858=VERTEX_POINT('',#3055);
#859=VERTEX_POINT('',#3057);
#860=VERTEX_POINT('',#3059);
#861=VERTEX_POINT('',#3061);
#862=VERTEX_POINT('',#3063);
#863=VERTEX_POINT('',#3065);
#864=VERTEX_POINT('',#3067);
#865=VERTEX_POINT('',#3069);
#866=VERTEX_POINT('',#3071);
#867=VERTEX_POINT('',#3073);
#868=VERTEX_POINT('',#3077);
#869=VERTEX_POINT('',#3078);
#870=VERTEX_POINT('',#3080);
#871=VERTEX_POINT('',#3082);
#872=VERTEX_POINT('',#3099);
#873=VERTEX_POINT('',#3101);
#874=VERTEX_POINT('',#3105);
#875=VERTEX_POINT('',#3106);
#876=VERTEX_POINT('',#3111);
#877=VERTEX_POINT('',#3113);
#878=VERTEX_POINT('',#3130);
#879=VERTEX_POINT('',#3132);
#880=VERTEX_POINT('',#3147);
#881=VERTEX_POINT('',#3148);
#882=VERTEX_POINT('',#3166);
#883=VERTEX_POINT('',#3170);
#884=VERTEX_POINT('',#3174);
#885=VERTEX_POINT('',#3191);
#886=VERTEX_POINT('',#3259);
#887=VERTEX_POINT('',#3260);
#888=VERTEX_POINT('',#3266);
#889=VERTEX_POINT('',#3274);
#890=VERTEX_POINT('',#3276);
#891=VERTEX_POINT('',#3286);
#892=VERTEX_POINT('',#3294);
#893=VERTEX_POINT('',#3295);
#894=VERTEX_POINT('',#3297);
#895=VERTEX_POINT('',#3299);
#896=VERTEX_POINT('',#3303);
#897=VERTEX_POINT('',#3304);
#898=VERTEX_POINT('',#3315);
#899=VERTEX_POINT('',#3326);
#900=VERTEX_POINT('',#3328);
#901=VERTEX_POINT('',#3330);
#902=VERTEX_POINT('',#3347);
#903=VERTEX_POINT('',#3349);
#904=VERTEX_POINT('',#3351);
#905=VERTEX_POINT('',#3353);
#906=VERTEX_POINT('',#3355);
#907=VERTEX_POINT('',#3357);
#908=VERTEX_POINT('',#3359);
#909=VERTEX_POINT('',#3361);
#910=VERTEX_POINT('',#3363);
#911=VERTEX_POINT('',#3370);
#912=VERTEX_POINT('',#3371);
#913=VERTEX_POINT('',#3376);
#914=VERTEX_POINT('',#3378);
#915=VERTEX_POINT('',#3380);
#916=VERTEX_POINT('',#3382);
#917=VERTEX_POINT('',#3384);
#918=VERTEX_POINT('',#3388);
#919=VERTEX_POINT('',#3392);
#920=VERTEX_POINT('',#3395);
#921=VERTEX_POINT('',#3397);
#922=VERTEX_POINT('',#3399);
#923=VERTEX_POINT('',#3402);
#924=VERTEX_POINT('',#3404);
#925=VERTEX_POINT('',#3463);
#926=VERTEX_POINT('',#3464);
#927=VERTEX_POINT('',#3469);
#928=VERTEX_POINT('',#3476);
#929=VERTEX_POINT('',#3478);
#930=VERTEX_POINT('',#3487);
#931=VERTEX_POINT('',#3496);
#932=VERTEX_POINT('',#3497);
#933=VERTEX_POINT('',#3502);
#934=VERTEX_POINT('',#3524);
#935=VERTEX_POINT('',#3539);
#936=VERTEX_POINT('',#3543);
#937=VERTEX_POINT('',#3550);
#938=VERTEX_POINT('',#3554);
#939=VERTEX_POINT('',#3558);
#940=VERTEX_POINT('',#3559);
#941=VERTEX_POINT('',#3572);
#942=EDGE_CURVE('',#772,#773,#712,.T.);
#943=EDGE_CURVE('',#774,#772,#684,.F.);
#944=EDGE_CURVE('',#775,#774,#713,.T.);
#945=EDGE_CURVE('',#775,#773,#685,.T.);
#946=EDGE_CURVE('',#776,#777,#714,.T.);
#947=EDGE_CURVE('',#777,#774,#101,.T.);
#948=EDGE_CURVE('',#772,#776,#102,.T.);
#949=EDGE_CURVE('',#778,#779,#715,.T.);
#950=EDGE_CURVE('',#780,#778,#686,.F.);
#951=EDGE_CURVE('',#781,#780,#716,.T.);
#952=EDGE_CURVE('',#781,#779,#687,.T.);
#953=EDGE_CURVE('',#782,#783,#688,.T.);
#954=EDGE_CURVE('',#783,#780,#103,.T.);
#955=EDGE_CURVE('',#778,#782,#104,.T.);
#956=EDGE_CURVE('',#773,#781,#105,.T.);
#957=EDGE_CURVE('',#780,#772,#106,.T.);
#958=EDGE_CURVE('',#784,#785,#717,.T.);
#959=EDGE_CURVE('',#786,#784,#689,.F.);
#960=EDGE_CURVE('',#787,#786,#718,.T.);
#961=EDGE_CURVE('',#787,#785,#690,.T.);
#962=EDGE_CURVE('',#788,#789,#719,.T.);
#963=EDGE_CURVE('',#789,#786,#107,.T.);
#964=EDGE_CURVE('',#784,#788,#108,.T.);
#965=EDGE_CURVE('',#790,#791,#720,.T.);
#966=EDGE_CURVE('',#792,#790,#691,.F.);
#967=EDGE_CURVE('',#793,#792,#721,.T.);
#968=EDGE_CURVE('',#793,#791,#692,.T.);
#969=EDGE_CURVE('',#794,#795,#693,.T.);
#970=EDGE_CURVE('',#795,#792,#109,.T.);
#971=EDGE_CURVE('',#790,#794,#110,.T.);
#972=EDGE_CURVE('',#779,#793,#111,.T.);
#973=EDGE_CURVE('',#792,#778,#112,.T.);
#974=EDGE_CURVE('',#791,#787,#113,.T.);
#975=EDGE_CURVE('',#786,#790,#114,.T.);
#976=EDGE_CURVE('',#785,#775,#115,.T.);
#977=EDGE_CURVE('',#774,#784,#116,.T.);
#978=EDGE_CURVE('',#796,#776,#117,.T.);
#979=EDGE_CURVE('',#796,#797,#118,.T.);
#980=EDGE_CURVE('',#798,#797,#119,.T.);
#981=EDGE_CURVE('',#777,#798,#120,.T.);
#982=EDGE_CURVE('',#799,#783,#121,.T.);
#983=EDGE_CURVE('',#799,#796,#122,.T.);
#984=EDGE_CURVE('',#800,#795,#123,.T.);
#985=EDGE_CURVE('',#800,#801,#124,.T.);
#986=EDGE_CURVE('',#801,#802,#125,.T.);
#987=EDGE_CURVE('',#802,#803,#126,.T.);
#988=EDGE_CURVE('',#782,#803,#127,.T.);
#989=EDGE_CURVE('',#803,#804,#128,.T.);
#990=EDGE_CURVE('',#804,#805,#129,.T.);
#991=EDGE_CURVE('',#805,#800,#130,.T.);
#992=EDGE_CURVE('',#794,#806,#131,.T.);
#993=EDGE_CURVE('',#806,#807,#132,.T.);
#994=EDGE_CURVE('',#807,#808,#133,.T.);
#995=EDGE_CURVE('',#808,#809,#134,.T.);
#996=EDGE_CURVE('',#809,#810,#135,.T.);
#997=EDGE_CURVE('',#810,#799,#136,.T.);
#998=EDGE_CURVE('',#811,#811,#722,.T.);
#999=EDGE_CURVE('',#811,#812,#137,.T.);
#1000=EDGE_CURVE('',#812,#812,#694,.T.);
#1001=EDGE_CURVE('',#813,#814,#138,.F.);
#1002=EDGE_CURVE('',#805,#813,#139,.T.);
#1003=EDGE_CURVE('',#804,#814,#140,.T.);
#1004=EDGE_CURVE('',#814,#802,#141,.T.);
#1005=EDGE_CURVE('',#801,#813,#142,.F.);
#1006=EDGE_CURVE('',#815,#815,#723,.T.);
#1007=EDGE_CURVE('',#815,#816,#143,.T.);
#1008=EDGE_CURVE('',#816,#816,#724,.T.);
#1009=EDGE_CURVE('',#808,#817,#144,.T.);
#1010=EDGE_CURVE('',#818,#807,#145,.F.);
#1011=EDGE_CURVE('',#817,#818,#146,.F.);
#1012=EDGE_CURVE('',#817,#788,#147,.T.);
#1013=EDGE_CURVE('',#819,#818,#148,.T.);
#1014=EDGE_CURVE('',#789,#819,#149,.T.);
#1015=EDGE_CURVE('',#819,#806,#150,.T.);
#1016=EDGE_CURVE('',#798,#809,#151,.T.);
#1017=EDGE_CURVE('',#820,#820,#725,.T.);
#1018=EDGE_CURVE('',#820,#821,#152,.T.);
#1019=EDGE_CURVE('',#821,#821,#726,.T.);
#1020=EDGE_CURVE('',#797,#810,#153,.T.);
#1021=EDGE_CURVE('',#822,#823,#727,.T.);
#1022=EDGE_CURVE('',#823,#824,#728,.T.);
#1023=EDGE_CURVE('',#824,#825,#729,.T.);
#1024=EDGE_CURVE('',#825,#822,#13,.T.);
#1025=EDGE_CURVE('',#825,#826,#154,.T.);
#1026=EDGE_CURVE('',#826,#827,#695,.F.);
#1027=EDGE_CURVE('',#827,#822,#155,.T.);
#1028=EDGE_CURVE('',#828,#829,#730,.T.);
#1029=EDGE_CURVE('',#829,#824,#156,.T.);
#1030=EDGE_CURVE('',#823,#828,#157,.T.);
#1031=EDGE_CURVE('',#830,#829,#731,.T.);
#1032=EDGE_CURVE('',#828,#831,#732,.T.);
#1033=EDGE_CURVE('',#831,#830,#14,.T.);
#1034=EDGE_CURVE('',#831,#832,#158,.T.);
#1035=EDGE_CURVE('',#832,#833,#696,.F.);
#1036=EDGE_CURVE('',#833,#830,#159,.T.);
#1037=EDGE_CURVE('',#834,#825,#160,.T.);
#1038=EDGE_CURVE('',#835,#834,#161,.T.);
#1039=EDGE_CURVE('',#826,#835,#162,.T.);
#1040=EDGE_CURVE('',#836,#824,#163,.T.);
#1041=EDGE_CURVE('',#834,#836,#733,.T.);
#1042=EDGE_CURVE('',#837,#829,#164,.T.);
#1043=EDGE_CURVE('',#836,#837,#165,.T.);
#1044=EDGE_CURVE('',#838,#830,#166,.T.);
#1045=EDGE_CURVE('',#837,#838,#734,.T.);
#1046=EDGE_CURVE('',#839,#833,#167,.T.);
#1047=EDGE_CURVE('',#838,#839,#168,.T.);
#1048=EDGE_CURVE('',#840,#841,#735,.T.);
#1049=EDGE_CURVE('',#841,#842,#736,.T.);
#1050=EDGE_CURVE('',#842,#843,#737,.T.);
#1051=EDGE_CURVE('',#843,#840,#15,.T.);
#1052=EDGE_CURVE('',#844,#845,#738,.T.);
#1053=EDGE_CURVE('',#845,#842,#169,.T.);
#1054=EDGE_CURVE('',#841,#844,#170,.T.);
#1055=EDGE_CURVE('',#846,#845,#739,.T.);
#1056=EDGE_CURVE('',#844,#847,#740,.T.);
#1057=EDGE_CURVE('',#847,#846,#16,.T.);
#1058=EDGE_CURVE('',#843,#848,#171,.T.);
#1059=EDGE_CURVE('',#848,#849,#697,.F.);
#1060=EDGE_CURVE('',#849,#840,#172,.T.);
#1061=EDGE_CURVE('',#847,#850,#173,.T.);
#1062=EDGE_CURVE('',#850,#851,#698,.F.);
#1063=EDGE_CURVE('',#851,#846,#174,.T.);
#1064=EDGE_CURVE('',#848,#827,#175,.T.);
#1065=EDGE_CURVE('',#852,#851,#176,.T.);
#1066=EDGE_CURVE('',#853,#852,#699,.T.);
#1067=EDGE_CURVE('',#854,#853,#177,.T.);
#1068=EDGE_CURVE('',#855,#854,#741,.T.);
#1069=EDGE_CURVE('',#856,#855,#178,.T.);
#1070=EDGE_CURVE('',#857,#856,#700,.T.);
#1071=EDGE_CURVE('',#858,#857,#179,.T.);
#1072=EDGE_CURVE('',#859,#858,#701,.T.);
#1073=EDGE_CURVE('',#859,#860,#180,.T.);
#1074=EDGE_CURVE('',#861,#860,#702,.T.);
#1075=EDGE_CURVE('',#861,#862,#181,.T.);
#1076=EDGE_CURVE('',#863,#862,#703,.T.);
#1077=EDGE_CURVE('',#863,#864,#182,.T.);
#1078=EDGE_CURVE('',#865,#864,#742,.T.);
#1079=EDGE_CURVE('',#866,#865,#183,.T.);
#1080=EDGE_CURVE('',#867,#866,#704,.T.);
#1081=EDGE_CURVE('',#832,#867,#184,.T.);
#1082=EDGE_CURVE('',#868,#869,#185,.T.);
#1083=EDGE_CURVE('',#869,#870,#705,.F.);
#1084=EDGE_CURVE('',#870,#871,#186,.T.);
#1085=EDGE_CURVE('',#871,#868,#17,.T.);
#1086=EDGE_CURVE('',#871,#872,#743,.T.);
#1087=EDGE_CURVE('',#872,#873,#744,.T.);
#1088=EDGE_CURVE('',#873,#868,#745,.T.);
#1089=EDGE_CURVE('',#874,#875,#746,.T.);
#1090=EDGE_CURVE('',#875,#873,#187,.T.);
#1091=EDGE_CURVE('',#872,#874,#188,.T.);
#1092=EDGE_CURVE('',#876,#875,#747,.T.);
#1093=EDGE_CURVE('',#874,#877,#748,.T.);
#1094=EDGE_CURVE('',#877,#876,#18,.T.);
#1095=EDGE_CURVE('',#877,#878,#189,.T.);
#1096=EDGE_CURVE('',#878,#879,#706,.F.);
#1097=EDGE_CURVE('',#879,#876,#190,.T.);
#1098=EDGE_CURVE('',#869,#849,#191,.T.);
#1099=EDGE_CURVE('',#868,#840,#192,.T.);
#1100=EDGE_CURVE('',#873,#841,#193,.T.);
#1101=EDGE_CURVE('',#875,#844,#194,.T.);
#1102=EDGE_CURVE('',#876,#847,#195,.T.);
#1103=EDGE_CURVE('',#850,#879,#196,.T.);
#1104=EDGE_CURVE('',#880,#881,#197,.T.);
#1105=EDGE_CURVE('',#881,#835,#707,.F.);
#1106=EDGE_CURVE('',#834,#880,#19,.T.);
#1107=EDGE_CURVE('',#836,#882,#749,.T.);
#1108=EDGE_CURVE('',#882,#880,#750,.T.);
#1109=EDGE_CURVE('',#837,#883,#751,.T.);
#1110=EDGE_CURVE('',#883,#882,#198,.T.);
#1111=EDGE_CURVE('',#884,#883,#752,.T.);
#1112=EDGE_CURVE('',#838,#884,#20,.T.);
#1113=EDGE_CURVE('',#839,#885,#708,.F.);
#1114=EDGE_CURVE('',#885,#884,#199,.T.);
#1115=EDGE_CURVE('',#881,#885,#200,.T.);
#1116=EDGE_CURVE('',#886,#887,#21,.T.);
#1117=EDGE_CURVE('',#887,#888,#22,.T.);
#1118=EDGE_CURVE('',#889,#888,#753,.T.);
#1119=EDGE_CURVE('',#890,#889,#23,.F.);
#1120=EDGE_CURVE('',#891,#890,#754,.T.);
#1121=EDGE_CURVE('',#891,#886,#24,.T.);
#1122=EDGE_CURVE('',#892,#893,#755,.T.);
#1123=EDGE_CURVE('',#894,#893,#756,.T.);
#1124=EDGE_CURVE('',#895,#894,#757,.F.);
#1125=EDGE_CURVE('',#892,#895,#758,.T.);
#1126=EDGE_CURVE('',#896,#897,#25,.T.);
#1127=EDGE_CURVE('',#897,#898,#26,.T.);
#1128=EDGE_CURVE('',#898,#899,#201,.T.);
#1129=EDGE_CURVE('',#899,#900,#759,.T.);
#1130=EDGE_CURVE('',#901,#900,#202,.T.);
#1131=EDGE_CURVE('',#901,#894,#203,.T.);
#1132=EDGE_CURVE('',#893,#896,#204,.T.);
#1133=EDGE_CURVE('',#894,#891,#205,.T.);
#1134=EDGE_CURVE('',#890,#895,#206,.T.);
#1135=EDGE_CURVE('',#860,#892,#207,.T.);
#1136=EDGE_CURVE('',#895,#861,#208,.T.);
#1137=EDGE_CURVE('',#864,#889,#209,.T.);
#1138=EDGE_CURVE('',#888,#865,#210,.T.);
#1139=EDGE_CURVE('',#862,#890,#211,.T.);
#1140=EDGE_CURVE('',#889,#863,#212,.T.);
#1141=EDGE_CURVE('',#902,#859,#213,.T.);
#1142=EDGE_CURVE('',#903,#902,#760,.T.);
#1143=EDGE_CURVE('',#904,#903,#214,.T.);
#1144=EDGE_CURVE('',#904,#905,#761,.T.);
#1145=EDGE_CURVE('',#906,#905,#215,.T.);
#1146=EDGE_CURVE('',#906,#907,#216,.T.);
#1147=EDGE_CURVE('',#908,#907,#217,.T.);
#1148=EDGE_CURVE('',#908,#909,#218,.T.);
#1149=EDGE_CURVE('',#909,#910,#219,.T.);
#1150=EDGE_CURVE('',#910,#899,#220,.T.);
#1151=EDGE_CURVE('',#898,#896,#762,.T.);
#1152=EDGE_CURVE('',#911,#912,#709,.T.);
#1153=EDGE_CURVE('',#912,#867,#221,.T.);
#1154=EDGE_CURVE('',#866,#911,#222,.T.);
#1155=EDGE_CURVE('',#912,#913,#223,.T.);
#1156=EDGE_CURVE('',#913,#914,#224,.T.);
#1157=EDGE_CURVE('',#914,#915,#225,.T.);
#1158=EDGE_CURVE('',#916,#915,#226,.F.);
#1159=EDGE_CURVE('',#916,#917,#227,.T.);
#1160=EDGE_CURVE('',#852,#917,#228,.T.);
#1161=EDGE_CURVE('',#878,#870,#229,.T.);
#1162=EDGE_CURVE('',#918,#918,#710,.T.);
#1163=EDGE_CURVE('',#901,#911,#230,.T.);
#1164=EDGE_CURVE('',#901,#919,#231,.T.);
#1165=EDGE_CURVE('',#919,#909,#232,.T.);
#1166=EDGE_CURVE('',#908,#920,#233,.T.);
#1167=EDGE_CURVE('',#920,#921,#234,.T.);
#1168=EDGE_CURVE('',#922,#921,#235,.T.);
#1169=EDGE_CURVE('',#917,#922,#711,.T.);
#1170=EDGE_CURVE('',#916,#923,#236,.T.);
#1171=EDGE_CURVE('',#923,#924,#237,.T.);
#1172=EDGE_CURVE('',#924,#913,#238,.T.);
#1173=EDGE_CURVE('',#925,#926,#27,.T.);
#1174=EDGE_CURVE('',#926,#927,#28,.T.);
#1175=EDGE_CURVE('',#928,#927,#763,.T.);
#1176=EDGE_CURVE('',#929,#928,#29,.F.);
#1177=EDGE_CURVE('',#930,#929,#764,.T.);
#1178=EDGE_CURVE('',#930,#925,#30,.T.);
#1179=EDGE_CURVE('',#931,#932,#765,.F.);
#1180=EDGE_CURVE('',#903,#931,#766,.T.);
#1181=EDGE_CURVE('',#932,#902,#767,.T.);
#1182=EDGE_CURVE('',#905,#933,#31,.T.);
#1183=EDGE_CURVE('',#933,#904,#32,.T.);
#1184=EDGE_CURVE('',#931,#921,#239,.T.);
#1185=EDGE_CURVE('',#921,#934,#240,.T.);
#1186=EDGE_CURVE('',#934,#906,#768,.T.);
#1187=EDGE_CURVE('',#858,#932,#241,.T.);
#1188=EDGE_CURVE('',#927,#931,#242,.T.);
#1189=EDGE_CURVE('',#932,#928,#243,.T.);
#1190=EDGE_CURVE('',#856,#929,#244,.T.);
#1191=EDGE_CURVE('',#928,#857,#245,.T.);
#1192=EDGE_CURVE('',#854,#930,#246,.T.);
#1193=EDGE_CURVE('',#929,#855,#247,.T.);
#1194=EDGE_CURVE('',#933,#935,#248,.T.);
#1195=EDGE_CURVE('',#935,#935,#769,.T.);
#1196=EDGE_CURVE('',#936,#934,#249,.T.);
#1197=EDGE_CURVE('',#907,#936,#250,.T.);
#1198=EDGE_CURVE('',#922,#853,#251,.T.);
#1199=EDGE_CURVE('',#918,#937,#252,.T.);
#1200=EDGE_CURVE('',#937,#937,#770,.T.);
#1201=EDGE_CURVE('',#897,#938,#253,.T.);
#1202=EDGE_CURVE('',#938,#938,#771,.T.);
#1203=EDGE_CURVE('',#939,#940,#254,.T.);
#1204=EDGE_CURVE('',#924,#940,#255,.T.);
#1205=EDGE_CURVE('',#923,#939,#256,.T.);
#1206=EDGE_CURVE('',#940,#914,#257,.T.);
#1207=EDGE_CURVE('',#915,#939,#258,.T.);
#1208=EDGE_CURVE('',#920,#936,#259,.T.);
#1209=EDGE_CURVE('',#900,#941,#260,.T.);
#1210=EDGE_CURVE('',#919,#941,#261,.T.);
#1211=EDGE_CURVE('',#941,#910,#262,.T.);
#1212=ORIENTED_EDGE('',*,*,#942,.F.);
#1213=ORIENTED_EDGE('',*,*,#943,.F.);
#1214=ORIENTED_EDGE('',*,*,#944,.F.);
#1215=ORIENTED_EDGE('',*,*,#945,.T.);
#1216=ORIENTED_EDGE('',*,*,#946,.T.);
#1217=ORIENTED_EDGE('',*,*,#947,.T.);
#1218=ORIENTED_EDGE('',*,*,#943,.T.);
#1219=ORIENTED_EDGE('',*,*,#948,.T.);
#1220=ORIENTED_EDGE('',*,*,#949,.F.);
#1221=ORIENTED_EDGE('',*,*,#950,.F.);
#1222=ORIENTED_EDGE('',*,*,#951,.F.);
#1223=ORIENTED_EDGE('',*,*,#952,.T.);
#1224=ORIENTED_EDGE('',*,*,#953,.T.);
#1225=ORIENTED_EDGE('',*,*,#954,.T.);
#1226=ORIENTED_EDGE('',*,*,#950,.T.);
#1227=ORIENTED_EDGE('',*,*,#955,.T.);
#1228=ORIENTED_EDGE('',*,*,#942,.T.);
#1229=ORIENTED_EDGE('',*,*,#956,.T.);
#1230=ORIENTED_EDGE('',*,*,#951,.T.);
#1231=ORIENTED_EDGE('',*,*,#957,.T.);
#1232=ORIENTED_EDGE('',*,*,#958,.F.);
#1233=ORIENTED_EDGE('',*,*,#959,.F.);
#1234=ORIENTED_EDGE('',*,*,#960,.F.);
#1235=ORIENTED_EDGE('',*,*,#961,.T.);
#1236=ORIENTED_EDGE('',*,*,#962,.T.);
#1237=ORIENTED_EDGE('',*,*,#963,.T.);
#1238=ORIENTED_EDGE('',*,*,#959,.T.);
#1239=ORIENTED_EDGE('',*,*,#964,.T.);
#1240=ORIENTED_EDGE('',*,*,#965,.F.);
#1241=ORIENTED_EDGE('',*,*,#966,.F.);
#1242=ORIENTED_EDGE('',*,*,#967,.F.);
#1243=ORIENTED_EDGE('',*,*,#968,.T.);
#1244=ORIENTED_EDGE('',*,*,#969,.T.);
#1245=ORIENTED_EDGE('',*,*,#970,.T.);
#1246=ORIENTED_EDGE('',*,*,#966,.T.);
#1247=ORIENTED_EDGE('',*,*,#971,.T.);
#1248=ORIENTED_EDGE('',*,*,#949,.T.);
#1249=ORIENTED_EDGE('',*,*,#972,.T.);
#1250=ORIENTED_EDGE('',*,*,#967,.T.);
#1251=ORIENTED_EDGE('',*,*,#973,.T.);
#1252=ORIENTED_EDGE('',*,*,#965,.T.);
#1253=ORIENTED_EDGE('',*,*,#974,.T.);
#1254=ORIENTED_EDGE('',*,*,#960,.T.);
#1255=ORIENTED_EDGE('',*,*,#975,.T.);
#1256=ORIENTED_EDGE('',*,*,#958,.T.);
#1257=ORIENTED_EDGE('',*,*,#976,.T.);
#1258=ORIENTED_EDGE('',*,*,#944,.T.);
#1259=ORIENTED_EDGE('',*,*,#977,.T.);
#1260=ORIENTED_EDGE('',*,*,#946,.F.);
#1261=ORIENTED_EDGE('',*,*,#978,.F.);
#1262=ORIENTED_EDGE('',*,*,#979,.T.);
#1263=ORIENTED_EDGE('',*,*,#980,.F.);
#1264=ORIENTED_EDGE('',*,*,#981,.F.);
#1265=ORIENTED_EDGE('',*,*,#948,.F.);
#1266=ORIENTED_EDGE('',*,*,#957,.F.);
#1267=ORIENTED_EDGE('',*,*,#954,.F.);
#1268=ORIENTED_EDGE('',*,*,#982,.F.);
#1269=ORIENTED_EDGE('',*,*,#983,.T.);
#1270=ORIENTED_EDGE('',*,*,#978,.T.);
#1271=ORIENTED_EDGE('',*,*,#955,.F.);
#1272=ORIENTED_EDGE('',*,*,#973,.F.);
#1273=ORIENTED_EDGE('',*,*,#970,.F.);
#1274=ORIENTED_EDGE('',*,*,#984,.F.);
#1275=ORIENTED_EDGE('',*,*,#985,.T.);
#1276=ORIENTED_EDGE('',*,*,#986,.T.);
#1277=ORIENTED_EDGE('',*,*,#987,.T.);
#1278=ORIENTED_EDGE('',*,*,#988,.F.);
#1279=ORIENTED_EDGE('',*,*,#953,.F.);
#1280=ORIENTED_EDGE('',*,*,#988,.T.);
#1281=ORIENTED_EDGE('',*,*,#989,.T.);
#1282=ORIENTED_EDGE('',*,*,#990,.T.);
#1283=ORIENTED_EDGE('',*,*,#991,.T.);
#1284=ORIENTED_EDGE('',*,*,#984,.T.);
#1285=ORIENTED_EDGE('',*,*,#969,.F.);
#1286=ORIENTED_EDGE('',*,*,#992,.T.);
#1287=ORIENTED_EDGE('',*,*,#993,.T.);
#1288=ORIENTED_EDGE('',*,*,#994,.T.);
#1289=ORIENTED_EDGE('',*,*,#995,.T.);
#1290=ORIENTED_EDGE('',*,*,#996,.T.);
#1291=ORIENTED_EDGE('',*,*,#997,.T.);
#1292=ORIENTED_EDGE('',*,*,#982,.T.);
#1293=ORIENTED_EDGE('',*,*,#968,.F.);
#1294=ORIENTED_EDGE('',*,*,#972,.F.);
#1295=ORIENTED_EDGE('',*,*,#952,.F.);
#1296=ORIENTED_EDGE('',*,*,#956,.F.);
#1297=ORIENTED_EDGE('',*,*,#945,.F.);
#1298=ORIENTED_EDGE('',*,*,#976,.F.);
#1299=ORIENTED_EDGE('',*,*,#961,.F.);
#1300=ORIENTED_EDGE('',*,*,#974,.F.);
#1301=ORIENTED_EDGE('',*,*,#998,.F.);
#1302=ORIENTED_EDGE('',*,*,#999,.T.);
#1303=ORIENTED_EDGE('',*,*,#1000,.T.);
#1304=ORIENTED_EDGE('',*,*,#999,.F.);
#1305=ORIENTED_EDGE('',*,*,#1000,.F.);
#1306=ORIENTED_EDGE('',*,*,#1001,.F.);
#1307=ORIENTED_EDGE('',*,*,#1002,.F.);
#1308=ORIENTED_EDGE('',*,*,#990,.F.);
#1309=ORIENTED_EDGE('',*,*,#1003,.T.);
#1310=ORIENTED_EDGE('',*,*,#998,.T.);
#1311=ORIENTED_EDGE('',*,*,#1004,.F.);
#1312=ORIENTED_EDGE('',*,*,#1003,.F.);
#1313=ORIENTED_EDGE('',*,*,#989,.F.);
#1314=ORIENTED_EDGE('',*,*,#987,.F.);
#1315=ORIENTED_EDGE('',*,*,#1005,.F.);
#1316=ORIENTED_EDGE('',*,*,#985,.F.);
#1317=ORIENTED_EDGE('',*,*,#991,.F.);
#1318=ORIENTED_EDGE('',*,*,#1002,.T.);
#1319=ORIENTED_EDGE('',*,*,#986,.F.);
#1320=ORIENTED_EDGE('',*,*,#1005,.T.);
#1321=ORIENTED_EDGE('',*,*,#1001,.T.);
#1322=ORIENTED_EDGE('',*,*,#1004,.T.);
#1323=ORIENTED_EDGE('',*,*,#1006,.F.);
#1324=ORIENTED_EDGE('',*,*,#1007,.T.);
#1325=ORIENTED_EDGE('',*,*,#1008,.F.);
#1326=ORIENTED_EDGE('',*,*,#1007,.F.);
#1327=ORIENTED_EDGE('',*,*,#1008,.T.);
#1328=ORIENTED_EDGE('',*,*,#1009,.F.);
#1329=ORIENTED_EDGE('',*,*,#994,.F.);
#1330=ORIENTED_EDGE('',*,*,#1010,.F.);
#1331=ORIENTED_EDGE('',*,*,#1011,.F.);
#1332=ORIENTED_EDGE('',*,*,#962,.F.);
#1333=ORIENTED_EDGE('',*,*,#1012,.F.);
#1334=ORIENTED_EDGE('',*,*,#1011,.T.);
#1335=ORIENTED_EDGE('',*,*,#1013,.F.);
#1336=ORIENTED_EDGE('',*,*,#1014,.F.);
#1337=ORIENTED_EDGE('',*,*,#1015,.F.);
#1338=ORIENTED_EDGE('',*,*,#1013,.T.);
#1339=ORIENTED_EDGE('',*,*,#1010,.T.);
#1340=ORIENTED_EDGE('',*,*,#993,.F.);
#1341=ORIENTED_EDGE('',*,*,#1006,.T.);
#1342=ORIENTED_EDGE('',*,*,#947,.F.);
#1343=ORIENTED_EDGE('',*,*,#981,.T.);
#1344=ORIENTED_EDGE('',*,*,#1016,.T.);
#1345=ORIENTED_EDGE('',*,*,#995,.F.);
#1346=ORIENTED_EDGE('',*,*,#1009,.T.);
#1347=ORIENTED_EDGE('',*,*,#1012,.T.);
#1348=ORIENTED_EDGE('',*,*,#964,.F.);
#1349=ORIENTED_EDGE('',*,*,#977,.F.);
#1350=ORIENTED_EDGE('',*,*,#1017,.F.);
#1351=ORIENTED_EDGE('',*,*,#1018,.T.);
#1352=ORIENTED_EDGE('',*,*,#1019,.T.);
#1353=ORIENTED_EDGE('',*,*,#1018,.F.);
#1354=ORIENTED_EDGE('',*,*,#1019,.F.);
#1355=ORIENTED_EDGE('',*,*,#1016,.F.);
#1356=ORIENTED_EDGE('',*,*,#980,.T.);
#1357=ORIENTED_EDGE('',*,*,#1020,.T.);
#1358=ORIENTED_EDGE('',*,*,#996,.F.);
#1359=ORIENTED_EDGE('',*,*,#983,.F.);
#1360=ORIENTED_EDGE('',*,*,#997,.F.);
#1361=ORIENTED_EDGE('',*,*,#1020,.F.);
#1362=ORIENTED_EDGE('',*,*,#979,.F.);
#1363=ORIENTED_EDGE('',*,*,#1017,.T.);
#1364=ORIENTED_EDGE('',*,*,#963,.F.);
#1365=ORIENTED_EDGE('',*,*,#1014,.T.);
#1366=ORIENTED_EDGE('',*,*,#1015,.T.);
#1367=ORIENTED_EDGE('',*,*,#992,.F.);
#1368=ORIENTED_EDGE('',*,*,#971,.F.);
#1369=ORIENTED_EDGE('',*,*,#975,.F.);
#1370=ORIENTED_EDGE('',*,*,#1021,.T.);
#1371=ORIENTED_EDGE('',*,*,#1022,.T.);
#1372=ORIENTED_EDGE('',*,*,#1023,.T.);
#1373=ORIENTED_EDGE('',*,*,#1024,.T.);
#1374=ORIENTED_EDGE('',*,*,#1025,.T.);
#1375=ORIENTED_EDGE('',*,*,#1026,.T.);
#1376=ORIENTED_EDGE('',*,*,#1027,.T.);
#1377=ORIENTED_EDGE('',*,*,#1024,.F.);
#1378=ORIENTED_EDGE('',*,*,#1028,.T.);
#1379=ORIENTED_EDGE('',*,*,#1029,.T.);
#1380=ORIENTED_EDGE('',*,*,#1022,.F.);
#1381=ORIENTED_EDGE('',*,*,#1030,.T.);
#1382=ORIENTED_EDGE('',*,*,#1031,.T.);
#1383=ORIENTED_EDGE('',*,*,#1028,.F.);
#1384=ORIENTED_EDGE('',*,*,#1032,.T.);
#1385=ORIENTED_EDGE('',*,*,#1033,.T.);
#1386=ORIENTED_EDGE('',*,*,#1034,.T.);
#1387=ORIENTED_EDGE('',*,*,#1035,.T.);
#1388=ORIENTED_EDGE('',*,*,#1036,.T.);
#1389=ORIENTED_EDGE('',*,*,#1033,.F.);
#1390=ORIENTED_EDGE('',*,*,#1025,.F.);
#1391=ORIENTED_EDGE('',*,*,#1037,.F.);
#1392=ORIENTED_EDGE('',*,*,#1038,.F.);
#1393=ORIENTED_EDGE('',*,*,#1039,.F.);
#1394=ORIENTED_EDGE('',*,*,#1023,.F.);
#1395=ORIENTED_EDGE('',*,*,#1040,.F.);
#1396=ORIENTED_EDGE('',*,*,#1041,.F.);
#1397=ORIENTED_EDGE('',*,*,#1037,.T.);
#1398=ORIENTED_EDGE('',*,*,#1029,.F.);
#1399=ORIENTED_EDGE('',*,*,#1042,.F.);
#1400=ORIENTED_EDGE('',*,*,#1043,.F.);
#1401=ORIENTED_EDGE('',*,*,#1040,.T.);
#1402=ORIENTED_EDGE('',*,*,#1031,.F.);
#1403=ORIENTED_EDGE('',*,*,#1044,.F.);
#1404=ORIENTED_EDGE('',*,*,#1045,.F.);
#1405=ORIENTED_EDGE('',*,*,#1042,.T.);
#1406=ORIENTED_EDGE('',*,*,#1036,.F.);
#1407=ORIENTED_EDGE('',*,*,#1046,.F.);
#1408=ORIENTED_EDGE('',*,*,#1047,.F.);
#1409=ORIENTED_EDGE('',*,*,#1044,.T.);
#1410=ORIENTED_EDGE('',*,*,#1048,.T.);
#1411=ORIENTED_EDGE('',*,*,#1049,.T.);
#1412=ORIENTED_EDGE('',*,*,#1050,.T.);
#1413=ORIENTED_EDGE('',*,*,#1051,.T.);
#1414=ORIENTED_EDGE('',*,*,#1052,.T.);
#1415=ORIENTED_EDGE('',*,*,#1053,.T.);
#1416=ORIENTED_EDGE('',*,*,#1049,.F.);
#1417=ORIENTED_EDGE('',*,*,#1054,.T.);
#1418=ORIENTED_EDGE('',*,*,#1055,.T.);
#1419=ORIENTED_EDGE('',*,*,#1052,.F.);
#1420=ORIENTED_EDGE('',*,*,#1056,.T.);
#1421=ORIENTED_EDGE('',*,*,#1057,.T.);
#1422=ORIENTED_EDGE('',*,*,#1058,.T.);
#1423=ORIENTED_EDGE('',*,*,#1059,.T.);
#1424=ORIENTED_EDGE('',*,*,#1060,.T.);
#1425=ORIENTED_EDGE('',*,*,#1051,.F.);
#1426=ORIENTED_EDGE('',*,*,#1061,.T.);
#1427=ORIENTED_EDGE('',*,*,#1062,.T.);
#1428=ORIENTED_EDGE('',*,*,#1063,.T.);
#1429=ORIENTED_EDGE('',*,*,#1057,.F.);
#1430=ORIENTED_EDGE('',*,*,#1064,.F.);
#1431=ORIENTED_EDGE('',*,*,#1058,.F.);
#1432=ORIENTED_EDGE('',*,*,#1050,.F.);
#1433=ORIENTED_EDGE('',*,*,#1053,.F.);
#1434=ORIENTED_EDGE('',*,*,#1055,.F.);
#1435=ORIENTED_EDGE('',*,*,#1063,.F.);
#1436=ORIENTED_EDGE('',*,*,#1065,.F.);
#1437=ORIENTED_EDGE('',*,*,#1066,.F.);
#1438=ORIENTED_EDGE('',*,*,#1067,.F.);
#1439=ORIENTED_EDGE('',*,*,#1068,.F.);
#1440=ORIENTED_EDGE('',*,*,#1069,.F.);
#1441=ORIENTED_EDGE('',*,*,#1070,.F.);
#1442=ORIENTED_EDGE('',*,*,#1071,.F.);
#1443=ORIENTED_EDGE('',*,*,#1072,.F.);
#1444=ORIENTED_EDGE('',*,*,#1073,.T.);
#1445=ORIENTED_EDGE('',*,*,#1074,.F.);
#1446=ORIENTED_EDGE('',*,*,#1075,.T.);
#1447=ORIENTED_EDGE('',*,*,#1076,.F.);
#1448=ORIENTED_EDGE('',*,*,#1077,.T.);
#1449=ORIENTED_EDGE('',*,*,#1078,.F.);
#1450=ORIENTED_EDGE('',*,*,#1079,.F.);
#1451=ORIENTED_EDGE('',*,*,#1080,.F.);
#1452=ORIENTED_EDGE('',*,*,#1081,.F.);
#1453=ORIENTED_EDGE('',*,*,#1034,.F.);
#1454=ORIENTED_EDGE('',*,*,#1032,.F.);
#1455=ORIENTED_EDGE('',*,*,#1030,.F.);
#1456=ORIENTED_EDGE('',*,*,#1021,.F.);
#1457=ORIENTED_EDGE('',*,*,#1027,.F.);
#1458=ORIENTED_EDGE('',*,*,#1082,.T.);
#1459=ORIENTED_EDGE('',*,*,#1083,.T.);
#1460=ORIENTED_EDGE('',*,*,#1084,.T.);
#1461=ORIENTED_EDGE('',*,*,#1085,.T.);
#1462=ORIENTED_EDGE('',*,*,#1086,.T.);
#1463=ORIENTED_EDGE('',*,*,#1087,.T.);
#1464=ORIENTED_EDGE('',*,*,#1088,.T.);
#1465=ORIENTED_EDGE('',*,*,#1085,.F.);
#1466=ORIENTED_EDGE('',*,*,#1089,.T.);
#1467=ORIENTED_EDGE('',*,*,#1090,.T.);
#1468=ORIENTED_EDGE('',*,*,#1087,.F.);
#1469=ORIENTED_EDGE('',*,*,#1091,.T.);
#1470=ORIENTED_EDGE('',*,*,#1092,.T.);
#1471=ORIENTED_EDGE('',*,*,#1089,.F.);
#1472=ORIENTED_EDGE('',*,*,#1093,.T.);
#1473=ORIENTED_EDGE('',*,*,#1094,.T.);
#1474=ORIENTED_EDGE('',*,*,#1095,.T.);
#1475=ORIENTED_EDGE('',*,*,#1096,.T.);
#1476=ORIENTED_EDGE('',*,*,#1097,.T.);
#1477=ORIENTED_EDGE('',*,*,#1094,.F.);
#1478=ORIENTED_EDGE('',*,*,#1060,.F.);
#1479=ORIENTED_EDGE('',*,*,#1098,.F.);
#1480=ORIENTED_EDGE('',*,*,#1082,.F.);
#1481=ORIENTED_EDGE('',*,*,#1099,.T.);
#1482=ORIENTED_EDGE('',*,*,#1048,.F.);
#1483=ORIENTED_EDGE('',*,*,#1099,.F.);
#1484=ORIENTED_EDGE('',*,*,#1088,.F.);
#1485=ORIENTED_EDGE('',*,*,#1100,.T.);
#1486=ORIENTED_EDGE('',*,*,#1054,.F.);
#1487=ORIENTED_EDGE('',*,*,#1100,.F.);
#1488=ORIENTED_EDGE('',*,*,#1090,.F.);
#1489=ORIENTED_EDGE('',*,*,#1101,.T.);
#1490=ORIENTED_EDGE('',*,*,#1056,.F.);
#1491=ORIENTED_EDGE('',*,*,#1101,.F.);
#1492=ORIENTED_EDGE('',*,*,#1092,.F.);
#1493=ORIENTED_EDGE('',*,*,#1102,.T.);
#1494=ORIENTED_EDGE('',*,*,#1061,.F.);
#1495=ORIENTED_EDGE('',*,*,#1102,.F.);
#1496=ORIENTED_EDGE('',*,*,#1097,.F.);
#1497=ORIENTED_EDGE('',*,*,#1103,.F.);
#1498=ORIENTED_EDGE('',*,*,#1104,.T.);
#1499=ORIENTED_EDGE('',*,*,#1105,.T.);
#1500=ORIENTED_EDGE('',*,*,#1038,.T.);
#1501=ORIENTED_EDGE('',*,*,#1106,.T.);
#1502=ORIENTED_EDGE('',*,*,#1041,.T.);
#1503=ORIENTED_EDGE('',*,*,#1107,.T.);
#1504=ORIENTED_EDGE('',*,*,#1108,.T.);
#1505=ORIENTED_EDGE('',*,*,#1106,.F.);
#1506=ORIENTED_EDGE('',*,*,#1109,.T.);
#1507=ORIENTED_EDGE('',*,*,#1110,.T.);
#1508=ORIENTED_EDGE('',*,*,#1107,.F.);
#1509=ORIENTED_EDGE('',*,*,#1043,.T.);
#1510=ORIENTED_EDGE('',*,*,#1111,.T.);
#1511=ORIENTED_EDGE('',*,*,#1109,.F.);
#1512=ORIENTED_EDGE('',*,*,#1045,.T.);
#1513=ORIENTED_EDGE('',*,*,#1112,.T.);
#1514=ORIENTED_EDGE('',*,*,#1047,.T.);
#1515=ORIENTED_EDGE('',*,*,#1113,.T.);
#1516=ORIENTED_EDGE('',*,*,#1114,.T.);
#1517=ORIENTED_EDGE('',*,*,#1112,.F.);
#1518=ORIENTED_EDGE('',*,*,#1104,.F.);
#1519=ORIENTED_EDGE('',*,*,#1108,.F.);
#1520=ORIENTED_EDGE('',*,*,#1110,.F.);
#1521=ORIENTED_EDGE('',*,*,#1111,.F.);
#1522=ORIENTED_EDGE('',*,*,#1114,.F.);
#1523=ORIENTED_EDGE('',*,*,#1115,.F.);
#1524=ORIENTED_EDGE('',*,*,#1116,.T.);
#1525=ORIENTED_EDGE('',*,*,#1117,.T.);
#1526=ORIENTED_EDGE('',*,*,#1118,.F.);
#1527=ORIENTED_EDGE('',*,*,#1119,.F.);
#1528=ORIENTED_EDGE('',*,*,#1120,.F.);
#1529=ORIENTED_EDGE('',*,*,#1121,.T.);
#1530=ORIENTED_EDGE('',*,*,#1122,.T.);
#1531=ORIENTED_EDGE('',*,*,#1123,.F.);
#1532=ORIENTED_EDGE('',*,*,#1124,.F.);
#1533=ORIENTED_EDGE('',*,*,#1125,.F.);
#1534=ORIENTED_EDGE('',*,*,#1126,.T.);
#1535=ORIENTED_EDGE('',*,*,#1127,.T.);
#1536=ORIENTED_EDGE('',*,*,#1128,.T.);
#1537=ORIENTED_EDGE('',*,*,#1129,.T.);
#1538=ORIENTED_EDGE('',*,*,#1130,.F.);
#1539=ORIENTED_EDGE('',*,*,#1131,.T.);
#1540=ORIENTED_EDGE('',*,*,#1123,.T.);
#1541=ORIENTED_EDGE('',*,*,#1132,.T.);
#1542=ORIENTED_EDGE('',*,*,#1124,.T.);
#1543=ORIENTED_EDGE('',*,*,#1133,.T.);
#1544=ORIENTED_EDGE('',*,*,#1120,.T.);
#1545=ORIENTED_EDGE('',*,*,#1134,.T.);
#1546=ORIENTED_EDGE('',*,*,#1074,.T.);
#1547=ORIENTED_EDGE('',*,*,#1135,.T.);
#1548=ORIENTED_EDGE('',*,*,#1125,.T.);
#1549=ORIENTED_EDGE('',*,*,#1136,.T.);
#1550=ORIENTED_EDGE('',*,*,#1078,.T.);
#1551=ORIENTED_EDGE('',*,*,#1137,.T.);
#1552=ORIENTED_EDGE('',*,*,#1118,.T.);
#1553=ORIENTED_EDGE('',*,*,#1138,.T.);
#1554=ORIENTED_EDGE('',*,*,#1076,.T.);
#1555=ORIENTED_EDGE('',*,*,#1139,.T.);
#1556=ORIENTED_EDGE('',*,*,#1119,.T.);
#1557=ORIENTED_EDGE('',*,*,#1140,.T.);
#1558=ORIENTED_EDGE('',*,*,#1132,.F.);
#1559=ORIENTED_EDGE('',*,*,#1122,.F.);
#1560=ORIENTED_EDGE('',*,*,#1135,.F.);
#1561=ORIENTED_EDGE('',*,*,#1073,.F.);
#1562=ORIENTED_EDGE('',*,*,#1141,.F.);
#1563=ORIENTED_EDGE('',*,*,#1142,.F.);
#1564=ORIENTED_EDGE('',*,*,#1143,.F.);
#1565=ORIENTED_EDGE('',*,*,#1144,.T.);
#1566=ORIENTED_EDGE('',*,*,#1145,.F.);
#1567=ORIENTED_EDGE('',*,*,#1146,.T.);
#1568=ORIENTED_EDGE('',*,*,#1147,.F.);
#1569=ORIENTED_EDGE('',*,*,#1148,.T.);
#1570=ORIENTED_EDGE('',*,*,#1149,.T.);
#1571=ORIENTED_EDGE('',*,*,#1150,.T.);
#1572=ORIENTED_EDGE('',*,*,#1128,.F.);
#1573=ORIENTED_EDGE('',*,*,#1151,.T.);
#1574=ORIENTED_EDGE('',*,*,#1136,.F.);
#1575=ORIENTED_EDGE('',*,*,#1134,.F.);
#1576=ORIENTED_EDGE('',*,*,#1139,.F.);
#1577=ORIENTED_EDGE('',*,*,#1075,.F.);
#1578=ORIENTED_EDGE('',*,*,#1140,.F.);
#1579=ORIENTED_EDGE('',*,*,#1137,.F.);
#1580=ORIENTED_EDGE('',*,*,#1077,.F.);
#1581=ORIENTED_EDGE('',*,*,#1152,.T.);
#1582=ORIENTED_EDGE('',*,*,#1153,.T.);
#1583=ORIENTED_EDGE('',*,*,#1080,.T.);
#1584=ORIENTED_EDGE('',*,*,#1154,.T.);
#1585=ORIENTED_EDGE('',*,*,#1153,.F.);
#1586=ORIENTED_EDGE('',*,*,#1155,.T.);
#1587=ORIENTED_EDGE('',*,*,#1156,.T.);
#1588=ORIENTED_EDGE('',*,*,#1157,.T.);
#1589=ORIENTED_EDGE('',*,*,#1158,.F.);
#1590=ORIENTED_EDGE('',*,*,#1159,.T.);
#1591=ORIENTED_EDGE('',*,*,#1160,.F.);
#1592=ORIENTED_EDGE('',*,*,#1065,.T.);
#1593=ORIENTED_EDGE('',*,*,#1062,.F.);
#1594=ORIENTED_EDGE('',*,*,#1103,.T.);
#1595=ORIENTED_EDGE('',*,*,#1096,.F.);
#1596=ORIENTED_EDGE('',*,*,#1161,.T.);
#1597=ORIENTED_EDGE('',*,*,#1083,.F.);
#1598=ORIENTED_EDGE('',*,*,#1098,.T.);
#1599=ORIENTED_EDGE('',*,*,#1059,.F.);
#1600=ORIENTED_EDGE('',*,*,#1064,.T.);
#1601=ORIENTED_EDGE('',*,*,#1026,.F.);
#1602=ORIENTED_EDGE('',*,*,#1039,.T.);
#1603=ORIENTED_EDGE('',*,*,#1105,.F.);
#1604=ORIENTED_EDGE('',*,*,#1115,.T.);
#1605=ORIENTED_EDGE('',*,*,#1113,.F.);
#1606=ORIENTED_EDGE('',*,*,#1046,.T.);
#1607=ORIENTED_EDGE('',*,*,#1035,.F.);
#1608=ORIENTED_EDGE('',*,*,#1081,.T.);
#1609=ORIENTED_EDGE('',*,*,#1162,.T.);
#1610=ORIENTED_EDGE('',*,*,#1152,.F.);
#1611=ORIENTED_EDGE('',*,*,#1163,.F.);
#1612=ORIENTED_EDGE('',*,*,#1164,.T.);
#1613=ORIENTED_EDGE('',*,*,#1165,.T.);
#1614=ORIENTED_EDGE('',*,*,#1148,.F.);
#1615=ORIENTED_EDGE('',*,*,#1166,.T.);
#1616=ORIENTED_EDGE('',*,*,#1167,.T.);
#1617=ORIENTED_EDGE('',*,*,#1168,.F.);
#1618=ORIENTED_EDGE('',*,*,#1169,.F.);
#1619=ORIENTED_EDGE('',*,*,#1159,.F.);
#1620=ORIENTED_EDGE('',*,*,#1170,.T.);
#1621=ORIENTED_EDGE('',*,*,#1171,.T.);
#1622=ORIENTED_EDGE('',*,*,#1172,.T.);
#1623=ORIENTED_EDGE('',*,*,#1155,.F.);
#1624=ORIENTED_EDGE('',*,*,#1173,.T.);
#1625=ORIENTED_EDGE('',*,*,#1174,.T.);
#1626=ORIENTED_EDGE('',*,*,#1175,.F.);
#1627=ORIENTED_EDGE('',*,*,#1176,.F.);
#1628=ORIENTED_EDGE('',*,*,#1177,.F.);
#1629=ORIENTED_EDGE('',*,*,#1178,.T.);
#1630=ORIENTED_EDGE('',*,*,#1179,.F.);
#1631=ORIENTED_EDGE('',*,*,#1180,.F.);
#1632=ORIENTED_EDGE('',*,*,#1142,.T.);
#1633=ORIENTED_EDGE('',*,*,#1181,.F.);
#1634=ORIENTED_EDGE('',*,*,#1182,.T.);
#1635=ORIENTED_EDGE('',*,*,#1183,.T.);
#1636=ORIENTED_EDGE('',*,*,#1143,.T.);
#1637=ORIENTED_EDGE('',*,*,#1180,.T.);
#1638=ORIENTED_EDGE('',*,*,#1184,.T.);
#1639=ORIENTED_EDGE('',*,*,#1185,.T.);
#1640=ORIENTED_EDGE('',*,*,#1186,.T.);
#1641=ORIENTED_EDGE('',*,*,#1145,.T.);
#1642=ORIENTED_EDGE('',*,*,#1072,.T.);
#1643=ORIENTED_EDGE('',*,*,#1187,.T.);
#1644=ORIENTED_EDGE('',*,*,#1181,.T.);
#1645=ORIENTED_EDGE('',*,*,#1141,.T.);
#1646=ORIENTED_EDGE('',*,*,#1175,.T.);
#1647=ORIENTED_EDGE('',*,*,#1188,.T.);
#1648=ORIENTED_EDGE('',*,*,#1179,.T.);
#1649=ORIENTED_EDGE('',*,*,#1189,.T.);
#1650=ORIENTED_EDGE('',*,*,#1070,.T.);
#1651=ORIENTED_EDGE('',*,*,#1190,.T.);
#1652=ORIENTED_EDGE('',*,*,#1176,.T.);
#1653=ORIENTED_EDGE('',*,*,#1191,.T.);
#1654=ORIENTED_EDGE('',*,*,#1068,.T.);
#1655=ORIENTED_EDGE('',*,*,#1192,.T.);
#1656=ORIENTED_EDGE('',*,*,#1177,.T.);
#1657=ORIENTED_EDGE('',*,*,#1193,.T.);
#1658=ORIENTED_EDGE('',*,*,#1182,.F.);
#1659=ORIENTED_EDGE('',*,*,#1144,.F.);
#1660=ORIENTED_EDGE('',*,*,#1183,.F.);
#1661=ORIENTED_EDGE('',*,*,#1194,.T.);
#1662=ORIENTED_EDGE('',*,*,#1195,.F.);
#1663=ORIENTED_EDGE('',*,*,#1194,.F.);
#1664=ORIENTED_EDGE('',*,*,#1186,.F.);
#1665=ORIENTED_EDGE('',*,*,#1196,.F.);
#1666=ORIENTED_EDGE('',*,*,#1197,.F.);
#1667=ORIENTED_EDGE('',*,*,#1146,.F.);
#1668=ORIENTED_EDGE('',*,*,#1184,.F.);
#1669=ORIENTED_EDGE('',*,*,#1188,.F.);
#1670=ORIENTED_EDGE('',*,*,#1174,.F.);
#1671=ORIENTED_EDGE('',*,*,#1173,.F.);
#1672=ORIENTED_EDGE('',*,*,#1178,.F.);
#1673=ORIENTED_EDGE('',*,*,#1192,.F.);
#1674=ORIENTED_EDGE('',*,*,#1067,.T.);
#1675=ORIENTED_EDGE('',*,*,#1198,.F.);
#1676=ORIENTED_EDGE('',*,*,#1168,.T.);
#1677=ORIENTED_EDGE('',*,*,#1169,.T.);
#1678=ORIENTED_EDGE('',*,*,#1198,.T.);
#1679=ORIENTED_EDGE('',*,*,#1066,.T.);
#1680=ORIENTED_EDGE('',*,*,#1160,.T.);
#1681=ORIENTED_EDGE('',*,*,#1162,.F.);
#1682=ORIENTED_EDGE('',*,*,#1199,.T.);
#1683=ORIENTED_EDGE('',*,*,#1200,.F.);
#1684=ORIENTED_EDGE('',*,*,#1199,.F.);
#1685=ORIENTED_EDGE('',*,*,#1126,.F.);
#1686=ORIENTED_EDGE('',*,*,#1151,.F.);
#1687=ORIENTED_EDGE('',*,*,#1127,.F.);
#1688=ORIENTED_EDGE('',*,*,#1201,.T.);
#1689=ORIENTED_EDGE('',*,*,#1202,.F.);
#1690=ORIENTED_EDGE('',*,*,#1201,.F.);
#1691=ORIENTED_EDGE('',*,*,#1203,.T.);
#1692=ORIENTED_EDGE('',*,*,#1204,.F.);
#1693=ORIENTED_EDGE('',*,*,#1171,.F.);
#1694=ORIENTED_EDGE('',*,*,#1205,.T.);
#1695=ORIENTED_EDGE('',*,*,#1200,.T.);
#1696=ORIENTED_EDGE('',*,*,#1206,.T.);
#1697=ORIENTED_EDGE('',*,*,#1156,.F.);
#1698=ORIENTED_EDGE('',*,*,#1172,.F.);
#1699=ORIENTED_EDGE('',*,*,#1204,.T.);
#1700=ORIENTED_EDGE('',*,*,#1207,.T.);
#1701=ORIENTED_EDGE('',*,*,#1205,.F.);
#1702=ORIENTED_EDGE('',*,*,#1170,.F.);
#1703=ORIENTED_EDGE('',*,*,#1158,.T.);
#1704=ORIENTED_EDGE('',*,*,#1157,.F.);
#1705=ORIENTED_EDGE('',*,*,#1206,.F.);
#1706=ORIENTED_EDGE('',*,*,#1203,.F.);
#1707=ORIENTED_EDGE('',*,*,#1207,.F.);
#1708=ORIENTED_EDGE('',*,*,#1197,.T.);
#1709=ORIENTED_EDGE('',*,*,#1208,.F.);
#1710=ORIENTED_EDGE('',*,*,#1166,.F.);
#1711=ORIENTED_EDGE('',*,*,#1147,.T.);
#1712=ORIENTED_EDGE('',*,*,#1196,.T.);
#1713=ORIENTED_EDGE('',*,*,#1185,.F.);
#1714=ORIENTED_EDGE('',*,*,#1167,.F.);
#1715=ORIENTED_EDGE('',*,*,#1208,.T.);
#1716=ORIENTED_EDGE('',*,*,#1195,.T.);
#1717=ORIENTED_EDGE('',*,*,#1209,.T.);
#1718=ORIENTED_EDGE('',*,*,#1210,.F.);
#1719=ORIENTED_EDGE('',*,*,#1164,.F.);
#1720=ORIENTED_EDGE('',*,*,#1130,.T.);
#1721=ORIENTED_EDGE('',*,*,#1202,.T.);
#1722=ORIENTED_EDGE('',*,*,#1211,.T.);
#1723=ORIENTED_EDGE('',*,*,#1149,.F.);
#1724=ORIENTED_EDGE('',*,*,#1165,.F.);
#1725=ORIENTED_EDGE('',*,*,#1210,.T.);
#1726=ORIENTED_EDGE('',*,*,#1129,.F.);
#1727=ORIENTED_EDGE('',*,*,#1150,.F.);
#1728=ORIENTED_EDGE('',*,*,#1211,.F.);
#1729=ORIENTED_EDGE('',*,*,#1209,.F.);
#1730=ORIENTED_EDGE('',*,*,#1131,.F.);
#1731=ORIENTED_EDGE('',*,*,#1163,.T.);
#1732=ORIENTED_EDGE('',*,*,#1154,.F.);
#1733=ORIENTED_EDGE('',*,*,#1079,.T.);
#1734=ORIENTED_EDGE('',*,*,#1138,.F.);
#1735=ORIENTED_EDGE('',*,*,#1117,.F.);
#1736=ORIENTED_EDGE('',*,*,#1116,.F.);
#1737=ORIENTED_EDGE('',*,*,#1121,.F.);
#1738=ORIENTED_EDGE('',*,*,#1133,.F.);
#1739=ORIENTED_EDGE('',*,*,#1187,.F.);
#1740=ORIENTED_EDGE('',*,*,#1071,.T.);
#1741=ORIENTED_EDGE('',*,*,#1191,.F.);
#1742=ORIENTED_EDGE('',*,*,#1189,.F.);
#1743=ORIENTED_EDGE('',*,*,#1190,.F.);
#1744=ORIENTED_EDGE('',*,*,#1069,.T.);
#1745=ORIENTED_EDGE('',*,*,#1193,.F.);
#1746=ORIENTED_EDGE('',*,*,#1084,.F.);
#1747=ORIENTED_EDGE('',*,*,#1161,.F.);
#1748=ORIENTED_EDGE('',*,*,#1095,.F.);
#1749=ORIENTED_EDGE('',*,*,#1093,.F.);
#1750=ORIENTED_EDGE('',*,*,#1091,.F.);
#1751=ORIENTED_EDGE('',*,*,#1086,.F.);
#1752=B_SPLINE_SURFACE_WITH_KNOTS('',3,3,((#2604,#2605,#2606,#2607,#2608,
#2609),(#2610,#2611,#2612,#2613,#2614,#2615),(#2616,#2617,#2618,#2619,#2620,
#2621),(#2622,#2623,#2624,#2625,#2626,#2627),(#2628,#2629,#2630,#2631,#2632,
#2633),(#2634,#2635,#2636,#2637,#2638,#2639)),.UNSPECIFIED.,.F.,.F.,.F.,
(4,1,1,4),(4,1,1,4),(0.,0.285714285714286,0.571428571428571,1.),(-1.5707963267949,
-0.897597901025655,-0.448798950512828,0.),.UNSPECIFIED.);
#1753=B_SPLINE_SURFACE_WITH_KNOTS('',3,3,((#2654,#2655,#2656,#2657,#2658,
#2659),(#2660,#2661,#2662,#2663,#2664,#2665),(#2666,#2667,#2668,#2669,#2670,
#2671),(#2672,#2673,#2674,#2675,#2676,#2677),(#2678,#2679,#2680,#2681,#2682,
#2683)),.UNSPECIFIED.,.F.,.F.,.F.,(4,1,4),(4,1,1,4),(0.,0.571428571428571,
1.),(0.,0.67319842576924,1.12199737628207,1.57079632679489),
 .UNSPECIFIED.);
#1754=B_SPLINE_SURFACE_WITH_KNOTS('',3,3,((#2701,#2702,#2703,#2704,#2705,
#2706,#2707),(#2708,#2709,#2710,#2711,#2712,#2713,#2714),(#2715,#2716,#2717,
#2718,#2719,#2720,#2721),(#2722,#2723,#2724,#2725,#2726,#2727,#2728),(#2729,
#2730,#2731,#2732,#2733,#2734,#2735),(#2736,#2737,#2738,#2739,#2740,#2741,
#2742)),.UNSPECIFIED.,.F.,.F.,.F.,(4,1,1,4),(4,1,1,1,4),(0.,0.285714285714286,
0.571428571428571,1.),(0.,0.448798950512829,0.673198425769243,1.12199737628207,
1.5707963267949),.UNSPECIFIED.);
#1755=B_SPLINE_SURFACE_WITH_KNOTS('',3,3,((#2757,#2758,#2759,#2760,#2761,
#2762),(#2763,#2764,#2765,#2766,#2767,#2768),(#2769,#2770,#2771,#2772,#2773,
#2774),(#2775,#2776,#2777,#2778,#2779,#2780),(#2781,#2782,#2783,#2784,#2785,
#2786)),.UNSPECIFIED.,.F.,.F.,.F.,(4,1,4),(4,1,1,4),(0.,0.571428571428571,
1.),(-1.57079632679492,-0.897597901025671,-0.448798950512835,0.),
 .UNSPECIFIED.);
#1756=B_SPLINE_SURFACE_WITH_KNOTS('',3,3,((#3196,#3197,#3198,#3199,#3200,
#3201,#3202,#3203,#3204),(#3205,#3206,#3207,#3208,#3209,#3210,#3211,#3212,
#3213),(#3214,#3215,#3216,#3217,#3218,#3219,#3220,#3221,#3222),(#3223,#3224,
#3225,#3226,#3227,#3228,#3229,#3230,#3231),(#3232,#3233,#3234,#3235,#3236,
#3237,#3238,#3239,#3240),(#3241,#3242,#3243,#3244,#3245,#3246,#3247,#3248,
#3249),(#3250,#3251,#3252,#3253,#3254,#3255,#3256,#3257,#3258)),
 .UNSPECIFIED.,.F.,.F.,.F.,(4,1,1,1,4),(4,1,1,1,1,1,4),(0.,0.285714285714286,
0.571428571428571,0.785714285714286,1.),(-2.40334217243342E-16,0.285714285714286,
0.428571428571429,0.571428571428572,0.714285714285715,0.857142857142858,
1.),.UNSPECIFIED.);
#1757=B_SPLINE_SURFACE_WITH_KNOTS('',3,3,((#3407,#3408,#3409,#3410,#3411,
#3412,#3413,#3414),(#3415,#3416,#3417,#3418,#3419,#3420,#3421,#3422),(#3423,
#3424,#3425,#3426,#3427,#3428,#3429,#3430),(#3431,#3432,#3433,#3434,#3435,
#3436,#3437,#3438),(#3439,#3440,#3441,#3442,#3443,#3444,#3445,#3446),(#3447,
#3448,#3449,#3450,#3451,#3452,#3453,#3454),(#3455,#3456,#3457,#3458,#3459,
#3460,#3461,#3462)),.UNSPECIFIED.,.F.,.F.,.F.,(4,1,1,1,4),(4,1,1,1,1,4),
(0.,0.285714285714286,0.571428571428571,0.785714285714286,1.),(2.40334217243342E-16,
0.142857142857143,0.214285714285714,0.428571428571429,0.714285714285714,
1.),.UNSPECIFIED.);
#1758=ADVANCED_FACE('',(#467),#1752,.F.);
#1759=ADVANCED_FACE('',(#468),#425,.T.);
#1760=ADVANCED_FACE('',(#469),#1753,.F.);
#1761=ADVANCED_FACE('',(#470),#426,.T.);
#1762=ADVANCED_FACE('',(#471),#427,.T.);
#1763=ADVANCED_FACE('',(#472),#1754,.F.);
#1764=ADVANCED_FACE('',(#473),#428,.T.);
#1765=ADVANCED_FACE('',(#474),#1755,.F.);
#1766=ADVANCED_FACE('',(#475),#429,.T.);
#1767=ADVANCED_FACE('',(#476),#430,.T.);
#1768=ADVANCED_FACE('',(#477),#431,.T.);
#1769=ADVANCED_FACE('',(#478),#432,.T.);
#1770=ADVANCED_FACE('',(#479),#54,.F.);
#1771=ADVANCED_FACE('',(#480),#55,.T.);
#1772=ADVANCED_FACE('',(#481),#56,.T.);
#1773=ADVANCED_FACE('',(#482),#57,.T.);
#1774=ADVANCED_FACE('',(#483),#58,.T.);
#1775=ADVANCED_FACE('',(#484),#433,.F.);
#1776=ADVANCED_FACE('',(#485),#59,.T.);
#1777=ADVANCED_FACE('',(#486,#47),#60,.F.);
#1778=ADVANCED_FACE('',(#487),#61,.F.);
#1779=ADVANCED_FACE('',(#488),#62,.F.);
#1780=ADVANCED_FACE('',(#489),#63,.F.);
#1781=ADVANCED_FACE('',(#490),#434,.F.);
#1782=ADVANCED_FACE('',(#491),#64,.F.);
#1783=ADVANCED_FACE('',(#492),#65,.T.);
#1784=ADVANCED_FACE('',(#493),#66,.T.);
#1785=ADVANCED_FACE('',(#494,#48),#67,.T.);
#1786=ADVANCED_FACE('',(#495),#68,.T.);
#1787=ADVANCED_FACE('',(#496),#435,.F.);
#1788=ADVANCED_FACE('',(#497),#69,.T.);
#1789=ADVANCED_FACE('',(#498),#70,.F.);
#1790=ADVANCED_FACE('',(#499,#49),#71,.F.);
#1791=ADVANCED_FACE('',(#500),#72,.T.);
#1792=ADVANCED_FACE('',(#501),#33,.T.);
#1793=ADVANCED_FACE('',(#502),#436,.T.);
#1794=ADVANCED_FACE('',(#503),#437,.T.);
#1795=ADVANCED_FACE('',(#504),#34,.T.);
#1796=ADVANCED_FACE('',(#505),#438,.T.);
#1797=ADVANCED_FACE('',(#506),#73,.T.);
#1798=ADVANCED_FACE('',(#507),#439,.T.);
#1799=ADVANCED_FACE('',(#508),#74,.T.);
#1800=ADVANCED_FACE('',(#509),#440,.T.);
#1801=ADVANCED_FACE('',(#510),#75,.T.);
#1802=ADVANCED_FACE('',(#511),#35,.T.);
#1803=ADVANCED_FACE('',(#512),#441,.T.);
#1804=ADVANCED_FACE('',(#513),#36,.T.);
#1805=ADVANCED_FACE('',(#514),#442,.T.);
#1806=ADVANCED_FACE('',(#515),#443,.T.);
#1807=ADVANCED_FACE('',(#516),#76,.F.);
#1808=ADVANCED_FACE('',(#517),#444,.T.);
#1809=ADVANCED_FACE('',(#518),#37,.T.);
#1810=ADVANCED_FACE('',(#519),#445,.T.);
#1811=ADVANCED_FACE('',(#520),#38,.T.);
#1812=ADVANCED_FACE('',(#521),#446,.T.);
#1813=ADVANCED_FACE('',(#522),#77,.F.);
#1814=ADVANCED_FACE('',(#523),#447,.T.);
#1815=ADVANCED_FACE('',(#524),#78,.F.);
#1816=ADVANCED_FACE('',(#525),#448,.T.);
#1817=ADVANCED_FACE('',(#526),#79,.F.);
#1818=ADVANCED_FACE('',(#527),#449,.T.);
#1819=ADVANCED_FACE('',(#528),#39,.T.);
#1820=ADVANCED_FACE('',(#529),#450,.T.);
#1821=ADVANCED_FACE('',(#530),#40,.T.);
#1822=ADVANCED_FACE('',(#531),#451,.T.);
#1823=ADVANCED_FACE('',(#532),#80,.T.);
#1824=ADVANCED_FACE('',(#533),#1756,.T.);
#1825=ADVANCED_FACE('',(#534),#41,.T.);
#1826=ADVANCED_FACE('',(#535),#452,.T.);
#1827=ADVANCED_FACE('',(#536),#453,.F.);
#1828=ADVANCED_FACE('',(#537),#454,.T.);
#1829=ADVANCED_FACE('',(#538),#455,.F.);
#1830=ADVANCED_FACE('',(#539),#456,.T.);
#1831=ADVANCED_FACE('',(#540),#81,.T.);
#1832=ADVANCED_FACE('',(#541),#82,.F.);
#1833=ADVANCED_FACE('',(#542),#83,.F.);
#1834=ADVANCED_FACE('',(#543),#457,.T.);
#1835=ADVANCED_FACE('',(#544,#50),#84,.T.);
#1836=ADVANCED_FACE('',(#545),#85,.F.);
#1837=ADVANCED_FACE('',(#546),#1757,.T.);
#1838=ADVANCED_FACE('',(#547),#42,.T.);
#1839=ADVANCED_FACE('',(#548),#458,.T.);
#1840=ADVANCED_FACE('',(#549),#459,.T.);
#1841=ADVANCED_FACE('',(#550),#460,.F.);
#1842=ADVANCED_FACE('',(#551),#461,.T.);
#1843=ADVANCED_FACE('',(#552),#462,.F.);
#1844=ADVANCED_FACE('',(#553),#463,.F.);
#1845=ADVANCED_FACE('',(#554),#86,.T.);
#1846=ADVANCED_FACE('',(#555),#87,.T.);
#1847=ADVANCED_FACE('',(#556),#464,.T.);
#1848=ADVANCED_FACE('',(#557),#465,.F.);
#1849=ADVANCED_FACE('',(#558),#466,.F.);
#1850=ADVANCED_FACE('',(#559,#51),#88,.T.);
#1851=ADVANCED_FACE('',(#560),#89,.T.);
#1852=ADVANCED_FACE('',(#561),#90,.T.);
#1853=ADVANCED_FACE('',(#562),#91,.T.);
#1854=ADVANCED_FACE('',(#563),#92,.T.);
#1855=ADVANCED_FACE('',(#564,#52),#93,.T.);
#1856=ADVANCED_FACE('',(#565,#53),#94,.T.);
#1857=ADVANCED_FACE('',(#566),#95,.T.);
#1858=ADVANCED_FACE('',(#567),#96,.T.);
#1859=ADVANCED_FACE('',(#568),#97,.T.);
#1860=ADVANCED_FACE('',(#569),#98,.T.);
#1861=ADVANCED_FACE('',(#570),#99,.T.);
#1862=ADVANCED_FACE('',(#571),#100,.F.);
#1863=CLOSED_SHELL('',(#1758,#1759,#1760,#1761,#1762,#1763,#1764,#1765,
#1766,#1767,#1768,#1769,#1770,#1771,#1772,#1773,#1774,#1775,#1776,#1777,
#1778,#1779,#1780,#1781,#1782,#1783,#1784,#1785,#1786,#1787,#1788,#1789,
#1790,#1791));
#1864=CLOSED_SHELL('',(#1792,#1793,#1794,#1795,#1796,#1797,#1798,#1799,
#1800,#1801,#1802,#1803,#1804,#1805,#1806,#1807,#1808,#1809,#1810,#1811,
#1812,#1813,#1814,#1815,#1816,#1817,#1818,#1819,#1820,#1821,#1822,#1823,
#1824,#1825,#1826,#1827,#1828,#1829,#1830,#1831,#1832,#1833,#1834,#1835,
#1836,#1837,#1838,#1839,#1840,#1841,#1842,#1843,#1844,#1845,#1846,#1847,
#1848,#1849,#1850,#1851,#1852,#1853,#1854,#1855,#1856,#1857,#1858,#1859,
#1860,#1861,#1862));
#1865=DERIVED_UNIT_ELEMENT(#1867,1.);
#1866=DERIVED_UNIT_ELEMENT(#3587,-3.);
#1867=(
MASS_UNIT()
NAMED_UNIT(*)
SI_UNIT(.KILO.,.GRAM.)
);
#1868=DERIVED_UNIT((#1865,#1866));
#1869=MEASURE_REPRESENTATION_ITEM('density measure',
POSITIVE_RATIO_MEASURE(7850.),#1868);
#1870=PROPERTY_DEFINITION_REPRESENTATION(#1875,#1872);
#1871=PROPERTY_DEFINITION_REPRESENTATION(#1876,#1873);
#1872=REPRESENTATION('material name',(#1874),#3584);
#1873=REPRESENTATION('density',(#1869),#3584);
#1874=DESCRIPTIVE_REPRESENTATION_ITEM('Steel','Steel');
#1875=PROPERTY_DEFINITION('material property','material name',#3594);
#1876=PROPERTY_DEFINITION('material property','density of part',#3594);
#1877=AXIS2_PLACEMENT_3D('',#2603,#2065,#2066);
#1878=AXIS2_PLACEMENT_3D('',#2642,#2067,#2068);
#1879=AXIS2_PLACEMENT_3D('',#2644,#2069,#2070);
#1880=AXIS2_PLACEMENT_3D('',#2646,#2071,#2072);
#1881=AXIS2_PLACEMENT_3D('',#2647,#2073,#2074);
#1882=AXIS2_PLACEMENT_3D('',#2648,#2075,#2076);
#1883=AXIS2_PLACEMENT_3D('',#2651,#2077,#2078);
#1884=AXIS2_PLACEMENT_3D('',#2686,#2081,#2082);
#1885=AXIS2_PLACEMENT_3D('',#2688,#2083,#2084);
#1886=AXIS2_PLACEMENT_3D('',#2690,#2085,#2086);
#1887=AXIS2_PLACEMENT_3D('',#2691,#2087,#2088);
#1888=AXIS2_PLACEMENT_3D('',#2692,#2089,#2090);
#1889=AXIS2_PLACEMENT_3D('',#2695,#2091,#2092);
#1890=AXIS2_PLACEMENT_3D('',#2698,#2095,#2096);
#1891=AXIS2_PLACEMENT_3D('',#2745,#2099,#2100);
#1892=AXIS2_PLACEMENT_3D('',#2747,#2101,#2102);
#1893=AXIS2_PLACEMENT_3D('',#2749,#2103,#2104);
#1894=AXIS2_PLACEMENT_3D('',#2750,#2105,#2106);
#1895=AXIS2_PLACEMENT_3D('',#2751,#2107,#2108);
#1896=AXIS2_PLACEMENT_3D('',#2754,#2109,#2110);
#1897=AXIS2_PLACEMENT_3D('',#2789,#2113,#2114);
#1898=AXIS2_PLACEMENT_3D('',#2791,#2115,#2116);
#1899=AXIS2_PLACEMENT_3D('',#2793,#2117,#2118);
#1900=AXIS2_PLACEMENT_3D('',#2794,#2119,#2120);
#1901=AXIS2_PLACEMENT_3D('',#2795,#2121,#2122);
#1902=AXIS2_PLACEMENT_3D('',#2798,#2123,#2124);
#1903=AXIS2_PLACEMENT_3D('',#2801,#2127,#2128);
#1904=AXIS2_PLACEMENT_3D('',#2804,#2131,#2132);
#1905=AXIS2_PLACEMENT_3D('',#2807,#2135,#2136);
#1906=AXIS2_PLACEMENT_3D('',#2810,#2139,#2140);
#1907=AXIS2_PLACEMENT_3D('',#2818,#2145,#2146);
#1908=AXIS2_PLACEMENT_3D('',#2822,#2149,#2150);
#1909=AXIS2_PLACEMENT_3D('',#2832,#2156,#2157);
#1910=AXIS2_PLACEMENT_3D('',#2849,#2167,#2168);
#1911=AXIS2_PLACEMENT_3D('',#2850,#2169,#2170);
#1912=AXIS2_PLACEMENT_3D('',#2852,#2171,#2172);
#1913=AXIS2_PLACEMENT_3D('',#2855,#2174,#2175);
#1914=AXIS2_PLACEMENT_3D('',#2856,#2176,#2177);
#1915=AXIS2_PLACEMENT_3D('',#2857,#2178,#2179);
#1916=AXIS2_PLACEMENT_3D('',#2863,#2183,#2184);
#1917=AXIS2_PLACEMENT_3D('',#2865,#2186,#2187);
#1918=AXIS2_PLACEMENT_3D('',#2867,#2189,#2190);
#1919=AXIS2_PLACEMENT_3D('',#2868,#2191,#2192);
#1920=AXIS2_PLACEMENT_3D('',#2870,#2193,#2194);
#1921=AXIS2_PLACEMENT_3D('',#2873,#2196,#2197);
#1922=AXIS2_PLACEMENT_3D('',#2874,#2198,#2199);
#1923=AXIS2_PLACEMENT_3D('',#2875,#2200,#2201);
#1924=AXIS2_PLACEMENT_3D('',#2881,#2205,#2206);
#1925=AXIS2_PLACEMENT_3D('',#2886,#2210,#2211);
#1926=AXIS2_PLACEMENT_3D('',#2888,#2213,#2214);
#1927=AXIS2_PLACEMENT_3D('',#2890,#2216,#2217);
#1928=AXIS2_PLACEMENT_3D('',#2892,#2218,#2219);
#1929=AXIS2_PLACEMENT_3D('',#2895,#2221,#2222);
#1930=AXIS2_PLACEMENT_3D('',#2896,#2223,#2224);
#1931=AXIS2_PLACEMENT_3D('',#2897,#2225,#2226);
#1932=AXIS2_PLACEMENT_3D('',#2899,#2228,#2229);
#1933=AXIS2_PLACEMENT_3D('',#2900,#2230,#2231);
#1934=AXIS2_PLACEMENT_3D('',#2901,#2232,#2233);
#1935=AXIS2_PLACEMENT_3D('',#2904,#2234,#2235);
#1936=AXIS2_PLACEMENT_3D('',#2906,#2236,#2237);
#1937=AXIS2_PLACEMENT_3D('',#2908,#2238,#2239);
#1938=AXIS2_PLACEMENT_3D('',#2923,#2240,#2241);
#1939=AXIS2_PLACEMENT_3D('',#2927,#2243,#2244);
#1940=AXIS2_PLACEMENT_3D('',#2929,#2246,#2247);
#1941=AXIS2_PLACEMENT_3D('',#2932,#2248,#2249);
#1942=AXIS2_PLACEMENT_3D('',#2935,#2252,#2253);
#1943=AXIS2_PLACEMENT_3D('',#2937,#2254,#2255);
#1944=AXIS2_PLACEMENT_3D('',#2939,#2256,#2257);
#1945=AXIS2_PLACEMENT_3D('',#2954,#2258,#2259);
#1946=AXIS2_PLACEMENT_3D('',#2958,#2261,#2262);
#1947=AXIS2_PLACEMENT_3D('',#2960,#2264,#2265);
#1948=AXIS2_PLACEMENT_3D('',#2966,#2269,#2270);
#1949=AXIS2_PLACEMENT_3D('',#2969,#2272,#2273);
#1950=AXIS2_PLACEMENT_3D('',#2970,#2274,#2275);
#1951=AXIS2_PLACEMENT_3D('',#2974,#2278,#2279);
#1952=AXIS2_PLACEMENT_3D('',#2977,#2281,#2282);
#1953=AXIS2_PLACEMENT_3D('',#2978,#2283,#2284);
#1954=AXIS2_PLACEMENT_3D('',#2982,#2287,#2288);
#1955=AXIS2_PLACEMENT_3D('',#2985,#2289,#2290);
#1956=AXIS2_PLACEMENT_3D('',#2987,#2291,#2292);
#1957=AXIS2_PLACEMENT_3D('',#2989,#2293,#2294);
#1958=AXIS2_PLACEMENT_3D('',#3004,#2295,#2296);
#1959=AXIS2_PLACEMENT_3D('',#3007,#2297,#2298);
#1960=AXIS2_PLACEMENT_3D('',#3010,#2301,#2302);
#1961=AXIS2_PLACEMENT_3D('',#3012,#2303,#2304);
#1962=AXIS2_PLACEMENT_3D('',#3014,#2305,#2306);
#1963=AXIS2_PLACEMENT_3D('',#3029,#2307,#2308);
#1964=AXIS2_PLACEMENT_3D('',#3033,#2310,#2311);
#1965=AXIS2_PLACEMENT_3D('',#3035,#2313,#2314);
#1966=AXIS2_PLACEMENT_3D('',#3039,#2316,#2317);
#1967=AXIS2_PLACEMENT_3D('',#3041,#2319,#2320);
#1968=AXIS2_PLACEMENT_3D('',#3046,#2323,#2324);
#1969=AXIS2_PLACEMENT_3D('',#3050,#2326,#2327);
#1970=AXIS2_PLACEMENT_3D('',#3054,#2329,#2330);
#1971=AXIS2_PLACEMENT_3D('',#3058,#2332,#2333);
#1972=AXIS2_PLACEMENT_3D('',#3062,#2335,#2336);
#1973=AXIS2_PLACEMENT_3D('',#3066,#2338,#2339);
#1974=AXIS2_PLACEMENT_3D('',#3070,#2341,#2342);
#1975=AXIS2_PLACEMENT_3D('',#3074,#2344,#2345);
#1976=AXIS2_PLACEMENT_3D('',#3076,#2347,#2348);
#1977=AXIS2_PLACEMENT_3D('',#3081,#2350,#2351);
#1978=AXIS2_PLACEMENT_3D('',#3098,#2353,#2354);
#1979=AXIS2_PLACEMENT_3D('',#3100,#2355,#2356);
#1980=AXIS2_PLACEMENT_3D('',#3102,#2357,#2358);
#1981=AXIS2_PLACEMENT_3D('',#3103,#2359,#2360);
#1982=AXIS2_PLACEMENT_3D('',#3104,#2361,#2362);
#1983=AXIS2_PLACEMENT_3D('',#3107,#2363,#2364);
#1984=AXIS2_PLACEMENT_3D('',#3110,#2367,#2368);
#1985=AXIS2_PLACEMENT_3D('',#3112,#2369,#2370);
#1986=AXIS2_PLACEMENT_3D('',#3114,#2371,#2372);
#1987=AXIS2_PLACEMENT_3D('',#3129,#2373,#2374);
#1988=AXIS2_PLACEMENT_3D('',#3133,#2376,#2377);
#1989=AXIS2_PLACEMENT_3D('',#3135,#2379,#2380);
#1990=AXIS2_PLACEMENT_3D('',#3138,#2383,#2384);
#1991=AXIS2_PLACEMENT_3D('',#3140,#2386,#2387);
#1992=AXIS2_PLACEMENT_3D('',#3142,#2389,#2390);
#1993=AXIS2_PLACEMENT_3D('',#3144,#2392,#2393);
#1994=AXIS2_PLACEMENT_3D('',#3146,#2395,#2396);
#1995=AXIS2_PLACEMENT_3D('',#3150,#2398,#2399);
#1996=AXIS2_PLACEMENT_3D('',#3165,#2400,#2401);
#1997=AXIS2_PLACEMENT_3D('',#3167,#2402,#2403);
#1998=AXIS2_PLACEMENT_3D('',#3168,#2404,#2405);
#1999=AXIS2_PLACEMENT_3D('',#3169,#2406,#2407);
#2000=AXIS2_PLACEMENT_3D('',#3171,#2408,#2409);
#2001=AXIS2_PLACEMENT_3D('',#3173,#2411,#2412);
#2002=AXIS2_PLACEMENT_3D('',#3175,#2413,#2414);
#2003=AXIS2_PLACEMENT_3D('',#3190,#2415,#2416);
#2004=AXIS2_PLACEMENT_3D('',#3192,#2417,#2418);
#2005=AXIS2_PLACEMENT_3D('',#3194,#2420,#2421);
#2006=AXIS2_PLACEMENT_3D('',#3275,#2423,#2424);
#2007=AXIS2_PLACEMENT_3D('',#3287,#2425,#2426);
#2008=AXIS2_PLACEMENT_3D('',#3293,#2427,#2428);
#2009=AXIS2_PLACEMENT_3D('',#3296,#2429,#2430);
#2010=AXIS2_PLACEMENT_3D('',#3298,#2431,#2432);
#2011=AXIS2_PLACEMENT_3D('',#3300,#2433,#2434);
#2012=AXIS2_PLACEMENT_3D('',#3301,#2435,#2436);
#2013=AXIS2_PLACEMENT_3D('',#3302,#2437,#2438);
#2014=AXIS2_PLACEMENT_3D('',#3329,#2440,#2441);
#2015=AXIS2_PLACEMENT_3D('',#3334,#2445,#2446);
#2016=AXIS2_PLACEMENT_3D('',#3337,#2449,#2450);
#2017=AXIS2_PLACEMENT_3D('',#3340,#2453,#2454);
#2018=AXIS2_PLACEMENT_3D('',#3343,#2457,#2458);
#2019=AXIS2_PLACEMENT_3D('',#3346,#2461,#2462);
#2020=AXIS2_PLACEMENT_3D('',#3350,#2464,#2465);
#2021=AXIS2_PLACEMENT_3D('',#3354,#2467,#2468);
#2022=AXIS2_PLACEMENT_3D('',#3366,#2475,#2476);
#2023=AXIS2_PLACEMENT_3D('',#3367,#2477,#2478);
#2024=AXIS2_PLACEMENT_3D('',#3368,#2479,#2480);
#2025=AXIS2_PLACEMENT_3D('',#3369,#2481,#2482);
#2026=AXIS2_PLACEMENT_3D('',#3372,#2483,#2484);
#2027=AXIS2_PLACEMENT_3D('',#3375,#2487,#2488);
#2028=AXIS2_PLACEMENT_3D('',#3389,#2496,#2497);
#2029=AXIS2_PLACEMENT_3D('',#3390,#2498,#2499);
#2030=AXIS2_PLACEMENT_3D('',#3401,#2506,#2507);
#2031=AXIS2_PLACEMENT_3D('',#3477,#2511,#2512);
#2032=AXIS2_PLACEMENT_3D('',#3488,#2513,#2514);
#2033=AXIS2_PLACEMENT_3D('',#3495,#2515,#2516);
#2034=AXIS2_PLACEMENT_3D('',#3498,#2517,#2518);
#2035=AXIS2_PLACEMENT_3D('',#3499,#2519,#2520);
#2036=AXIS2_PLACEMENT_3D('',#3500,#2521,#2522);
#2037=AXIS2_PLACEMENT_3D('',#3501,#2523,#2524);
#2038=AXIS2_PLACEMENT_3D('',#3526,#2527,#2528);
#2039=AXIS2_PLACEMENT_3D('',#3527,#2529,#2530);
#2040=AXIS2_PLACEMENT_3D('',#3529,#2532,#2533);
#2041=AXIS2_PLACEMENT_3D('',#3532,#2536,#2537);
#2042=AXIS2_PLACEMENT_3D('',#3535,#2540,#2541);
#2043=AXIS2_PLACEMENT_3D('',#3538,#2544,#2545);
#2044=AXIS2_PLACEMENT_3D('',#3541,#2547,#2548);
#2045=AXIS2_PLACEMENT_3D('',#3542,#2549,#2550);
#2046=AXIS2_PLACEMENT_3D('',#3546,#2553,#2554);
#2047=AXIS2_PLACEMENT_3D('',#3548,#2556,#2557);
#2048=AXIS2_PLACEMENT_3D('',#3549,#2558,#2559);
#2049=AXIS2_PLACEMENT_3D('',#3552,#2561,#2562);
#2050=AXIS2_PLACEMENT_3D('',#3553,#2563,#2564);
#2051=AXIS2_PLACEMENT_3D('',#3556,#2566,#2567);
#2052=AXIS2_PLACEMENT_3D('',#3557,#2568,#2569);
#2053=AXIS2_PLACEMENT_3D('',#3563,#2573,#2574);
#2054=AXIS2_PLACEMENT_3D('',#3565,#2576,#2577);
#2055=AXIS2_PLACEMENT_3D('',#3567,#2579,#2580);
#2056=AXIS2_PLACEMENT_3D('',#3568,#2581,#2582);
#2057=AXIS2_PLACEMENT_3D('',#3570,#2584,#2585);
#2058=AXIS2_PLACEMENT_3D('',#3571,#2586,#2587);
#2059=AXIS2_PLACEMENT_3D('',#3575,#2590,#2591);
#2060=AXIS2_PLACEMENT_3D('',#3577,#2593,#2594);
#2061=AXIS2_PLACEMENT_3D('',#3578,#2595,#2596);
#2062=AXIS2_PLACEMENT_3D('',#3579,#2597,#2598);
#2063=AXIS2_PLACEMENT_3D('',#3580,#2599,#2600);
#2064=AXIS2_PLACEMENT_3D('',#3581,#2601,#2602);
#2065=DIRECTION('axis',(0.,0.,1.));
#2066=DIRECTION('refdir',(1.,0.,0.));
#2067=DIRECTION('center_axis',(0.866025403784438,0.,-0.500000000000001));
#2068=DIRECTION('ref_axis',(0.,1.,0.));
#2069=DIRECTION('center_axis',(0.225017580185204,0.,0.974354703692447));
#2070=DIRECTION('ref_axis',(-0.974354703692447,0.,0.225017580185204));
#2071=DIRECTION('center_axis',(0.,-1.,0.));
#2072=DIRECTION('ref_axis',(0.500000000000002,0.,0.866025403784438));
#2073=DIRECTION('center_axis',(-0.5,0.,-0.866025403784439));
#2074=DIRECTION('ref_axis',(-0.866025403784439,0.,0.5));
#2075=DIRECTION('center_axis',(0.,0.,1.));
#2076=DIRECTION('ref_axis',(-0.707106781186547,0.707106781186547,0.));
#2077=DIRECTION('center_axis',(0.,0.,1.));
#2078=DIRECTION('ref_axis',(-0.707106781186547,0.707106781186547,0.));
#2079=DIRECTION('',(0.,0.,1.));
#2080=DIRECTION('',(0.,0.,-1.));
#2081=DIRECTION('center_axis',(0.,-1.,0.));
#2082=DIRECTION('ref_axis',(0.999847695156391,0.,0.017452406437286));
#2083=DIRECTION('center_axis',(0.216684662433259,6.93661411979342E-15,0.97624164890983));
#2084=DIRECTION('ref_axis',(0.97624164890983,0.,-0.216684662433259));
#2085=DIRECTION('center_axis',(-0.866025403784438,0.,0.500000000000001));
#2086=DIRECTION('ref_axis',(0.500000000000001,0.,0.866025403784438));
#2087=DIRECTION('center_axis',(-0.5,0.,-0.866025403784439));
#2088=DIRECTION('ref_axis',(0.866025403784439,0.,-0.5));
#2089=DIRECTION('center_axis',(-0.0174524064372835,0.,0.999847695156391));
#2090=DIRECTION('ref_axis',(0.706999085398824,0.707106781186547,0.0123407149398269));
#2091=DIRECTION('center_axis',(0.,0.,1.));
#2092=DIRECTION('ref_axis',(1.,0.,0.));
#2093=DIRECTION('',(-0.0174524064372835,0.,0.999847695156391));
#2094=DIRECTION('',(0.0174524064372835,0.,-0.999847695156391));
#2095=DIRECTION('center_axis',(-0.866025403784439,0.,0.5));
#2096=DIRECTION('ref_axis',(0.353553390593271,0.707106781186551,0.612372435695792));
#2097=DIRECTION('',(0.866025403784439,0.,-0.5));
#2098=DIRECTION('',(-0.866025403784439,0.,0.5));
#2099=DIRECTION('center_axis',(0.,1.,0.));
#2100=DIRECTION('ref_axis',(-1.,0.,0.));
#2101=DIRECTION('center_axis',(0.225017580185204,0.,0.974354703692447));
#2102=DIRECTION('ref_axis',(-0.974354703692447,0.,0.225017580185204));
#2103=DIRECTION('center_axis',(0.86602540378444,0.,-0.499999999999999));
#2104=DIRECTION('ref_axis',(0.499999999999999,0.,0.86602540378444));
#2105=DIRECTION('center_axis',(-0.5,0.,-0.866025403784439));
#2106=DIRECTION('ref_axis',(-0.866025403784439,0.,0.5));
#2107=DIRECTION('center_axis',(0.,0.,1.));
#2108=DIRECTION('ref_axis',(-0.707106781186547,-0.707106781186547,0.));
#2109=DIRECTION('center_axis',(0.,0.,1.));
#2110=DIRECTION('ref_axis',(-0.707106781186547,-0.707106781186547,0.));
#2111=DIRECTION('',(0.,0.,1.));
#2112=DIRECTION('',(0.,0.,-1.));
#2113=DIRECTION('center_axis',(-0.866025403784442,0.,0.499999999999994));
#2114=DIRECTION('ref_axis',(0.,-1.,0.));
#2115=DIRECTION('center_axis',(0.216684662433259,6.93661411979342E-15,0.97624164890983));
#2116=DIRECTION('ref_axis',(0.97624164890983,0.,-0.216684662433259));
#2117=DIRECTION('center_axis',(0.,1.,0.));
#2118=DIRECTION('ref_axis',(0.500000000000001,0.,0.866025403784438));
#2119=DIRECTION('center_axis',(-0.5,0.,-0.866025403784439));
#2120=DIRECTION('ref_axis',(0.866025403784439,0.,-0.5));
#2121=DIRECTION('center_axis',(-0.0174524064372835,0.,0.999847695156391));
#2122=DIRECTION('ref_axis',(0.706999085398824,-0.707106781186548,0.0123407149398269));
#2123=DIRECTION('center_axis',(0.,0.,1.));
#2124=DIRECTION('ref_axis',(1.,-2.22010786456204E-16,0.));
#2125=DIRECTION('',(-0.0174524064372835,0.,0.999847695156391));
#2126=DIRECTION('',(0.0174524064372835,0.,-0.999847695156391));
#2127=DIRECTION('center_axis',(0.,1.,0.));
#2128=DIRECTION('ref_axis',(0.861629160441526,0.,0.507538362960703));
#2129=DIRECTION('',(0.,-1.,0.));
#2130=DIRECTION('',(0.,1.,0.));
#2131=DIRECTION('center_axis',(0.866025403784439,0.,-0.5));
#2132=DIRECTION('ref_axis',(0.353553390593271,-0.707106781186551,0.612372435695792));
#2133=DIRECTION('',(-0.866025403784439,0.,0.5));
#2134=DIRECTION('',(0.866025403784439,0.,-0.5));
#2135=DIRECTION('center_axis',(0.,-1.,0.));
#2136=DIRECTION('ref_axis',(-0.500000000000013,0.,0.866025403784431));
#2137=DIRECTION('',(0.,1.,0.));
#2138=DIRECTION('',(0.,-1.,0.));
#2139=DIRECTION('center_axis',(0.,0.,1.));
#2140=DIRECTION('ref_axis',(0.,-1.,0.));
#2141=DIRECTION('',(-1.,0.,0.));
#2142=DIRECTION('',(0.,-1.,0.));
#2143=DIRECTION('',(1.,0.,0.));
#2144=DIRECTION('',(0.,-1.,0.));
#2145=DIRECTION('center_axis',(0.,1.,0.));
#2146=DIRECTION('ref_axis',(-1.,0.,0.));
#2147=DIRECTION('',(1.,0.,0.));
#2148=DIRECTION('',(0.,0.,1.));
#2149=DIRECTION('center_axis',(0.999847695156391,0.,0.0174524064372835));
#2150=DIRECTION('ref_axis',(0.,1.,0.));
#2151=DIRECTION('',(0.,-1.,0.));
#2152=DIRECTION('',(-0.0174524064372835,0.,0.999847695156391));
#2153=DIRECTION('',(0.,1.,0.));
#2154=DIRECTION('',(0.0174524064372835,0.,-0.999847695156391));
#2155=DIRECTION('',(0.,-1.,0.));
#2156=DIRECTION('center_axis',(0.,0.,-1.));
#2157=DIRECTION('ref_axis',(-1.,0.,0.));
#2158=DIRECTION('',(-1.,0.,0.));
#2159=DIRECTION('',(0.,-1.,0.));
#2160=DIRECTION('',(1.,0.,0.));
#2161=DIRECTION('',(-1.,0.,0.));
#2162=DIRECTION('',(0.,1.,0.));
#2163=DIRECTION('',(-1.,0.,0.));
#2164=DIRECTION('',(0.,1.,0.));
#2165=DIRECTION('',(1.,0.,0.));
#2166=DIRECTION('',(0.,1.,0.));
#2167=DIRECTION('center_axis',(0.5,0.,0.866025403784439));
#2168=DIRECTION('ref_axis',(0.866025403784439,0.,-0.5));
#2169=DIRECTION('center_axis',(-1.,0.,0.));
#2170=DIRECTION('ref_axis',(0.,0.,-1.));
#2171=DIRECTION('center_axis',(-1.,0.,0.));
#2172=DIRECTION('ref_axis',(0.,0.,-1.));
#2173=DIRECTION('',(-1.,0.,0.));
#2174=DIRECTION('center_axis',(-0.999847695156391,0.,-0.0174524064372835));
#2175=DIRECTION('ref_axis',(0.0174524064372835,0.,-0.999847695156391));
#2176=DIRECTION('center_axis',(0.999847695156391,0.,0.0174524064372835));
#2177=DIRECTION('ref_axis',(0.0174524064372835,0.,-0.999847695156391));
#2178=DIRECTION('center_axis',(-1.,0.,0.));
#2179=DIRECTION('ref_axis',(0.,-1.,0.));
#2180=DIRECTION('',(0.,-1.,0.));
#2181=DIRECTION('',(0.,0.,1.));
#2182=DIRECTION('',(0.,0.,1.));
#2183=DIRECTION('center_axis',(0.,1.,0.));
#2184=DIRECTION('ref_axis',(-1.,0.,0.));
#2185=DIRECTION('',(1.,0.,0.));
#2186=DIRECTION('center_axis',(0.,-1.,0.));
#2187=DIRECTION('ref_axis',(1.,0.,0.));
#2188=DIRECTION('',(1.,0.,0.));
#2189=DIRECTION('center_axis',(0.,0.,1.));
#2190=DIRECTION('ref_axis',(1.,0.,0.));
#2191=DIRECTION('center_axis',(-1.,0.,0.));
#2192=DIRECTION('ref_axis',(0.,1.,0.));
#2193=DIRECTION('center_axis',(1.,0.,0.));
#2194=DIRECTION('ref_axis',(0.,1.,0.));
#2195=DIRECTION('',(1.,0.,0.));
#2196=DIRECTION('center_axis',(-1.,0.,0.));
#2197=DIRECTION('ref_axis',(0.,1.,0.));
#2198=DIRECTION('center_axis',(1.,0.,0.));
#2199=DIRECTION('ref_axis',(0.,1.,0.));
#2200=DIRECTION('center_axis',(0.,-1.,0.));
#2201=DIRECTION('ref_axis',(0.,0.,-1.));
#2202=DIRECTION('',(0.,0.,1.));
#2203=DIRECTION('',(0.,0.,1.));
#2204=DIRECTION('',(-1.,0.,0.));
#2205=DIRECTION('center_axis',(0.,0.,-1.));
#2206=DIRECTION('ref_axis',(0.,1.,0.));
#2207=DIRECTION('',(0.,-1.,0.));
#2208=DIRECTION('',(0.,1.,0.));
#2209=DIRECTION('',(1.,0.,0.));
#2210=DIRECTION('center_axis',(-1.,0.,0.));
#2211=DIRECTION('ref_axis',(0.,0.,-1.));
#2212=DIRECTION('',(0.,0.,-1.));
#2213=DIRECTION('center_axis',(-1.,0.,0.));
#2214=DIRECTION('ref_axis',(0.,-1.,0.));
#2215=DIRECTION('',(0.,0.,-1.));
#2216=DIRECTION('center_axis',(1.,0.,0.));
#2217=DIRECTION('ref_axis',(0.,-1.,0.));
#2218=DIRECTION('center_axis',(1.,0.,0.));
#2219=DIRECTION('ref_axis',(0.,-1.,0.));
#2220=DIRECTION('',(1.,0.,0.));
#2221=DIRECTION('center_axis',(1.,0.,0.));
#2222=DIRECTION('ref_axis',(0.,-1.,0.));
#2223=DIRECTION('center_axis',(-1.,0.,0.));
#2224=DIRECTION('ref_axis',(0.,-1.,0.));
#2225=DIRECTION('center_axis',(0.,-1.,0.));
#2226=DIRECTION('ref_axis',(0.,0.,-1.));
#2227=DIRECTION('',(0.,0.,-1.));
#2228=DIRECTION('center_axis',(1.,0.,0.));
#2229=DIRECTION('ref_axis',(0.,0.,-1.));
#2230=DIRECTION('center_axis',(0.,-1.,0.));
#2231=DIRECTION('ref_axis',(1.,0.,0.));
#2232=DIRECTION('center_axis',(0.,0.,1.));
#2233=DIRECTION('ref_axis',(-0.169101978725766,-0.985598559653488,0.));
#2234=DIRECTION('center_axis',(0.,0.,1.));
#2235=DIRECTION('ref_axis',(0.,-1.,0.));
#2236=DIRECTION('center_axis',(0.,-1.,0.));
#2237=DIRECTION('ref_axis',(0.,0.,-1.));
#2238=DIRECTION('center_axis',(0.,0.,-1.));
#2239=DIRECTION('ref_axis',(0.,-1.,0.));
#2240=DIRECTION('center_axis',(1.,0.,0.));
#2241=DIRECTION('ref_axis',(0.,-0.707106781186553,-0.707106781186542));
#2242=DIRECTION('',(-1.,0.,0.));
#2243=DIRECTION('center_axis',(-0.999847695156391,0.,-0.0174524064372835));
#2244=DIRECTION('ref_axis',(0.0174524064372835,2.77305347957952E-13,-0.999847695156391));
#2245=DIRECTION('',(1.,0.,0.));
#2246=DIRECTION('center_axis',(-1.8503717077086E-16,1.,0.));
#2247=DIRECTION('ref_axis',(0.707106781186546,0.,-0.707106781186549));
#2248=DIRECTION('center_axis',(0.,-1.,0.));
#2249=DIRECTION('ref_axis',(0.,0.,-1.));
#2250=DIRECTION('',(1.8503717077086E-16,-1.,0.));
#2251=DIRECTION('',(-1.8503717077086E-16,1.,0.));
#2252=DIRECTION('center_axis',(0.,0.,1.));
#2253=DIRECTION('ref_axis',(-0.169101978725763,0.985598559653489,0.));
#2254=DIRECTION('center_axis',(0.,0.,-1.));
#2255=DIRECTION('ref_axis',(0.,1.,0.));
#2256=DIRECTION('center_axis',(0.,0.,1.));
#2257=DIRECTION('ref_axis',(0.,1.,0.));
#2258=DIRECTION('center_axis',(-1.,0.,0.));
#2259=DIRECTION('ref_axis',(0.,0.707106781186528,-0.707106781186568));
#2260=DIRECTION('',(-1.,0.,0.));
#2261=DIRECTION('center_axis',(-0.999847695156391,0.,-0.0174524064372835));
#2262=DIRECTION('ref_axis',(0.0174524064372835,2.56422458356916E-13,-0.999847695156391));
#2263=DIRECTION('',(1.,0.,0.));
#2264=DIRECTION('center_axis',(0.,-1.,0.));
#2265=DIRECTION('ref_axis',(-1.,0.,0.));
#2266=DIRECTION('',(0.,0.,-1.));
#2267=DIRECTION('',(1.,0.,0.));
#2268=DIRECTION('',(-0.0174524064372835,0.,0.999847695156391));
#2269=DIRECTION('center_axis',(0.,0.,-1.));
#2270=DIRECTION('ref_axis',(-1.,0.,0.));
#2271=DIRECTION('',(0.,0.,-1.));
#2272=DIRECTION('center_axis',(0.,0.,1.));
#2273=DIRECTION('ref_axis',(0.,-1.,0.));
#2274=DIRECTION('center_axis',(1.,1.8503717077086E-16,0.));
#2275=DIRECTION('ref_axis',(1.8503717077086E-16,-1.,0.));
#2276=DIRECTION('',(0.,0.,-1.));
#2277=DIRECTION('',(-1.8503717077086E-16,1.,0.));
#2278=DIRECTION('center_axis',(0.,0.,-1.));
#2279=DIRECTION('ref_axis',(-1.,0.,0.));
#2280=DIRECTION('',(0.,0.,-1.));
#2281=DIRECTION('center_axis',(0.,0.,1.));
#2282=DIRECTION('ref_axis',(2.7755575615629E-16,1.,0.));
#2283=DIRECTION('center_axis',(0.,1.,0.));
#2284=DIRECTION('ref_axis',(1.,0.,0.));
#2285=DIRECTION('',(0.0174524064372835,0.,-0.999847695156391));
#2286=DIRECTION('',(-1.,0.,0.));
#2287=DIRECTION('center_axis',(0.,0.,-1.));
#2288=DIRECTION('ref_axis',(-1.,0.,0.));
#2289=DIRECTION('center_axis',(0.,0.,-1.));
#2290=DIRECTION('ref_axis',(0.,1.,0.));
#2291=DIRECTION('center_axis',(0.,1.,0.));
#2292=DIRECTION('ref_axis',(1.,0.,0.));
#2293=DIRECTION('center_axis',(0.,0.,1.));
#2294=DIRECTION('ref_axis',(0.,1.,0.));
#2295=DIRECTION('center_axis',(-1.8503717077086E-16,-1.,0.));
#2296=DIRECTION('ref_axis',(0.707106781186546,0.,-0.707106781186549));
#2297=DIRECTION('center_axis',(0.,1.,0.));
#2298=DIRECTION('ref_axis',(1.,0.,0.));
#2299=DIRECTION('',(1.8503717077086E-16,1.,0.));
#2300=DIRECTION('',(-1.8503717077086E-16,-1.,0.));
#2301=DIRECTION('center_axis',(0.,0.,-1.));
#2302=DIRECTION('ref_axis',(-1.,0.,0.));
#2303=DIRECTION('center_axis',(0.,0.,1.));
#2304=DIRECTION('ref_axis',(0.,-1.,0.));
#2305=DIRECTION('center_axis',(0.,0.,-1.));
#2306=DIRECTION('ref_axis',(0.,-1.,0.));
#2307=DIRECTION('center_axis',(1.,0.,0.));
#2308=DIRECTION('ref_axis',(0.,0.707106781186552,-0.707106781186543));
#2309=DIRECTION('',(-1.,0.,0.));
#2310=DIRECTION('center_axis',(-0.999847695156391,0.,-0.0174524064372835));
#2311=DIRECTION('ref_axis',(0.0174524064372835,6.59094522291856E-15,-0.999847695156391));
#2312=DIRECTION('',(1.,0.,0.));
#2313=DIRECTION('center_axis',(-1.,0.,0.));
#2314=DIRECTION('ref_axis',(0.,-0.707106781186552,-0.707106781186543));
#2315=DIRECTION('',(-1.,0.,0.));
#2316=DIRECTION('center_axis',(-0.999847695156391,0.,-0.0174524064372835));
#2317=DIRECTION('ref_axis',(0.0174524064372835,-6.59094522291856E-15,-0.999847695156391));
#2318=DIRECTION('',(1.,0.,0.));
#2319=DIRECTION('center_axis',(0.,0.,1.));
#2320=DIRECTION('ref_axis',(1.,0.,0.));
#2321=DIRECTION('',(0.,1.,0.));
#2322=DIRECTION('',(0.,1.,0.));
#2323=DIRECTION('center_axis',(0.,0.,1.));
#2324=DIRECTION('ref_axis',(1.,-2.22010786456204E-16,0.));
#2325=DIRECTION('',(1.,0.,0.));
#2326=DIRECTION('center_axis',(0.,0.,-1.));
#2327=DIRECTION('ref_axis',(-0.707106781186547,0.707106781186548,0.));
#2328=DIRECTION('',(0.,1.,-6.12323399573676E-17));
#2329=DIRECTION('center_axis',(0.,0.,1.));
#2330=DIRECTION('ref_axis',(-9.61481343191782E-17,-1.,0.));
#2331=DIRECTION('',(1.,0.,0.));
#2332=DIRECTION('center_axis',(0.,0.,1.));
#2333=DIRECTION('ref_axis',(3.36518470117124E-16,-1.,0.));
#2334=DIRECTION('',(0.,1.,6.12323399573676E-17));
#2335=DIRECTION('center_axis',(0.,0.,1.));
#2336=DIRECTION('ref_axis',(9.61481343191782E-17,1.,0.));
#2337=DIRECTION('',(1.,0.,0.));
#2338=DIRECTION('center_axis',(0.,0.,1.));
#2339=DIRECTION('ref_axis',(-3.36518470117124E-16,1.,0.));
#2340=DIRECTION('',(0.,-1.,-6.12323399573676E-17));
#2341=DIRECTION('center_axis',(0.,0.,-1.));
#2342=DIRECTION('ref_axis',(-0.707106781186547,-0.707106781186548,0.));
#2343=DIRECTION('',(-1.,0.,0.));
#2344=DIRECTION('center_axis',(0.,0.,1.));
#2345=DIRECTION('ref_axis',(1.,0.,0.));
#2346=DIRECTION('',(0.,1.,0.));
#2347=DIRECTION('center_axis',(-1.,0.,0.));
#2348=DIRECTION('ref_axis',(0.,0.707106781186552,0.707106781186543));
#2349=DIRECTION('',(-1.,0.,0.));
#2350=DIRECTION('center_axis',(-0.999847695156391,0.,-0.0174524064372835));
#2351=DIRECTION('ref_axis',(-0.0174524064372835,6.59094522291856E-15,0.999847695156391));
#2352=DIRECTION('',(1.,0.,0.));
#2353=DIRECTION('center_axis',(0.,0.,-1.));
#2354=DIRECTION('ref_axis',(-1.,0.,0.));
#2355=DIRECTION('center_axis',(0.,0.,-1.));
#2356=DIRECTION('ref_axis',(0.,1.,0.));
#2357=DIRECTION('center_axis',(0.,1.,0.));
#2358=DIRECTION('ref_axis',(0.,0.,1.));
#2359=DIRECTION('center_axis',(0.,0.,1.));
#2360=DIRECTION('ref_axis',(0.,1.,0.));
#2361=DIRECTION('center_axis',(1.8503717077086E-16,1.,0.));
#2362=DIRECTION('ref_axis',(0.707106781186546,0.,0.707106781186549));
#2363=DIRECTION('center_axis',(0.,1.,0.));
#2364=DIRECTION('ref_axis',(0.,0.,1.));
#2365=DIRECTION('',(1.8503717077086E-16,1.,0.));
#2366=DIRECTION('',(-1.8503717077086E-16,-1.,0.));
#2367=DIRECTION('center_axis',(0.,0.,-1.));
#2368=DIRECTION('ref_axis',(-1.,0.,0.));
#2369=DIRECTION('center_axis',(0.,0.,1.));
#2370=DIRECTION('ref_axis',(2.7755575615629E-16,-1.,0.));
#2371=DIRECTION('center_axis',(0.,0.,-1.));
#2372=DIRECTION('ref_axis',(2.7755575615629E-16,-1.,0.));
#2373=DIRECTION('center_axis',(1.,0.,0.));
#2374=DIRECTION('ref_axis',(0.,-0.707106781186552,0.707106781186543));
#2375=DIRECTION('',(-1.,0.,0.));
#2376=DIRECTION('center_axis',(-0.999847695156391,0.,-0.0174524064372835));
#2377=DIRECTION('ref_axis',(-0.0174524064372835,-6.59094522291856E-15,0.999847695156391));
#2378=DIRECTION('',(1.,0.,0.));
#2379=DIRECTION('center_axis',(0.,-1.,0.));
#2380=DIRECTION('ref_axis',(-1.,0.,0.));
#2381=DIRECTION('',(0.0174524064372835,0.,-0.999847695156391));
#2382=DIRECTION('',(0.,0.,-1.));
#2383=DIRECTION('center_axis',(0.,0.,1.));
#2384=DIRECTION('ref_axis',(-1.,0.,0.));
#2385=DIRECTION('',(0.,0.,-1.));
#2386=DIRECTION('center_axis',(-1.,1.8503717077086E-16,0.));
#2387=DIRECTION('ref_axis',(1.8503717077086E-16,1.,0.));
#2388=DIRECTION('',(0.,0.,-1.));
#2389=DIRECTION('center_axis',(0.,0.,1.));
#2390=DIRECTION('ref_axis',(-1.,0.,0.));
#2391=DIRECTION('',(0.,0.,-1.));
#2392=DIRECTION('center_axis',(0.,1.,0.));
#2393=DIRECTION('ref_axis',(1.,0.,0.));
#2394=DIRECTION('',(-0.0174524064372835,0.,0.999847695156391));
#2395=DIRECTION('center_axis',(-1.,0.,0.));
#2396=DIRECTION('ref_axis',(0.,-0.707106781186552,0.707106781186543));
#2397=DIRECTION('',(-1.,0.,0.));
#2398=DIRECTION('center_axis',(-0.999847695156391,0.,-0.0174524064372835));
#2399=DIRECTION('ref_axis',(-0.0174524064372835,-6.59094522291856E-15,0.999847695156391));
#2400=DIRECTION('center_axis',(0.,0.,1.));
#2401=DIRECTION('ref_axis',(-0.169101978725765,-0.985598559653488,0.));
#2402=DIRECTION('center_axis',(0.,-1.,0.));
#2403=DIRECTION('ref_axis',(1.,0.,0.));
#2404=DIRECTION('center_axis',(0.,0.,-1.));
#2405=DIRECTION('ref_axis',(0.,-1.,0.));
#2406=DIRECTION('center_axis',(1.8503717077086E-16,-1.,0.));
#2407=DIRECTION('ref_axis',(0.707106781186548,0.,0.707106781186548));
#2408=DIRECTION('center_axis',(0.,-1.,0.));
#2409=DIRECTION('ref_axis',(1.,0.,0.));
#2410=DIRECTION('',(1.8503717077086E-16,-1.,0.));
#2411=DIRECTION('center_axis',(0.,0.,1.));
#2412=DIRECTION('ref_axis',(-0.169101978725759,0.985598559653489,0.));
#2413=DIRECTION('center_axis',(0.,0.,-1.));
#2414=DIRECTION('ref_axis',(2.7755575615629E-16,1.,0.));
#2415=DIRECTION('center_axis',(1.,0.,0.));
#2416=DIRECTION('ref_axis',(0.,0.707106781186527,0.707106781186568));
#2417=DIRECTION('center_axis',(-0.999847695156391,0.,-0.0174524064372835));
#2418=DIRECTION('ref_axis',(-0.0174524064372835,-2.89307806100741E-14,0.999847695156391));
#2419=DIRECTION('',(1.,0.,0.));
#2420=DIRECTION('center_axis',(0.,0.,1.));
#2421=DIRECTION('ref_axis',(-1.,0.,0.));
#2422=DIRECTION('',(0.,1.,0.));
#2423=DIRECTION('center_axis',(0.,0.,1.));
#2424=DIRECTION('ref_axis',(-1.,0.,0.));
#2425=DIRECTION('center_axis',(1.,0.,0.));
#2426=DIRECTION('ref_axis',(0.,-1.,0.));
#2427=DIRECTION('center_axis',(-1.,0.,0.));
#2428=DIRECTION('ref_axis',(0.,0.,1.));
#2429=DIRECTION('center_axis',(-1.,0.,0.));
#2430=DIRECTION('ref_axis',(0.,-0.965925826289068,-0.258819045102521));
#2431=DIRECTION('center_axis',(0.,0.,1.));
#2432=DIRECTION('ref_axis',(0.,1.,0.));
#2433=DIRECTION('center_axis',(1.,0.,0.));
#2434=DIRECTION('ref_axis',(0.,-0.866025403784438,-0.500000000000001));
#2435=DIRECTION('center_axis',(0.,0.499999999999998,-0.86602540378444));
#2436=DIRECTION('ref_axis',(-1.,0.,0.));
#2437=DIRECTION('center_axis',(0.,0.,1.));
#2438=DIRECTION('ref_axis',(-0.707106781186547,0.707106781186547,0.));
#2439=DIRECTION('',(0.,0.,1.));
#2440=DIRECTION('center_axis',(0.,0.,-1.));
#2441=DIRECTION('ref_axis',(-0.707106781186547,0.707106781186547,0.));
#2442=DIRECTION('',(0.,0.,1.));
#2443=DIRECTION('',(0.,0.,-1.));
#2444=DIRECTION('',(0.,0.,1.));
#2445=DIRECTION('center_axis',(-1.,0.,0.));
#2446=DIRECTION('ref_axis',(0.,-0.965925826289068,-0.258819045102521));
#2447=DIRECTION('',(1.,0.,0.));
#2448=DIRECTION('',(-1.,0.,0.));
#2449=DIRECTION('center_axis',(0.,-0.5,0.866025403784439));
#2450=DIRECTION('ref_axis',(-0.70710678118655,0.612372435695793,0.353553390593272));
#2451=DIRECTION('',(0.,-0.5,0.866025403784439));
#2452=DIRECTION('',(0.,0.5,-0.866025403784439));
#2453=DIRECTION('center_axis',(0.,0.,1.));
#2454=DIRECTION('ref_axis',(-0.707106781186547,-0.707106781186548,0.));
#2455=DIRECTION('',(0.,0.,1.));
#2456=DIRECTION('',(0.,0.,-1.));
#2457=DIRECTION('center_axis',(0.,0.5,-0.866025403784439));
#2458=DIRECTION('ref_axis',(0.707106781186547,0.612372435695796,0.353553390593273));
#2459=DIRECTION('',(0.,-0.5,0.866025403784439));
#2460=DIRECTION('',(0.,0.5,-0.866025403784439));
#2461=DIRECTION('center_axis',(-1.,0.,0.));
#2462=DIRECTION('ref_axis',(0.,-1.,0.));
#2463=DIRECTION('',(0.,-0.5,-0.866025403784439));
#2464=DIRECTION('center_axis',(-1.,0.,0.));
#2465=DIRECTION('ref_axis',(0.,0.965925826289068,-0.25881904510252));
#2466=DIRECTION('',(0.,0.,-1.));
#2467=DIRECTION('center_axis',(1.,0.,0.));
#2468=DIRECTION('ref_axis',(0.,1.,0.));
#2469=DIRECTION('',(0.,0.,-1.));
#2470=DIRECTION('',(0.,1.,0.));
#2471=DIRECTION('',(0.,0.,1.));
#2472=DIRECTION('',(0.,1.,0.));
#2473=DIRECTION('',(0.,0.,1.));
#2474=DIRECTION('',(0.,1.,0.));
#2475=DIRECTION('center_axis',(1.,0.,0.));
#2476=DIRECTION('ref_axis',(0.,-1.,0.));
#2477=DIRECTION('center_axis',(0.,-0.866025403784439,-0.5));
#2478=DIRECTION('ref_axis',(0.,0.5,-0.866025403784439));
#2479=DIRECTION('center_axis',(-1.,0.,0.));
#2480=DIRECTION('ref_axis',(0.,0.,-1.));
#2481=DIRECTION('center_axis',(-0.0174524064372835,0.,0.999847695156391));
#2482=DIRECTION('ref_axis',(0.706999085398824,0.707106781186547,0.0123407149398269));
#2483=DIRECTION('center_axis',(0.,0.,-1.));
#2484=DIRECTION('ref_axis',(1.,0.,0.));
#2485=DIRECTION('',(0.0174524064372835,0.,-0.999847695156391));
#2486=DIRECTION('',(-0.0174524064372835,0.,0.999847695156391));
#2487=DIRECTION('center_axis',(0.999847695156391,0.,0.0174524064372835));
#2488=DIRECTION('ref_axis',(0.,1.,0.));
#2489=DIRECTION('',(0.,-1.,0.));
#2490=DIRECTION('',(-0.0174524064372835,0.,0.999847695156391));
#2491=DIRECTION('',(0.,-1.,0.));
#2492=DIRECTION('',(0.0174524064372835,0.,-0.999847695156391));
#2493=DIRECTION('',(0.,-1.,0.));
#2494=DIRECTION('',(-0.0174524064372835,0.,0.999847695156391));
#2495=DIRECTION('',(0.,1.,0.));
#2496=DIRECTION('center_axis',(-0.999847695156391,0.,-0.0174524064372835));
#2497=DIRECTION('ref_axis',(0.0174524064372835,0.,-0.999847695156391));
#2498=DIRECTION('center_axis',(0.,0.,-1.));
#2499=DIRECTION('ref_axis',(-1.,0.,0.));
#2500=DIRECTION('',(1.,0.,0.));
#2501=DIRECTION('',(0.,-1.,0.));
#2502=DIRECTION('',(-1.,0.,0.));
#2503=DIRECTION('',(1.,0.,0.));
#2504=DIRECTION('',(0.,-1.,0.));
#2505=DIRECTION('',(-1.,0.,0.));
#2506=DIRECTION('center_axis',(0.,0.,-1.));
#2507=DIRECTION('ref_axis',(1.,-2.22010786456204E-16,0.));
#2508=DIRECTION('',(-1.,0.,0.));
#2509=DIRECTION('',(0.,1.,0.));
#2510=DIRECTION('',(1.,0.,0.));
#2511=DIRECTION('center_axis',(1.,0.,0.));
#2512=DIRECTION('ref_axis',(0.,0.866025403784438,-0.500000000000001));
#2513=DIRECTION('center_axis',(0.,0.,1.));
#2514=DIRECTION('ref_axis',(0.,1.,0.));
#2515=DIRECTION('center_axis',(1.,0.,0.));
#2516=DIRECTION('ref_axis',(0.,0.,-1.));
#2517=DIRECTION('center_axis',(1.,0.,0.));
#2518=DIRECTION('ref_axis',(0.,1.,0.));
#2519=DIRECTION('center_axis',(0.,0.,1.));
#2520=DIRECTION('ref_axis',(-1.,0.,0.));
#2521=DIRECTION('center_axis',(0.,-0.500000000000001,-0.866025403784438));
#2522=DIRECTION('ref_axis',(0.,-0.866025403784438,0.500000000000001));
#2523=DIRECTION('center_axis',(0.,0.,1.));
#2524=DIRECTION('ref_axis',(-0.707106781186547,-0.707106781186547,0.));
#2525=DIRECTION('',(0.,0.,1.));
#2526=DIRECTION('',(0.,0.,1.));
#2527=DIRECTION('center_axis',(0.,0.,-1.));
#2528=DIRECTION('ref_axis',(-0.707106781186547,-0.707106781186547,0.));
#2529=DIRECTION('center_axis',(0.,0.5,0.866025403784439));
#2530=DIRECTION('ref_axis',(-0.707106781186547,-0.612372435695796,0.353553390593273));
#2531=DIRECTION('',(0.,0.5,0.866025403784439));
#2532=DIRECTION('center_axis',(1.,0.,0.));
#2533=DIRECTION('ref_axis',(0.,0.965925826289068,-0.258819045102521));
#2534=DIRECTION('',(-1.,0.,0.));
#2535=DIRECTION('',(1.,0.,0.));
#2536=DIRECTION('center_axis',(0.,-0.5,-0.866025403784439));
#2537=DIRECTION('ref_axis',(0.707106781186548,-0.612372435695794,0.353553390593274));
#2538=DIRECTION('',(0.,0.5,0.866025403784439));
#2539=DIRECTION('',(0.,-0.5,-0.866025403784439));
#2540=DIRECTION('center_axis',(0.,0.,-1.));
#2541=DIRECTION('ref_axis',(-0.707106781186547,0.707106781186548,0.));
#2542=DIRECTION('',(0.,0.,1.));
#2543=DIRECTION('',(0.,0.,-1.));
#2544=DIRECTION('center_axis',(-1.,0.,0.));
#2545=DIRECTION('ref_axis',(0.,1.,0.));
#2546=DIRECTION('',(1.,0.,0.));
#2547=DIRECTION('center_axis',(-1.,0.,0.));
#2548=DIRECTION('ref_axis',(0.,1.,0.));
#2549=DIRECTION('center_axis',(0.,0.,1.));
#2550=DIRECTION('ref_axis',(1.,0.,0.));
#2551=DIRECTION('',(0.,-1.,0.));
#2552=DIRECTION('',(1.,0.,0.));
#2553=DIRECTION('center_axis',(0.,-1.,0.));
#2554=DIRECTION('ref_axis',(1.,0.,0.));
#2555=DIRECTION('',(0.0174524064372835,0.,-0.999847695156391));
#2556=DIRECTION('center_axis',(-0.0174524064372835,0.,0.999847695156391));
#2557=DIRECTION('ref_axis',(0.706999085398824,-0.707106781186548,0.0123407149398269));
#2558=DIRECTION('center_axis',(-1.,0.,0.));
#2559=DIRECTION('ref_axis',(0.,0.,-1.));
#2560=DIRECTION('',(-1.,0.,0.));
#2561=DIRECTION('center_axis',(1.,0.,0.));
#2562=DIRECTION('ref_axis',(0.,0.,-1.));
#2563=DIRECTION('center_axis',(1.,0.,0.));
#2564=DIRECTION('ref_axis',(0.,-1.,0.));
#2565=DIRECTION('',(1.,0.,0.));
#2566=DIRECTION('center_axis',(-1.,0.,0.));
#2567=DIRECTION('ref_axis',(0.,-1.,0.));
#2568=DIRECTION('center_axis',(-1.,0.,0.));
#2569=DIRECTION('ref_axis',(0.,-1.,0.));
#2570=DIRECTION('',(0.,1.,0.));
#2571=DIRECTION('',(0.,0.,1.));
#2572=DIRECTION('',(0.,0.,1.));
#2573=DIRECTION('center_axis',(0.,1.,0.));
#2574=DIRECTION('ref_axis',(-1.,0.,0.));
#2575=DIRECTION('',(1.,0.,0.));
#2576=DIRECTION('center_axis',(0.,-1.,0.));
#2577=DIRECTION('ref_axis',(1.,0.,0.));
#2578=DIRECTION('',(-1.,0.,0.));
#2579=DIRECTION('center_axis',(0.,0.,1.));
#2580=DIRECTION('ref_axis',(1.,0.,0.));
#2581=DIRECTION('center_axis',(0.,1.,0.));
#2582=DIRECTION('ref_axis',(-1.,0.,0.));
#2583=DIRECTION('',(0.,0.,1.));
#2584=DIRECTION('center_axis',(1.,0.,0.));
#2585=DIRECTION('ref_axis',(0.,1.,0.));
#2586=DIRECTION('center_axis',(1.,0.,0.));
#2587=DIRECTION('ref_axis',(0.,1.,0.));
#2588=DIRECTION('',(0.,-1.,0.));
#2589=DIRECTION('',(0.,0.,1.));
#2590=DIRECTION('center_axis',(0.,-1.,0.));
#2591=DIRECTION('ref_axis',(1.,0.,0.));
#2592=DIRECTION('',(-1.,0.,0.));
#2593=DIRECTION('center_axis',(0.,0.,1.));
#2594=DIRECTION('ref_axis',(1.,0.,0.));
#2595=DIRECTION('center_axis',(0.,1.,0.));
#2596=DIRECTION('ref_axis',(-1.,0.,0.));
#2597=DIRECTION('center_axis',(0.,-0.866025403784439,0.5));
#2598=DIRECTION('ref_axis',(0.,-0.5,-0.866025403784439));
#2599=DIRECTION('center_axis',(1.,0.,0.));
#2600=DIRECTION('ref_axis',(0.,0.,-1.));
#2601=DIRECTION('center_axis',(0.,0.,-1.));
#2602=DIRECTION('ref_axis',(-1.,0.,0.));
#2603=CARTESIAN_POINT('',(0.,0.,0.));
#2604=CARTESIAN_POINT('Ctrl Pts',(-35.,125.,323.960036171369));
#2605=CARTESIAN_POINT('Ctrl Pts',(-36.1219973762821,125.,324.21915036626));
#2606=CARTESIAN_POINT('Ctrl Pts',(-37.9849575262696,124.343855423195,324.649382583894));
#2607=CARTESIAN_POINT('Ctrl Pts',(-39.6577096881326,122.241090494875,325.03568814827));
#2608=CARTESIAN_POINT('Ctrl Pts',(-40.,120.747998250855,325.114736709749));
#2609=CARTESIAN_POINT('Ctrl Pts',(-40.,120.,325.114736709749));
#2610=CARTESIAN_POINT('Ctrl Pts',(-34.7756005247436,125.,324.348707463705));
#2611=CARTESIAN_POINT('Ctrl Pts',(-35.8816289535808,125.05050003587,324.635676336332));
#2612=CARTESIAN_POINT('Ctrl Pts',(-37.7757537743091,124.501313026786,325.126046038909));
#2613=CARTESIAN_POINT('Ctrl Pts',(-39.6057648876456,122.393859138926,325.607419900809));
#2614=CARTESIAN_POINT('Ctrl Pts',(-40.,120.79992362654,325.713135310433));
#2615=CARTESIAN_POINT('Ctrl Pts',(-40.,120.,325.713135310433));
#2616=CARTESIAN_POINT('Ctrl Pts',(-34.3280429491085,124.794415226063,325.123899924018));
#2617=CARTESIAN_POINT('Ctrl Pts',(-35.3561160912745,124.915663381361,325.466046801376));
#2618=CARTESIAN_POINT('Ctrl Pts',(-37.1978736012185,124.550707158474,326.074422266234));
#2619=CARTESIAN_POINT('Ctrl Pts',(-39.174418139323,122.532398540702,326.743721318538));
#2620=CARTESIAN_POINT('Ctrl Pts',(-39.6317451331384,120.847690812704,326.901545447777));
#2621=CARTESIAN_POINT('Ctrl Pts',(-39.6317451331384,120.,326.901545447777));
#2622=CARTESIAN_POINT('Ctrl Pts',(-33.696756088634,123.791045521335,326.21732084051));
#2623=CARTESIAN_POINT('Ctrl Pts',(-34.4761910073349,123.917860468917,326.599957878473));
#2624=CARTESIAN_POINT('Ctrl Pts',(-35.9022523558603,123.704426106683,327.294871512257));
#2625=CARTESIAN_POINT('Ctrl Pts',(-37.5262117964364,122.118145353979,328.085645608334));
#2626=CARTESIAN_POINT('Ctrl Pts',(-37.9180265036134,120.709798896504,328.27743208725));
#2627=CARTESIAN_POINT('Ctrl Pts',(-37.9180265036134,120.,328.27743208725));
#2628=CARTESIAN_POINT('Ctrl Pts',(-33.5,122.673198425769,326.558112382723));
#2629=CARTESIAN_POINT('Ctrl Pts',(-34.0618045358814,122.721585166884,326.883473986502));
#2630=CARTESIAN_POINT('Ctrl Pts',(-35.0421363633994,122.479911694668,327.447350480519));
#2631=CARTESIAN_POINT('Ctrl Pts',(-36.048915194516,121.359170937399,328.03157530582));
#2632=CARTESIAN_POINT('Ctrl Pts',(-36.2773425846718,120.454869439005,328.161611871615));
#2633=CARTESIAN_POINT('Ctrl Pts',(-36.2773425846718,120.,328.161611871615));
#2634=CARTESIAN_POINT('Ctrl Pts',(-33.5,122.,326.558112382723));
#2635=CARTESIAN_POINT('Ctrl Pts',(-33.9487989505128,122.,326.817226577613));
#2636=CARTESIAN_POINT('Ctrl Pts',(-34.6939830105078,121.737542169278,327.247458795247));
#2637=CARTESIAN_POINT('Ctrl Pts',(-35.363083875253,120.89643619795,327.633764359623));
#2638=CARTESIAN_POINT('Ctrl Pts',(-35.5,120.299199300342,327.712812921102));
#2639=CARTESIAN_POINT('Ctrl Pts',(-35.5,120.,327.712812921102));
#2640=CARTESIAN_POINT('',(-35.,125.,323.960036171369));
#2641=CARTESIAN_POINT('',(-33.5,122.,326.558112382723));
#2642=CARTESIAN_POINT('Origin',(-35.,122.,323.960036171369));
#2643=CARTESIAN_POINT('',(-40.,120.,325.114736709749));
#2644=CARTESIAN_POINT('Origin',(-35.,120.,323.960036171369));
#2645=CARTESIAN_POINT('',(-35.5,120.,327.712812921102));
#2646=CARTESIAN_POINT('Origin',(-37.,120.,325.114736709749));
#2647=CARTESIAN_POINT('Origin',(-33.5,120.,326.558112382723));
#2648=CARTESIAN_POINT('Origin',(-35.,120.,0.));
#2649=CARTESIAN_POINT('',(-35.,125.,195.2));
#2650=CARTESIAN_POINT('',(-40.,120.,195.2));
#2651=CARTESIAN_POINT('Origin',(-35.,120.,195.2));
#2652=CARTESIAN_POINT('',(-40.,120.,0.));
#2653=CARTESIAN_POINT('',(-35.,125.,0.));
#2654=CARTESIAN_POINT('Ctrl Pts',(-5.38745992542899,120.,308.647372415081));
#2655=CARTESIAN_POINT('Ctrl Pts',(-5.38745992542899,121.121997376282,308.647372415081));
#2656=CARTESIAN_POINT('Ctrl Pts',(-6.04624294434287,122.984963449066,308.793594588893));
#2657=CARTESIAN_POINT('Ctrl Pts',(-8.15751466954564,124.657713894723,309.262208278538));
#2658=CARTESIAN_POINT('Ctrl Pts',(-9.65664945897098,125.,309.594953266576));
#2659=CARTESIAN_POINT('Ctrl Pts',(-10.4076713286818,125.,309.761648592984));
#2660=CARTESIAN_POINT('Ctrl Pts',(-5.39772936275979,120.,309.235708085731));
#2661=CARTESIAN_POINT('Ctrl Pts',(-5.39772936275979,121.042979030502,309.235708085731));
#2662=CARTESIAN_POINT('Ctrl Pts',(-5.95782874763237,122.773139044174,309.398349129591));
#2663=CARTESIAN_POINT('Ctrl Pts',(-7.82863188442669,124.472150986572,309.937391756891));
#2664=CARTESIAN_POINT('Ctrl Pts',(-9.22899126399611,124.928904173825,310.333425157052));
#2665=CARTESIAN_POINT('Ctrl Pts',(-9.95887237816895,125.,310.538991177656));
#2666=CARTESIAN_POINT('Ctrl Pts',(-5.72787418669321,120.,310.257776973955));
#2667=CARTESIAN_POINT('Ctrl Pts',(-5.72787418669321,120.833987922749,310.257776973955));
#2668=CARTESIAN_POINT('Ctrl Pts',(-6.13378978063303,122.223105156701,310.452307843783));
#2669=CARTESIAN_POINT('Ctrl Pts',(-7.52407832870818,123.67029606588,311.110159774796));
#2670=CARTESIAN_POINT('Ctrl Pts',(-8.60220618984336,124.13612940919,311.614825122329));
#2671=CARTESIAN_POINT('Ctrl Pts',(-9.18198862930833,124.246385951421,311.884593302257));
#2672=CARTESIAN_POINT('Ctrl Pts',(-6.50480957343454,120.,310.97243192312));
#2673=CARTESIAN_POINT('Ctrl Pts',(-6.50480957343454,120.564247967887,310.97243192312));
#2674=CARTESIAN_POINT('Ctrl Pts',(-6.80772558187189,121.503539068628,311.146174986379));
#2675=CARTESIAN_POINT('Ctrl Pts',(-7.80076484423466,122.405283252971,311.719973572565));
#2676=CARTESIAN_POINT('Ctrl Pts',(-8.53115706156592,122.640656857505,312.141679552903));
#2677=CARTESIAN_POINT('Ctrl Pts',(-8.90767132868178,122.673198425769,312.359724804337));
#2678=CARTESIAN_POINT('Ctrl Pts',(-6.88700301089817,120.,311.193091407122));
#2679=CARTESIAN_POINT('Ctrl Pts',(-6.88700301089817,120.448798950513,311.193091407122));
#2680=CARTESIAN_POINT('Ctrl Pts',(-7.15216753639018,121.193985379626,311.346184217294));
#2681=CARTESIAN_POINT('Ctrl Pts',(-8.00196837995335,121.863085557889,311.836816963083));
#2682=CARTESIAN_POINT('Ctrl Pts',(-8.60538005522985,122.,312.185196856236));
#2683=CARTESIAN_POINT('Ctrl Pts',(-8.90767132868179,122.,312.359724804337));
#2684=CARTESIAN_POINT('',(-5.38745992542899,120.,308.647372415081));
#2685=CARTESIAN_POINT('',(-6.88700301089817,120.,311.193091407122));
#2686=CARTESIAN_POINT('Origin',(-8.38700301089816,120.,308.595015195769));
#2687=CARTESIAN_POINT('',(-10.4076713286818,125.,309.761648592984));
#2688=CARTESIAN_POINT('Origin',(-10.4076713286818,120.,309.761648592984));
#2689=CARTESIAN_POINT('',(-8.90767132868177,122.,312.359724804337));
#2690=CARTESIAN_POINT('Origin',(-10.4076713286818,122.,309.761648592984));
#2691=CARTESIAN_POINT('Origin',(-8.90767132868177,120.,312.359724804337));
#2692=CARTESIAN_POINT('Origin',(-4.99923847578196,120.,-0.0872620321864176));
#2693=CARTESIAN_POINT('',(-3.14191168707917,120.,180.));
#2694=CARTESIAN_POINT('',(-8.1426733272987,125.,180.));
#2695=CARTESIAN_POINT('Origin',(-8.1426733272987,120.,180.));
#2696=CARTESIAN_POINT('',(-4.99923847578196,125.,-0.0872620321864176));
#2697=CARTESIAN_POINT('',(0.,120.,0.));
#2698=CARTESIAN_POINT('Origin',(57.1914924723358,122.,270.733253175473));
#2699=CARTESIAN_POINT('',(58.6914924723358,122.,273.331329386826));
#2700=CARTESIAN_POINT('',(57.1914924723358,125.,270.733253175473));
#2701=CARTESIAN_POINT('Ctrl Pts',(-40.,90.,325.114736709749));
#2702=CARTESIAN_POINT('Ctrl Pts',(-40.,89.2520017491453,325.114736709749));
#2703=CARTESIAN_POINT('Ctrl Pts',(-39.7427122690814,88.1314700049573,325.055318653467));
#2704=CARTESIAN_POINT('Ctrl Pts',(-38.7418138922218,86.5374226364358,324.824171074542));
#2705=CARTESIAN_POINT('Ctrl Pts',(-37.2437357545082,85.3416189237283,324.478204748112));
#2706=CARTESIAN_POINT('Ctrl Pts',(-35.7479982508547,85.,324.132778967963));
#2707=CARTESIAN_POINT('Ctrl Pts',(-35.,85.,323.960036171369));
#2708=CARTESIAN_POINT('Ctrl Pts',(-40.,90.,325.713135310433));
#2709=CARTESIAN_POINT('Ctrl Pts',(-40.,89.2000763734595,325.713135310433));
#2710=CARTESIAN_POINT('Ctrl Pts',(-39.7041658172933,88.0052767057526,325.633991582255));
#2711=CARTESIAN_POINT('Ctrl Pts',(-38.6011052550004,86.3747125730144,325.342857169361));
#2712=CARTESIAN_POINT('Ctrl Pts',(-37.0147290777122,85.2290998007498,324.929044476899));
#2713=CARTESIAN_POINT('Ctrl Pts',(-35.5129528106351,84.9663333094201,324.540020045456));
#2714=CARTESIAN_POINT('Ctrl Pts',(-34.7756005247436,85.,324.348707463705));
#2715=CARTESIAN_POINT('Ctrl Pts',(-39.6317455848346,90.,326.901552396398));
#2716=CARTESIAN_POINT('Ctrl Pts',(-39.6317455848346,89.1523091872963,326.901552396398));
#2717=CARTESIAN_POINT('Ctrl Pts',(-39.2895219840513,87.8916238479644,326.783938661479));
#2718=CARTESIAN_POINT('Ctrl Pts',(-38.0850614755968,86.2767302315249,326.374354654091));
#2719=CARTESIAN_POINT('Ctrl Pts',(-36.4475808530812,85.2600062297812,325.826778914268));
#2720=CARTESIAN_POINT('Ctrl Pts',(-35.0134239877021,85.1247516131226,325.351999671621));
#2721=CARTESIAN_POINT('Ctrl Pts',(-34.3280418929248,85.2055837166541,325.123901753382));
#2722=CARTESIAN_POINT('Ctrl Pts',(-37.9180254770152,90.,328.277445780868));
#2723=CARTESIAN_POINT('Ctrl Pts',(-37.9180254770152,89.2902011034964,328.277445780868));
#2724=CARTESIAN_POINT('Ctrl Pts',(-37.6255357693937,88.2373256145002,328.134442922815));
#2725=CARTESIAN_POINT('Ctrl Pts',(-36.6289783702301,86.9399145701056,327.648603673368));
#2726=CARTESIAN_POINT('Ctrl Pts',(-35.3174343428532,86.179174592658,327.01041789576));
#2727=CARTESIAN_POINT('Ctrl Pts',(-34.2163772730661,86.1244096560533,326.472415827282));
#2728=CARTESIAN_POINT('Ctrl Pts',(-33.6967539939322,86.208952954441,326.21732446864));
#2729=CARTESIAN_POINT('Ctrl Pts',(-36.2773425846718,90.,328.161611871615));
#2730=CARTESIAN_POINT('Ctrl Pts',(-36.2773425846718,89.5451305609955,328.161611871615));
#2731=CARTESIAN_POINT('Ctrl Pts',(-36.1064483974149,88.8681273657245,328.064605709405));
#2732=CARTESIAN_POINT('Ctrl Pts',(-35.4946318024922,87.9819331315333,327.710130172968));
#2733=CARTESIAN_POINT('Ctrl Pts',(-34.6458222531375,87.3989688858308,327.219484139888));
#2734=CARTESIAN_POINT('Ctrl Pts',(-33.8745363572542,87.2945437468211,326.775020118575));
#2735=CARTESIAN_POINT('Ctrl Pts',(-33.5,87.3268015742308,326.558112382723));
#2736=CARTESIAN_POINT('Ctrl Pts',(-35.5,90.,327.712812921102));
#2737=CARTESIAN_POINT('Ctrl Pts',(-35.5,89.7008006996581,327.712812921102));
#2738=CARTESIAN_POINT('Ctrl Pts',(-35.3970849076325,89.2525880019829,327.65339486482));
#2739=CARTESIAN_POINT('Ctrl Pts',(-34.9967255568887,88.6149690545743,327.422247285895));
#2740=CARTESIAN_POINT('Ctrl Pts',(-34.3974943018032,88.1366475694914,327.076280959465));
#2741=CARTESIAN_POINT('Ctrl Pts',(-33.7991993003419,88.,326.730855179317));
#2742=CARTESIAN_POINT('Ctrl Pts',(-33.5,88.,326.558112382723));
#2743=CARTESIAN_POINT('',(-40.,90.,325.114736709749));
#2744=CARTESIAN_POINT('',(-35.5,90.,327.712812921102));
#2745=CARTESIAN_POINT('Origin',(-37.,90.,325.114736709749));
#2746=CARTESIAN_POINT('',(-35.,85.,323.960036171369));
#2747=CARTESIAN_POINT('Origin',(-35.,90.,323.960036171369));
#2748=CARTESIAN_POINT('',(-33.5,88.,326.558112382723));
#2749=CARTESIAN_POINT('Origin',(-35.,88.,323.960036171369));
#2750=CARTESIAN_POINT('Origin',(-33.5,90.,326.558112382723));
#2751=CARTESIAN_POINT('Origin',(-35.,90.,0.));
#2752=CARTESIAN_POINT('',(-40.,90.,195.2));
#2753=CARTESIAN_POINT('',(-35.,85.,195.2));
#2754=CARTESIAN_POINT('Origin',(-35.,90.,195.2));
#2755=CARTESIAN_POINT('',(-35.,85.,0.));
#2756=CARTESIAN_POINT('',(-40.,90.,0.));
#2757=CARTESIAN_POINT('Ctrl Pts',(-10.4076713286819,85.,309.761648592984));
#2758=CARTESIAN_POINT('Ctrl Pts',(-9.28113852411572,85.,309.511605603372));
#2759=CARTESIAN_POINT('Ctrl Pts',(-7.41063586714988,85.6561169042899,309.096432539144));
#2760=CARTESIAN_POINT('Ctrl Pts',(-5.73112541761745,87.7588954703191,308.723651726917));
#2761=CARTESIAN_POINT('Ctrl Pts',(-5.38745992542898,89.2520017491453,308.647372415081));
#2762=CARTESIAN_POINT('Ctrl Pts',(-5.38745992542898,90.,308.647372415081));
#2763=CARTESIAN_POINT('Ctrl Pts',(-9.9588723781691,85.,310.538991177656));
#2764=CARTESIAN_POINT('Ctrl Pts',(-8.86405070690981,85.1066437392622,310.23064214675));
#2765=CARTESIAN_POINT('Ctrl Pts',(-7.155167482578,85.881748986896,309.745200893272));
#2766=CARTESIAN_POINT('Ctrl Pts',(-5.69210207351254,87.9184722519625,309.320724751058));
#2767=CARTESIAN_POINT('Ctrl Pts',(-5.39772936275978,89.3046806463323,309.235708085731));
#2768=CARTESIAN_POINT('Ctrl Pts',(-5.39772936275978,90.,309.235708085731));
#2769=CARTESIAN_POINT('Ctrl Pts',(-9.1819839764498,85.7536016905918,311.884601361245));
#2770=CARTESIAN_POINT('Ctrl Pts',(-8.31231031725232,85.9189865039395,311.479949091353));
#2771=CARTESIAN_POINT('Ctrl Pts',(-7.01850908538433,86.6548578736499,310.871852488962));
#2772=CARTESIAN_POINT('Ctrl Pts',(-5.94200972429364,88.3318017578977,310.360200947041));
#2773=CARTESIAN_POINT('Ctrl Pts',(-5.72787148587641,89.4440080515005,310.257778256286));
#2774=CARTESIAN_POINT('Ctrl Pts',(-5.72787148587641,90.,310.257778256286));
#2775=CARTESIAN_POINT('Ctrl Pts',(-8.90767132868186,87.3268015742308,312.359724804337));
#2776=CARTESIAN_POINT('Ctrl Pts',(-8.34289992800805,87.3756139266271,312.032656927186));
#2777=CARTESIAN_POINT('Ctrl Pts',(-7.44545805303279,87.7801903443559,311.515063894644));
#2778=CARTESIAN_POINT('Ctrl Pts',(-6.66355124264904,88.8715677303793,311.063364181465));
#2779=CARTESIAN_POINT('Ctrl Pts',(-6.50480957343453,89.623834688075,310.97243192312));
#2780=CARTESIAN_POINT('Ctrl Pts',(-6.50480957343453,90.,310.97243192312));
#2781=CARTESIAN_POINT('Ctrl Pts',(-8.90767132868184,88.,312.359724804337));
#2782=CARTESIAN_POINT('Ctrl Pts',(-8.45423441850393,88.,312.097932882186));
#2783=CARTESIAN_POINT('Ctrl Pts',(-7.70134471851802,88.262446761716,311.663251811229));
#2784=CARTESIAN_POINT('Ctrl Pts',(-7.02533064617082,89.1035581881276,311.272954904583));
#2785=CARTESIAN_POINT('Ctrl Pts',(-6.88700301089817,89.7008006996581,311.193091407122));
#2786=CARTESIAN_POINT('Ctrl Pts',(-6.88700301089817,90.,311.193091407122));
#2787=CARTESIAN_POINT('',(-10.4076713286818,85.,309.761648592984));
#2788=CARTESIAN_POINT('',(-8.90767132868184,88.,312.359724804338));
#2789=CARTESIAN_POINT('Origin',(-10.4076713286818,88.,309.761648592984));
#2790=CARTESIAN_POINT('',(-5.38745992542899,90.,308.647372415081));
#2791=CARTESIAN_POINT('Origin',(-10.4076713286818,90.,309.761648592984));
#2792=CARTESIAN_POINT('',(-6.88700301089817,90.,311.193091407122));
#2793=CARTESIAN_POINT('Origin',(-8.38700301089816,90.,308.595015195769));
#2794=CARTESIAN_POINT('Origin',(-8.90767132868177,90.,312.359724804337));
#2795=CARTESIAN_POINT('Origin',(-5.005330205591,90.,0.261732934838592));
#2796=CARTESIAN_POINT('',(-8.1426733272987,85.,180.));
#2797=CARTESIAN_POINT('',(-3.14191168707917,90.,180.));
#2798=CARTESIAN_POINT('Origin',(-8.1426733272987,90.,180.));
#2799=CARTESIAN_POINT('',(-0.00609172980904238,90.,0.34899496702501));
#2800=CARTESIAN_POINT('',(-5.005330205591,85.,0.261732934838592));
#2801=CARTESIAN_POINT('Origin',(-8.38700301089816,95.,308.595015195769));
#2802=CARTESIAN_POINT('',(-6.88700301089817,95.,311.193091407122));
#2803=CARTESIAN_POINT('',(-5.38745992542899,95.,308.647372415081));
#2804=CARTESIAN_POINT('Origin',(42.1914924723358,88.,279.393507213317));
#2805=CARTESIAN_POINT('',(43.6914924723358,88.,281.991583424671));
#2806=CARTESIAN_POINT('',(42.1914924723358,85.,279.393507213317));
#2807=CARTESIAN_POINT('Origin',(-37.,115.,325.114736709749));
#2808=CARTESIAN_POINT('',(-35.5,115.,327.712812921102));
#2809=CARTESIAN_POINT('',(-40.,115.,325.114736709749));
#2810=CARTESIAN_POINT('Origin',(-40.,125.,195.2));
#2811=CARTESIAN_POINT('',(-34.8,125.,195.2));
#2812=CARTESIAN_POINT('',(-20.,125.,195.2));
#2813=CARTESIAN_POINT('',(-34.8,114.8,195.2));
#2814=CARTESIAN_POINT('',(-34.8,122.5,195.2));
#2815=CARTESIAN_POINT('',(-40.,114.8,195.2));
#2816=CARTESIAN_POINT('',(-40.,114.8,195.2));
#2817=CARTESIAN_POINT('',(-40.,125.,195.2));
#2818=CARTESIAN_POINT('Origin',(0.,125.,0.));
#2819=CARTESIAN_POINT('',(-34.8,125.,180.));
#2820=CARTESIAN_POINT('',(-8.30912986961632,125.,180.));
#2821=CARTESIAN_POINT('',(-34.8,125.,93.75));
#2822=CARTESIAN_POINT('Origin',(0.,85.,0.));
#2823=CARTESIAN_POINT('',(-3.14191168707917,99.8,180.));
#2824=CARTESIAN_POINT('',(-3.14191168707917,95.,180.));
#2825=CARTESIAN_POINT('',(-3.40722867398807,99.8,195.2));
#2826=CARTESIAN_POINT('',(-1.57171730976571,99.8,90.0436243708781));
#2827=CARTESIAN_POINT('',(-3.40722867398807,110.2,195.2));
#2828=CARTESIAN_POINT('',(-3.40722867398807,95.,195.2));
#2829=CARTESIAN_POINT('',(-3.14191168707917,110.2,180.));
#2830=CARTESIAN_POINT('',(-1.57095584353958,110.2,90.));
#2831=CARTESIAN_POINT('',(-3.14191168707917,95.,180.));
#2832=CARTESIAN_POINT('Origin',(-16.6182597392326,105.,180.));
#2833=CARTESIAN_POINT('',(-8.34191168707916,110.2,180.));
#2834=CARTESIAN_POINT('',(-9.8800857131559,110.2,180.));
#2835=CARTESIAN_POINT('',(-8.34191168707916,99.8,180.));
#2836=CARTESIAN_POINT('',(-8.34191168707916,107.5,180.));
#2837=CARTESIAN_POINT('',(-12.3800857131559,99.8,180.));
#2838=CARTESIAN_POINT('',(-34.8,85.,180.));
#2839=CARTESIAN_POINT('',(-28.3091298696163,85.,180.));
#2840=CARTESIAN_POINT('',(-34.8,95.2,180.));
#2841=CARTESIAN_POINT('',(-34.8,97.5,180.));
#2842=CARTESIAN_POINT('',(-40.,95.2,180.));
#2843=CARTESIAN_POINT('',(-28.3091298696163,95.2,180.));
#2844=CARTESIAN_POINT('',(-40.,114.8,180.));
#2845=CARTESIAN_POINT('',(-40.,115.,180.));
#2846=CARTESIAN_POINT('',(-34.8,114.8,180.));
#2847=CARTESIAN_POINT('',(-28.3091298696163,114.8,180.));
#2848=CARTESIAN_POINT('',(-34.8,112.5,180.));
#2849=CARTESIAN_POINT('Origin',(-15.6458256229942,105.,316.25));
#2850=CARTESIAN_POINT('Origin',(-3.2728246740408,105.,187.5));
#2851=CARTESIAN_POINT('',(-8.34191168707916,105.,189.));
#2852=CARTESIAN_POINT('Origin',(-8.34191168707916,105.,187.5));
#2853=CARTESIAN_POINT('',(-18.2990072714331,105.,189.));
#2854=CARTESIAN_POINT('',(-3.2728246740408,105.,189.));
#2855=CARTESIAN_POINT('Origin',(-18.2728246740408,105.,187.5));
#2856=CARTESIAN_POINT('Origin',(-18.2728246740408,105.,187.5));
#2857=CARTESIAN_POINT('Origin',(-8.34191168707916,110.,180.));
#2858=CARTESIAN_POINT('',(-8.34191168707916,99.8,195.2));
#2859=CARTESIAN_POINT('',(-8.34191168707916,110.2,195.2));
#2860=CARTESIAN_POINT('',(-8.34191168707916,107.5,195.2));
#2861=CARTESIAN_POINT('',(-8.34191168707916,99.8,180.));
#2862=CARTESIAN_POINT('',(-8.34191168707916,110.2,180.));
#2863=CARTESIAN_POINT('Origin',(-3.14191168707916,110.2,180.));
#2864=CARTESIAN_POINT('',(-12.3564337653094,110.2,195.2));
#2865=CARTESIAN_POINT('Origin',(-8.14191168707916,99.8,180.));
#2866=CARTESIAN_POINT('',(-14.8564337653094,99.8,195.2));
#2867=CARTESIAN_POINT('Origin',(-21.5709558435396,105.,195.2));
#2868=CARTESIAN_POINT('Origin',(-40.,89.9999982118607,187.5));
#2869=CARTESIAN_POINT('',(-34.8,88.4999982118607,187.5));
#2870=CARTESIAN_POINT('Origin',(-34.8,89.9999982118607,187.5));
#2871=CARTESIAN_POINT('',(-25.,88.4999982118607,187.5));
#2872=CARTESIAN_POINT('',(-40.,88.4999982118607,187.5));
#2873=CARTESIAN_POINT('Origin',(-25.,89.9999982118607,187.5));
#2874=CARTESIAN_POINT('Origin',(-25.,89.9999982118607,187.5));
#2875=CARTESIAN_POINT('Origin',(-40.,95.2,195.));
#2876=CARTESIAN_POINT('',(-40.,95.2,195.2));
#2877=CARTESIAN_POINT('',(-40.,95.2,97.5));
#2878=CARTESIAN_POINT('',(-34.8,95.2,195.2));
#2879=CARTESIAN_POINT('',(-34.8,95.2,191.25));
#2880=CARTESIAN_POINT('',(-40.,95.2,195.2));
#2881=CARTESIAN_POINT('Origin',(-40.,85.,195.2));
#2882=CARTESIAN_POINT('',(-40.,105.,195.2));
#2883=CARTESIAN_POINT('',(-34.8,85.,195.2));
#2884=CARTESIAN_POINT('',(-34.8,87.5,195.2));
#2885=CARTESIAN_POINT('',(-40.,85.,195.2));
#2886=CARTESIAN_POINT('Origin',(-34.8,90.,187.5));
#2887=CARTESIAN_POINT('',(-34.8,85.,93.75));
#2888=CARTESIAN_POINT('Origin',(-40.,125.,0.));
#2889=CARTESIAN_POINT('',(-40.,114.8,97.5));
#2890=CARTESIAN_POINT('Origin',(-40.,120.000001788139,187.5));
#2891=CARTESIAN_POINT('',(-34.8,121.500001788139,187.5));
#2892=CARTESIAN_POINT('Origin',(-34.8,120.000001788139,187.5));
#2893=CARTESIAN_POINT('',(-25.,121.500001788139,187.5));
#2894=CARTESIAN_POINT('',(-40.,121.500001788139,187.5));
#2895=CARTESIAN_POINT('Origin',(-25.,120.000001788139,187.5));
#2896=CARTESIAN_POINT('Origin',(-25.,120.000001788139,187.5));
#2897=CARTESIAN_POINT('Origin',(-40.,114.8,195.));
#2898=CARTESIAN_POINT('',(-34.8,114.8,191.25));
#2899=CARTESIAN_POINT('Origin',(-34.8,120.,187.5));
#2900=CARTESIAN_POINT('Origin',(-40.,85.,0.));
#2901=CARTESIAN_POINT('Origin',(4.76348052153473,113.,0.5));
#2902=CARTESIAN_POINT('',(3.34926695916164,113.5,0.));
#2903=CARTESIAN_POINT('',(6.26348052153473,113.,0.));
#2904=CARTESIAN_POINT('Origin',(4.76348052153473,113.,0.));
#2905=CARTESIAN_POINT('',(6.76348052153473,113.,0.5));
#2906=CARTESIAN_POINT('Origin',(6.26348052153473,113.,0.5));
#2907=CARTESIAN_POINT('',(2.76348052153473,113.,0.5));
#2908=CARTESIAN_POINT('Origin',(4.76348052153473,113.,0.5));
#2909=CARTESIAN_POINT('Ctrl Pts',(2.76348052153473,113.,0.5));
#2910=CARTESIAN_POINT('Ctrl Pts',(2.76348052153473,113.,0.453269872170095));
#2911=CARTESIAN_POINT('Ctrl Pts',(2.77001040501669,113.006557499096,0.407539663103419));
#2912=CARTESIAN_POINT('Ctrl Pts',(2.79635658806772,113.032654667034,0.315114476040774));
#2913=CARTESIAN_POINT('Ctrl Pts',(2.81727585203149,113.05323855118,0.270782773567109));
#2914=CARTESIAN_POINT('Ctrl Pts',(2.87703670040899,113.110620374113,0.18051048599236));
#2915=CARTESIAN_POINT('Ctrl Pts',(2.91893433466626,113.149941671728,0.13913176381435));
#2916=CARTESIAN_POINT('Ctrl Pts',(3.01737200517641,113.238463312839,0.0696633264578699));
#2917=CARTESIAN_POINT('Ctrl Pts',(3.07550430582465,113.288601788047,0.0439005395820104));
#2918=CARTESIAN_POINT('Ctrl Pts',(3.202797900805,113.392179861857,0.00840365400126892));
#2919=CARTESIAN_POINT('Ctrl Pts',(3.27322854137743,113.446082265289,0.000302199734168837));
#2920=CARTESIAN_POINT('Ctrl Pts',(3.34655562127403,113.498081415549,2.75807257864691E-6));
#2921=CARTESIAN_POINT('Ctrl Pts',(3.3479109663062,113.499041168257,4.12560084264275E-16));
#2922=CARTESIAN_POINT('Ctrl Pts',(3.34926695916164,113.5,4.16333634234434E-16));
#2923=CARTESIAN_POINT('Origin',(-8.61825973923264,113.5,0.5));
#2924=CARTESIAN_POINT('',(-0.00872753246410896,113.,0.5));
#2925=CARTESIAN_POINT('',(-8.61825973923264,113.,0.5));
#2926=CARTESIAN_POINT('',(0.,113.5,0.));
#2927=CARTESIAN_POINT('Origin',(-0.00872753246410896,113.5,0.5));
#2928=CARTESIAN_POINT('',(-8.61825973923264,113.5,0.));
#2929=CARTESIAN_POINT('Origin',(6.26348052153473,112.,0.5));
#2930=CARTESIAN_POINT('',(6.26348052153473,119.,0.));
#2931=CARTESIAN_POINT('',(6.76348052153473,119.,0.5));
#2932=CARTESIAN_POINT('Origin',(6.26348052153473,119.,0.5));
#2933=CARTESIAN_POINT('',(6.76348052153473,112.,0.5));
#2934=CARTESIAN_POINT('',(6.26348052153473,112.,0.));
#2935=CARTESIAN_POINT('Origin',(4.76348052153473,119.,0.5));
#2936=CARTESIAN_POINT('',(2.76348052153473,119.,0.5));
#2937=CARTESIAN_POINT('Origin',(4.76348052153473,119.,0.5));
#2938=CARTESIAN_POINT('',(3.34926695916162,118.5,0.));
#2939=CARTESIAN_POINT('Origin',(4.76348052153473,119.,0.));
#2940=CARTESIAN_POINT('Ctrl Pts',(3.34926695916162,118.5,4.16333634234434E-16));
#2941=CARTESIAN_POINT('Ctrl Pts',(3.34791096630531,118.500958831744,4.39811721480779E-16));
#2942=CARTESIAN_POINT('Ctrl Pts',(3.34655562127479,118.501918584451,2.75807257541028E-6));
#2943=CARTESIAN_POINT('Ctrl Pts',(3.27322854134503,118.553917734735,0.000302199734308917));
#2944=CARTESIAN_POINT('Ctrl Pts',(3.20279790080103,118.607820138146,0.00840365400236891));
#2945=CARTESIAN_POINT('Ctrl Pts',(3.07550430582461,118.711398211953,0.0439005395820261));
#2946=CARTESIAN_POINT('Ctrl Pts',(3.01737200517639,118.761536687161,0.0696633264578836));
#2947=CARTESIAN_POINT('Ctrl Pts',(2.91893433466631,118.850058328272,0.139131763814312));
#2948=CARTESIAN_POINT('Ctrl Pts',(2.877036700409,118.889379625887,0.180510485992329));
#2949=CARTESIAN_POINT('Ctrl Pts',(2.81727585203144,118.94676144882,0.270782773567185));
#2950=CARTESIAN_POINT('Ctrl Pts',(2.7963565880677,118.967345332967,0.315114476040819));
#2951=CARTESIAN_POINT('Ctrl Pts',(2.77001040501667,118.993442500904,0.407539663103478));
#2952=CARTESIAN_POINT('Ctrl Pts',(2.76348052153473,119.,0.453269872170126));
#2953=CARTESIAN_POINT('Ctrl Pts',(2.76348052153473,119.,0.5));
#2954=CARTESIAN_POINT('Origin',(-12.6182597392326,118.5,0.5));
#2955=CARTESIAN_POINT('',(0.,118.5,0.));
#2956=CARTESIAN_POINT('',(-12.6182597392326,118.5,0.));
#2957=CARTESIAN_POINT('',(-0.00872753246410828,119.,0.5));
#2958=CARTESIAN_POINT('Origin',(-0.00872753246410785,118.5,0.5));
#2959=CARTESIAN_POINT('',(-12.6182597392326,119.,0.5));
#2960=CARTESIAN_POINT('Origin',(2.76348052153473,113.,7.));
#2961=CARTESIAN_POINT('',(2.76348052153473,113.,6.5));
#2962=CARTESIAN_POINT('',(2.76348052153473,113.,7.));
#2963=CARTESIAN_POINT('',(-0.113457922033414,113.,6.5));
#2964=CARTESIAN_POINT('',(1.76348052153473,113.,6.5));
#2965=CARTESIAN_POINT('',(-0.0606532598126333,113.,3.47482292744624));
#2966=CARTESIAN_POINT('Origin',(4.76348052153473,113.,7.));
#2967=CARTESIAN_POINT('',(6.76348052153473,113.,6.5));
#2968=CARTESIAN_POINT('',(6.76348052153473,113.,7.));
#2969=CARTESIAN_POINT('Origin',(4.76348052153473,113.,6.5));
#2970=CARTESIAN_POINT('Origin',(6.76348052153473,119.,7.));
#2971=CARTESIAN_POINT('',(6.76348052153473,119.,6.5));
#2972=CARTESIAN_POINT('',(6.76348052153473,119.,7.));
#2973=CARTESIAN_POINT('',(6.76348052153473,117.5,6.5));
#2974=CARTESIAN_POINT('Origin',(4.76348052153473,119.,7.));
#2975=CARTESIAN_POINT('',(2.76348052153473,119.,6.5));
#2976=CARTESIAN_POINT('',(2.76348052153473,119.,7.));
#2977=CARTESIAN_POINT('Origin',(4.76348052153473,119.,6.5));
#2978=CARTESIAN_POINT('Origin',(-5.23651947846528,119.,7.));
#2979=CARTESIAN_POINT('',(-0.113457922033414,119.,6.5));
#2980=CARTESIAN_POINT('',(-0.0618716057744412,119.,3.54462192085124));
#2981=CARTESIAN_POINT('',(-2.23651947846527,119.,6.5));
#2982=CARTESIAN_POINT('Origin',(4.76348052153473,97.,0.5));
#2983=CARTESIAN_POINT('',(2.76348052153473,97.,0.5));
#2984=CARTESIAN_POINT('',(6.76348052153473,97.,0.5));
#2985=CARTESIAN_POINT('Origin',(4.76348052153473,97.,0.5));
#2986=CARTESIAN_POINT('',(6.26348052153473,97.,0.));
#2987=CARTESIAN_POINT('Origin',(6.26348052153473,97.,0.5));
#2988=CARTESIAN_POINT('',(3.34926695916163,96.5,0.));
#2989=CARTESIAN_POINT('Origin',(4.76348052153473,97.,0.));
#2990=CARTESIAN_POINT('Ctrl Pts',(3.34926695916163,96.5,4.16333634234434E-16));
#2991=CARTESIAN_POINT('Ctrl Pts',(3.34791096629923,96.5009588317482,4.17456862829648E-16));
#2992=CARTESIAN_POINT('Ctrl Pts',(3.34655562128088,96.5019185844464,2.75807255071959E-6));
#2993=CARTESIAN_POINT('Ctrl Pts',(3.27322854124061,96.55391773481,0.00030219973473418));
#2994=CARTESIAN_POINT('Ctrl Pts',(3.20279790078846,96.607820138156,0.00840365400587698));
#2995=CARTESIAN_POINT('Ctrl Pts',(3.07550430582463,96.711398211953,0.0439005395820207));
#2996=CARTESIAN_POINT('Ctrl Pts',(3.01737200517641,96.7615366871607,0.0696633264578711));
#2997=CARTESIAN_POINT('Ctrl Pts',(2.91893433466624,96.8500583282716,0.139131763814362));
#2998=CARTESIAN_POINT('Ctrl Pts',(2.87703670040898,96.8893796258868,0.180510485992371));
#2999=CARTESIAN_POINT('Ctrl Pts',(2.81727585203149,96.94676144882,0.270782773567108));
#3000=CARTESIAN_POINT('Ctrl Pts',(2.79635658806772,96.9673453329665,0.315114476040774));
#3001=CARTESIAN_POINT('Ctrl Pts',(2.77001040501669,96.9934425009035,0.40753966310342));
#3002=CARTESIAN_POINT('Ctrl Pts',(2.76348052153473,97.,0.453269872170096));
#3003=CARTESIAN_POINT('Ctrl Pts',(2.76348052153473,97.,0.5));
#3004=CARTESIAN_POINT('Origin',(6.26348052153473,98.,0.5));
#3005=CARTESIAN_POINT('',(6.76348052153473,91.,0.5));
#3006=CARTESIAN_POINT('',(6.26348052153473,91.,0.));
#3007=CARTESIAN_POINT('Origin',(6.26348052153473,91.,0.5));
#3008=CARTESIAN_POINT('',(6.26348052153473,98.,0.));
#3009=CARTESIAN_POINT('',(6.76348052153473,98.,0.5));
#3010=CARTESIAN_POINT('Origin',(4.76348052153473,91.,0.5));
#3011=CARTESIAN_POINT('',(3.34926695916164,91.5,0.));
#3012=CARTESIAN_POINT('Origin',(4.76348052153473,91.,0.));
#3013=CARTESIAN_POINT('',(2.76348052153473,91.,0.5));
#3014=CARTESIAN_POINT('Origin',(4.76348052153473,91.,0.5));
#3015=CARTESIAN_POINT('Ctrl Pts',(2.76348052153473,91.,0.5));
#3016=CARTESIAN_POINT('Ctrl Pts',(2.76348052153473,91.,0.453269872170096));
#3017=CARTESIAN_POINT('Ctrl Pts',(2.77001040501669,91.0065574990965,0.40753966310342));
#3018=CARTESIAN_POINT('Ctrl Pts',(2.79635658806772,91.0326546670335,0.315114476040774));
#3019=CARTESIAN_POINT('Ctrl Pts',(2.81727585203149,91.05323855118,0.270782773567108));
#3020=CARTESIAN_POINT('Ctrl Pts',(2.87703670040899,91.1106203741131,0.18051048599236));
#3021=CARTESIAN_POINT('Ctrl Pts',(2.91893433466626,91.1499416717284,0.13913176381435));
#3022=CARTESIAN_POINT('Ctrl Pts',(3.01737200517639,91.2384633128393,0.0696633264578822));
#3023=CARTESIAN_POINT('Ctrl Pts',(3.07550430582461,91.288601788047,0.0439005395820278));
#3024=CARTESIAN_POINT('Ctrl Pts',(3.20279790079083,91.3921798618459,0.0084036540052135));
#3025=CARTESIAN_POINT('Ctrl Pts',(3.27322854126032,91.4460822652042,0.00030219973465622));
#3026=CARTESIAN_POINT('Ctrl Pts',(3.34655562127991,91.4980814155529,2.75807255466989E-6));
#3027=CARTESIAN_POINT('Ctrl Pts',(3.34791096630018,91.4990411682524,4.12560084247523E-16));
#3028=CARTESIAN_POINT('Ctrl Pts',(3.34926695916164,91.5,4.16333634234434E-16));
#3029=CARTESIAN_POINT('Origin',(-8.61825973923264,96.5,0.5));
#3030=CARTESIAN_POINT('',(0.,96.5,0.));
#3031=CARTESIAN_POINT('',(-8.61825973923264,96.5,0.));
#3032=CARTESIAN_POINT('',(-0.00872753246410897,97.,0.5));
#3033=CARTESIAN_POINT('Origin',(-0.00872753246410896,96.5,0.5));
#3034=CARTESIAN_POINT('',(-8.61825973923264,97.,0.5));
#3035=CARTESIAN_POINT('Origin',(-12.6182597392326,91.5,0.5));
#3036=CARTESIAN_POINT('',(-0.00872753246410829,91.,0.5));
#3037=CARTESIAN_POINT('',(-12.6182597392326,91.,0.5));
#3038=CARTESIAN_POINT('',(0.,91.5,0.));
#3039=CARTESIAN_POINT('Origin',(-0.00872753246410785,91.5,0.5));
#3040=CARTESIAN_POINT('',(-12.6182597392326,91.5,0.));
#3041=CARTESIAN_POINT('Origin',(-20.,105.,0.));
#3042=CARTESIAN_POINT('',(0.,85.,0.));
#3043=CARTESIAN_POINT('',(0.,90.,0.));
#3044=CARTESIAN_POINT('',(0.,85.,0.));
#3045=CARTESIAN_POINT('',(-5.00076164021953,85.,0.));
#3046=CARTESIAN_POINT('Origin',(-5.00076164021953,90.,0.));
#3047=CARTESIAN_POINT('',(-7.,85.,0.));
#3048=CARTESIAN_POINT('',(-40.,85.,0.));
#3049=CARTESIAN_POINT('',(-10.,82.,1.83697019872103E-16));
#3050=CARTESIAN_POINT('Origin',(-7.,82.,0.));
#3051=CARTESIAN_POINT('',(-10.,60.7735026918963,1.48344511914606E-15));
#3052=CARTESIAN_POINT('',(-10.,85.,0.));
#3053=CARTESIAN_POINT('',(-15.,55.,1.83697019872103E-15));
#3054=CARTESIAN_POINT('Origin',(-15.,60.7735026918963,0.));
#3055=CARTESIAN_POINT('',(-35.,55.,1.83697019872103E-15));
#3056=CARTESIAN_POINT('',(-40.,55.,1.83697019872103E-15));
#3057=CARTESIAN_POINT('',(-40.,60.7735026918963,-3.93273871744077E-15));
#3058=CARTESIAN_POINT('Origin',(-35.,60.7735026918963,-4.44089209850063E-15));
#3059=CARTESIAN_POINT('',(-40.,149.226497308104,1.48344511914606E-15));
#3060=CARTESIAN_POINT('',(-40.,125.,0.));
#3061=CARTESIAN_POINT('',(-35.,155.,1.83697019872103E-15));
#3062=CARTESIAN_POINT('Origin',(-35.,149.226497308104,0.));
#3063=CARTESIAN_POINT('',(-15.,155.,1.83697019872103E-15));
#3064=CARTESIAN_POINT('',(-40.,155.,1.83697019872103E-15));
#3065=CARTESIAN_POINT('',(-10.,149.226497308104,1.48344511914606E-15));
#3066=CARTESIAN_POINT('Origin',(-15.,149.226497308104,0.));
#3067=CARTESIAN_POINT('',(-10.,128.,1.83697019872103E-16));
#3068=CARTESIAN_POINT('',(-10.,125.,0.));
#3069=CARTESIAN_POINT('',(-7.,125.,0.));
#3070=CARTESIAN_POINT('Origin',(-7.,128.,0.));
#3071=CARTESIAN_POINT('',(-5.00076164021954,125.,0.));
#3072=CARTESIAN_POINT('',(0.,125.,0.));
#3073=CARTESIAN_POINT('',(0.,120.,0.));
#3074=CARTESIAN_POINT('Origin',(-5.00076164021954,120.,0.));
#3075=CARTESIAN_POINT('',(0.,85.,0.));
#3076=CARTESIAN_POINT('Origin',(1.76348052153473,96.5,6.5));
#3077=CARTESIAN_POINT('',(2.76348052153473,97.,6.5));
#3078=CARTESIAN_POINT('',(-0.113457922033414,97.,6.5));
#3079=CARTESIAN_POINT('',(1.76348052153473,97.,6.5));
#3080=CARTESIAN_POINT('',(-0.122185454497523,96.5,7.));
#3081=CARTESIAN_POINT('Origin',(-0.113457922033414,96.5,6.5));
#3082=CARTESIAN_POINT('',(3.34926695916164,96.5,7.));
#3083=CARTESIAN_POINT('',(1.76348052153473,96.5,7.));
#3084=CARTESIAN_POINT('Ctrl Pts',(3.34926695916163,96.5,7.));
#3085=CARTESIAN_POINT('Ctrl Pts',(3.34791096630356,96.5009588317452,7.));
#3086=CARTESIAN_POINT('Ctrl Pts',(3.34655562127655,96.5019185844496,6.99999724192743));
#3087=CARTESIAN_POINT('Ctrl Pts',(3.27322854132345,96.5539177347502,6.9996978002656));
#3088=CARTESIAN_POINT('Ctrl Pts',(3.20279790079843,96.6078201381478,6.9915963459969));
#3089=CARTESIAN_POINT('Ctrl Pts',(3.07550430582463,96.711398211953,6.95609946041798));
#3090=CARTESIAN_POINT('Ctrl Pts',(3.01737200517641,96.7615366871607,6.93033667354213));
#3091=CARTESIAN_POINT('Ctrl Pts',(2.91893433466624,96.8500583282716,6.86086823618564));
#3092=CARTESIAN_POINT('Ctrl Pts',(2.87703670040898,96.8893796258868,6.81948951400763));
#3093=CARTESIAN_POINT('Ctrl Pts',(2.81727585203149,96.94676144882,6.72921722643289));
#3094=CARTESIAN_POINT('Ctrl Pts',(2.79635658806772,96.9673453329665,6.68488552395923));
#3095=CARTESIAN_POINT('Ctrl Pts',(2.77001040501669,96.9934425009035,6.59246033689658));
#3096=CARTESIAN_POINT('Ctrl Pts',(2.76348052153473,97.,6.5467301278299));
#3097=CARTESIAN_POINT('Ctrl Pts',(2.76348052153473,97.,6.5));
#3098=CARTESIAN_POINT('Origin',(4.76348052153473,97.,6.5));
#3099=CARTESIAN_POINT('',(6.26348052153473,97.,7.));
#3100=CARTESIAN_POINT('Origin',(4.76348052153473,97.,7.));
#3101=CARTESIAN_POINT('',(6.76348052153473,97.,6.5));
#3102=CARTESIAN_POINT('Origin',(6.26348052153473,97.,6.5));
#3103=CARTESIAN_POINT('Origin',(4.76348052153473,97.,6.5));
#3104=CARTESIAN_POINT('Origin',(6.26348052153473,92.5,6.5));
#3105=CARTESIAN_POINT('',(6.26348052153473,91.,7.));
#3106=CARTESIAN_POINT('',(6.76348052153473,91.,6.5));
#3107=CARTESIAN_POINT('Origin',(6.26348052153473,91.,6.5));
#3108=CARTESIAN_POINT('',(6.76348052153473,92.5,6.5));
#3109=CARTESIAN_POINT('',(6.26348052153473,92.5,7.));
#3110=CARTESIAN_POINT('Origin',(4.76348052153473,91.,6.5));
#3111=CARTESIAN_POINT('',(2.76348052153473,91.,6.5));
#3112=CARTESIAN_POINT('Origin',(4.76348052153473,91.,6.5));
#3113=CARTESIAN_POINT('',(3.34926695916163,91.5,7.));
#3114=CARTESIAN_POINT('Origin',(4.76348052153473,91.,7.));
#3115=CARTESIAN_POINT('Ctrl Pts',(3.34926695916163,91.5,7.));
#3116=CARTESIAN_POINT('Ctrl Pts',(3.34791096630356,91.4990411682548,7.));
#3117=CARTESIAN_POINT('Ctrl Pts',(3.34655562127655,91.4980814155504,6.99999724192743));
#3118=CARTESIAN_POINT('Ctrl Pts',(3.27322854132342,91.4460822652498,6.9996978002656));
#3119=CARTESIAN_POINT('Ctrl Pts',(3.20279790079843,91.3921798618521,6.9915963459969));
#3120=CARTESIAN_POINT('Ctrl Pts',(3.07550430582462,91.288601788047,6.95609946041797));
#3121=CARTESIAN_POINT('Ctrl Pts',(3.01737200517639,91.2384633128393,6.93033667354212));
#3122=CARTESIAN_POINT('Ctrl Pts',(2.91893433466626,91.1499416717284,6.86086823618565));
#3123=CARTESIAN_POINT('Ctrl Pts',(2.87703670040899,91.1106203741131,6.81948951400764));
#3124=CARTESIAN_POINT('Ctrl Pts',(2.81727585203149,91.05323855118,6.72921722643289));
#3125=CARTESIAN_POINT('Ctrl Pts',(2.79635658806772,91.0326546670335,6.68488552395923));
#3126=CARTESIAN_POINT('Ctrl Pts',(2.77001040501669,91.0065574990965,6.59246033689658));
#3127=CARTESIAN_POINT('Ctrl Pts',(2.76348052153473,91.,6.5467301278299));
#3128=CARTESIAN_POINT('Ctrl Pts',(2.76348052153473,91.,6.5));
#3129=CARTESIAN_POINT('Origin',(-2.23651947846527,91.5,6.5));
#3130=CARTESIAN_POINT('',(-0.122185454497523,91.5,7.));
#3131=CARTESIAN_POINT('',(-2.23651947846527,91.5,7.));
#3132=CARTESIAN_POINT('',(-0.113457922033414,91.,6.5));
#3133=CARTESIAN_POINT('Origin',(-0.113457922033414,91.5,6.5));
#3134=CARTESIAN_POINT('',(-2.23651947846527,91.,6.5));
#3135=CARTESIAN_POINT('Origin',(2.76348052153473,97.,7.));
#3136=CARTESIAN_POINT('',(-0.0606532598126333,97.,3.47482292744624));
#3137=CARTESIAN_POINT('',(2.76348052153473,97.,7.));
#3138=CARTESIAN_POINT('Origin',(4.76348052153473,97.,7.));
#3139=CARTESIAN_POINT('',(6.76348052153473,97.,7.));
#3140=CARTESIAN_POINT('Origin',(6.76348052153473,91.,7.));
#3141=CARTESIAN_POINT('',(6.76348052153473,91.,7.));
#3142=CARTESIAN_POINT('Origin',(4.76348052153473,91.,7.));
#3143=CARTESIAN_POINT('',(2.76348052153473,91.,7.));
#3144=CARTESIAN_POINT('Origin',(-5.23651947846528,91.,7.));
#3145=CARTESIAN_POINT('',(-0.0618716057744412,91.,3.54462192085124));
#3146=CARTESIAN_POINT('Origin',(1.76348052153473,113.5,6.5));
#3147=CARTESIAN_POINT('',(3.34926695916164,113.5,7.));
#3148=CARTESIAN_POINT('',(-0.122185454497523,113.5,7.));
#3149=CARTESIAN_POINT('',(1.76348052153473,113.5,7.));
#3150=CARTESIAN_POINT('Origin',(-0.113457922033414,113.5,6.5));
#3151=CARTESIAN_POINT('Ctrl Pts',(2.76348052153473,113.,6.5));
#3152=CARTESIAN_POINT('Ctrl Pts',(2.76348052153473,113.,6.5467301278299));
#3153=CARTESIAN_POINT('Ctrl Pts',(2.77001040501669,113.006557499096,6.59246033689658));
#3154=CARTESIAN_POINT('Ctrl Pts',(2.79635658806772,113.032654667034,6.68488552395923));
#3155=CARTESIAN_POINT('Ctrl Pts',(2.81727585203149,113.05323855118,6.72921722643289));
#3156=CARTESIAN_POINT('Ctrl Pts',(2.87703670040899,113.110620374113,6.81948951400764));
#3157=CARTESIAN_POINT('Ctrl Pts',(2.91893433466626,113.149941671728,6.86086823618565));
#3158=CARTESIAN_POINT('Ctrl Pts',(3.0173720051764,113.238463312839,6.93033667354212));
#3159=CARTESIAN_POINT('Ctrl Pts',(3.07550430582462,113.288601788047,6.95609946041797));
#3160=CARTESIAN_POINT('Ctrl Pts',(3.20279790079831,113.392179861852,6.99159634599687));
#3161=CARTESIAN_POINT('Ctrl Pts',(3.27322854132248,113.446082265249,6.9996978002656));
#3162=CARTESIAN_POINT('Ctrl Pts',(3.34655562127666,113.498081415551,6.99999724192743));
#3163=CARTESIAN_POINT('Ctrl Pts',(3.34791096630346,113.499041168255,7.));
#3164=CARTESIAN_POINT('Ctrl Pts',(3.34926695916164,113.5,7.));
#3165=CARTESIAN_POINT('Origin',(4.76348052153473,113.,6.5));
#3166=CARTESIAN_POINT('',(6.26348052153473,113.,7.));
#3167=CARTESIAN_POINT('Origin',(6.26348052153473,113.,6.5));
#3168=CARTESIAN_POINT('Origin',(4.76348052153473,113.,7.));
#3169=CARTESIAN_POINT('Origin',(6.26348052153473,117.5,6.5));
#3170=CARTESIAN_POINT('',(6.26348052153473,119.,7.));
#3171=CARTESIAN_POINT('Origin',(6.26348052153473,119.,6.5));
#3172=CARTESIAN_POINT('',(6.26348052153473,117.5,7.));
#3173=CARTESIAN_POINT('Origin',(4.76348052153473,119.,6.5));
#3174=CARTESIAN_POINT('',(3.34926695916163,118.5,7.));
#3175=CARTESIAN_POINT('Origin',(4.76348052153473,119.,7.));
#3176=CARTESIAN_POINT('Ctrl Pts',(2.76348052153473,119.,6.5));
#3177=CARTESIAN_POINT('Ctrl Pts',(2.76348052153473,119.,6.54673012782987));
#3178=CARTESIAN_POINT('Ctrl Pts',(2.77001040501667,118.993442500904,6.59246033689652));
#3179=CARTESIAN_POINT('Ctrl Pts',(2.7963565880677,118.967345332967,6.68488552395918));
#3180=CARTESIAN_POINT('Ctrl Pts',(2.81727585203144,118.94676144882,6.72921722643281));
#3181=CARTESIAN_POINT('Ctrl Pts',(2.877036700409,118.889379625887,6.81948951400766));
#3182=CARTESIAN_POINT('Ctrl Pts',(2.91893433466629,118.850058328272,6.86086823618567));
#3183=CARTESIAN_POINT('Ctrl Pts',(3.0173720051764,118.761536687161,6.93033667354213));
#3184=CARTESIAN_POINT('Ctrl Pts',(3.07550430582463,118.711398211953,6.95609946041798));
#3185=CARTESIAN_POINT('Ctrl Pts',(3.20279790079829,118.607820138148,6.99159634599687));
#3186=CARTESIAN_POINT('Ctrl Pts',(3.27322854132238,118.553917734751,6.9996978002656));
#3187=CARTESIAN_POINT('Ctrl Pts',(3.34655562127667,118.501918584449,6.99999724192743));
#3188=CARTESIAN_POINT('Ctrl Pts',(3.34791096630344,118.500958831745,7.));
#3189=CARTESIAN_POINT('Ctrl Pts',(3.34926695916163,118.5,7.));
#3190=CARTESIAN_POINT('Origin',(-2.23651947846527,118.5,6.5));
#3191=CARTESIAN_POINT('',(-0.122185454497523,118.5,7.));
#3192=CARTESIAN_POINT('Origin',(-0.113457922033414,118.5,6.5));
#3193=CARTESIAN_POINT('',(-2.23651947846527,118.5,7.));
#3194=CARTESIAN_POINT('Origin',(0.763480521534726,116.,7.));
#3195=CARTESIAN_POINT('',(-0.122185454497523,100.5,7.));
#3196=CARTESIAN_POINT('Ctrl Pts',(-7.,125.,36.7653718043597));
#3197=CARTESIAN_POINT('Ctrl Pts',(-7.,125.,38.5251799143754));
#3198=CARTESIAN_POINT('Ctrl Pts',(-7.01176604893659,125.,41.7018060234348));
#3199=CARTESIAN_POINT('Ctrl Pts',(-7.88841565082242,125.,45.9780200508666));
#3200=CARTESIAN_POINT('Ctrl Pts',(-9.02257096709776,125.,48.9065754203241));
#3201=CARTESIAN_POINT('Ctrl Pts',(-10.6227515796011,125.,51.2727250544373));
#3202=CARTESIAN_POINT('Ctrl Pts',(-12.5618714792416,125.,52.8403912482441));
#3203=CARTESIAN_POINT('Ctrl Pts',(-14.1200959449922,125.,53.3012701892219));
#3204=CARTESIAN_POINT('Ctrl Pts',(-15.,125.,53.3012701892219));
#3205=CARTESIAN_POINT('Ctrl Pts',(-7.40406101782088,125.,36.7653718043597));
#3206=CARTESIAN_POINT('Ctrl Pts',(-7.38574098524667,124.99972399492,38.5279006318453));
#3207=CARTESIAN_POINT('Ctrl Pts',(-7.38918324460497,124.999777615091,41.6690025919172));
#3208=CARTESIAN_POINT('Ctrl Pts',(-8.23261169435849,124.999754965035,45.8802018470877));
#3209=CARTESIAN_POINT('Ctrl Pts',(-9.31942449730417,124.999845600058,48.755427132975));
#3210=CARTESIAN_POINT('Ctrl Pts',(-10.8463269402493,124.99989946946,51.0732129516016));
#3211=CARTESIAN_POINT('Ctrl Pts',(-12.6889344929599,124.999950360937,52.6046024902761));
#3212=CARTESIAN_POINT('Ctrl Pts',(-14.1655136371826,125.,53.0547758605529));
#3213=CARTESIAN_POINT('Ctrl Pts',(-15.,125.,53.0547758605529));
#3214=CARTESIAN_POINT('Ctrl Pts',(-8.29007538305293,125.168708786511,36.7653718043597));
#3215=CARTESIAN_POINT('Ctrl Pts',(-8.21813964000946,125.152638648273,38.5236477691709));
#3216=CARTESIAN_POINT('Ctrl Pts',(-8.18756312516567,125.13216753824,41.5834809535931));
#3217=CARTESIAN_POINT('Ctrl Pts',(-8.94052025040951,125.101330636098,45.662889088619));
#3218=CARTESIAN_POINT('Ctrl Pts',(-9.92045910124419,125.077602683402,48.4348038327787));
#3219=CARTESIAN_POINT('Ctrl Pts',(-11.293323562049,125.056416982269,50.6615933491599));
#3220=CARTESIAN_POINT('Ctrl Pts',(-12.9409558933246,125.041420208254,52.1262231626224));
#3221=CARTESIAN_POINT('Ctrl Pts',(-14.256123810759,125.036656385008,52.5569144498753));
#3222=CARTESIAN_POINT('Ctrl Pts',(-15.,125.036656385008,52.5569144498753));
#3223=CARTESIAN_POINT('Ctrl Pts',(-9.35607651422771,126.000627934506,36.7653718043597));
#3224=CARTESIAN_POINT('Ctrl Pts',(-9.23962950170194,125.882776077872,38.4794471421282));
#3225=CARTESIAN_POINT('Ctrl Pts',(-9.19209843444498,125.737928668422,41.431015221685));
#3226=CARTESIAN_POINT('Ctrl Pts',(-9.85196261482073,125.546941667499,45.3390539937274));
#3227=CARTESIAN_POINT('Ctrl Pts',(-10.7034768197779,125.410901193788,47.9805869399255));
#3228=CARTESIAN_POINT('Ctrl Pts',(-11.8795309078343,125.294894400369,50.0926378082723));
#3229=CARTESIAN_POINT('Ctrl Pts',(-13.2727754346075,125.21506113046,51.4750258688305));
#3230=CARTESIAN_POINT('Ctrl Pts',(-14.3757451501356,125.190469645226,51.8819229527469));
#3231=CARTESIAN_POINT('Ctrl Pts',(-15.,125.190469645226,51.8819229527469));
#3232=CARTESIAN_POINT('Ctrl Pts',(-9.90669620469193,127.050814850531,36.7653718043597));
#3233=CARTESIAN_POINT('Ctrl Pts',(-9.82518857118247,126.823861509066,38.4182413069608));
#3234=CARTESIAN_POINT('Ctrl Pts',(-9.85615658895785,126.543911719123,41.294457964886));
#3235=CARTESIAN_POINT('Ctrl Pts',(-10.5313407028004,126.157365690953,45.0604340432314));
#3236=CARTESIAN_POINT('Ctrl Pts',(-11.324682038919,125.875469593291,47.5902987193413));
#3237=CARTESIAN_POINT('Ctrl Pts',(-12.3630773069687,125.631162690993,49.5997368904118));
#3238=CARTESIAN_POINT('Ctrl Pts',(-13.5527424221188,125.461492395526,50.9087381237175));
#3239=CARTESIAN_POINT('Ctrl Pts',(-14.4772796570108,125.409032921131,51.2942219685207));
#3240=CARTESIAN_POINT('Ctrl Pts',(-15.,125.409032921131,51.2942219685207));
#3241=CARTESIAN_POINT('Ctrl Pts',(-10.,127.696954236634,36.7653718043597));
#3242=CARTESIAN_POINT('Ctrl Pts',(-9.97116770364518,127.425712849982,38.3789573026025));
#3243=CARTESIAN_POINT('Ctrl Pts',(-10.0934317642602,127.091366194933,41.2242631443192));
#3244=CARTESIAN_POINT('Ctrl Pts',(-10.8378409287418,126.595979459211,44.9139073631399));
#3245=CARTESIAN_POINT('Ctrl Pts',(-11.6350718246403,126.220504474886,47.3792805858627));
#3246=CARTESIAN_POINT('Ctrl Pts',(-12.6198275456356,125.886497562701,49.3259646226758));
#3247=CARTESIAN_POINT('Ctrl Pts',(-13.7065327513793,125.650930413351,50.5894353750723));
#3248=CARTESIAN_POINT('Ctrl Pts',(-14.5334065969656,125.577437607827,50.9613729521091));
#3249=CARTESIAN_POINT('Ctrl Pts',(-15.,125.577437607827,50.9613729521091));
#3250=CARTESIAN_POINT('Ctrl Pts',(-10.,128.,36.7653718043597));
#3251=CARTESIAN_POINT('Ctrl Pts',(-10.,127.714242775801,38.3601979040614));
#3252=CARTESIAN_POINT('Ctrl Pts',(-10.1723599378887,127.364457678309,41.1934835902665));
#3253=CARTESIAN_POINT('Ctrl Pts',(-10.9635297794905,126.823814194604,44.8478413605452));
#3254=CARTESIAN_POINT('Ctrl Pts',(-11.7723631820775,126.404255518386,47.2816788748858));
#3255=CARTESIAN_POINT('Ctrl Pts',(-12.7384377134133,126.024848225216,49.1964909089295));
#3256=CARTESIAN_POINT('Ctrl Pts',(-13.7793015213582,125.754603796786,50.4364412417215));
#3257=CARTESIAN_POINT('Ctrl Pts',(-14.5600479724961,125.669872981078,50.8012701892219));
#3258=CARTESIAN_POINT('Ctrl Pts',(-15.,125.669872981078,50.8012701892219));
#3259=CARTESIAN_POINT('',(-11.5336923106075,125.,51.9615242106712));
#3260=CARTESIAN_POINT('',(-9.99999999999999,125.,50.2960220092903));
#3261=CARTESIAN_POINT('Ctrl Pts',(-11.5336378456212,125.,51.96159019673));
#3262=CARTESIAN_POINT('Ctrl Pts',(-11.2361417221437,125.,51.7168448417189));
#3263=CARTESIAN_POINT('Ctrl Pts',(-10.7061055938781,125.,51.2055645533724));
#3264=CARTESIAN_POINT('Ctrl Pts',(-10.2178967305949,125.,50.5957463270846));
#3265=CARTESIAN_POINT('Ctrl Pts',(-10.0020330410169,125.,50.2945648818943));
#3266=CARTESIAN_POINT('',(-7.,125.,36.7653718043597));
#3267=CARTESIAN_POINT('Ctrl Pts',(-10.0020330410169,125.,50.2945648818943));
#3268=CARTESIAN_POINT('Ctrl Pts',(-9.6764197509048,125.,49.8402565103435));
#3269=CARTESIAN_POINT('Ctrl Pts',(-8.87185791107468,125.,48.5174122050836));
#3270=CARTESIAN_POINT('Ctrl Pts',(-7.88841565082242,125.,45.9780200508666));
#3271=CARTESIAN_POINT('Ctrl Pts',(-7.01176604893659,125.,41.7018060234348));
#3272=CARTESIAN_POINT('Ctrl Pts',(-7.,125.,38.5251799143754));
#3273=CARTESIAN_POINT('Ctrl Pts',(-7.,125.,36.7653718043597));
#3274=CARTESIAN_POINT('',(-10.,128.,36.7653718043597));
#3275=CARTESIAN_POINT('Origin',(-7.,128.,36.7653718043597));
#3276=CARTESIAN_POINT('',(-15.,125.669872981078,50.8012701892219));
#3277=CARTESIAN_POINT('Ctrl Pts',(-10.,128.,36.7653718043597));
#3278=CARTESIAN_POINT('Ctrl Pts',(-10.,127.714242775801,38.3601979040614));
#3279=CARTESIAN_POINT('Ctrl Pts',(-10.1723599378887,127.364457678309,41.1934835902665));
#3280=CARTESIAN_POINT('Ctrl Pts',(-10.9635297794905,126.823814194604,44.8478413605452));
#3281=CARTESIAN_POINT('Ctrl Pts',(-11.7723631820775,126.404255518386,47.2816788748858));
#3282=CARTESIAN_POINT('Ctrl Pts',(-12.7384377134133,126.024848225216,49.1964909089295));
#3283=CARTESIAN_POINT('Ctrl Pts',(-13.7793015213582,125.754603796786,50.4364412417215));
#3284=CARTESIAN_POINT('Ctrl Pts',(-14.5600479724961,125.669872981078,50.8012701892219));
#3285=CARTESIAN_POINT('Ctrl Pts',(-15.,125.669872981078,50.8012701892219));
#3286=CARTESIAN_POINT('',(-15.,125.,53.3012701892219));
#3287=CARTESIAN_POINT('Origin',(-15.,130.,53.3012701892219));
#3288=CARTESIAN_POINT('Ctrl Pts',(-15.,125.,53.3012701892219));
#3289=CARTESIAN_POINT('Ctrl Pts',(-14.1200959449922,125.,53.3012701892219));
#3290=CARTESIAN_POINT('Ctrl Pts',(-12.9216888744412,125.,52.9468151067381));
#3291=CARTESIAN_POINT('Ctrl Pts',(-11.8803097699551,125.,52.246791705246));
#3292=CARTESIAN_POINT('Ctrl Pts',(-11.5336378456212,125.,51.96159019673));
#3293=CARTESIAN_POINT('Origin',(-35.,130.,53.3012701892219));
#3294=CARTESIAN_POINT('',(-40.,121.339745962156,48.3012701892219));
#3295=CARTESIAN_POINT('',(-40.,120.,53.3012701892219));
#3296=CARTESIAN_POINT('Origin',(-40.,130.,53.3012701892219));
#3297=CARTESIAN_POINT('',(-35.,125.,53.3012701892219));
#3298=CARTESIAN_POINT('Origin',(-35.,120.,53.3012701892219));
#3299=CARTESIAN_POINT('',(-35.,125.669872981078,50.8012701892219));
#3300=CARTESIAN_POINT('Origin',(-35.,130.,53.3012701892219));
#3301=CARTESIAN_POINT('Origin',(-35.,121.339745962156,48.3012701892219));
#3302=CARTESIAN_POINT('Origin',(-35.,120.,0.));
#3303=CARTESIAN_POINT('',(-39.9999999999997,120.000001788139,186.));
#3304=CARTESIAN_POINT('',(-39.7696954447405,121.500001788139,187.5));
#3305=CARTESIAN_POINT('Ctrl Pts',(-39.9999999999997,120.000001788139,186.));
#3306=CARTESIAN_POINT('Ctrl Pts',(-39.9999999321998,120.189583928927,186.));
#3307=CARTESIAN_POINT('Ctrl Pts',(-39.9881505261615,120.391020658811,186.038125879678));
#3308=CARTESIAN_POINT('Ctrl Pts',(-39.9453556982392,120.760263011616,186.191575554315));
#3309=CARTESIAN_POINT('Ctrl Pts',(-39.914967473307,120.928158972982,186.306836838443));
#3310=CARTESIAN_POINT('Ctrl Pts',(-39.8574333182086,121.193204449824,186.571882320966));
#3311=CARTESIAN_POINT('Ctrl Pts',(-39.8264242952897,121.308435153374,186.739762235567));
#3312=CARTESIAN_POINT('Ctrl Pts',(-39.782189148938,121.461862245717,187.108946256912));
#3313=CARTESIAN_POINT('Ctrl Pts',(-39.7696954447405,121.500001788139,187.310361371837));
#3314=CARTESIAN_POINT('Ctrl Pts',(-39.7696954447405,121.500001788139,187.5));
#3315=CARTESIAN_POINT('',(-40.,120.,188.999999999999));
#3316=CARTESIAN_POINT('Ctrl Pts',(-39.7696954447405,121.500001788139,187.5));
#3317=CARTESIAN_POINT('Ctrl Pts',(-39.7696954447405,121.500001788139,187.689638628163));
#3318=CARTESIAN_POINT('Ctrl Pts',(-39.782189148938,121.461862245717,187.891053743088));
#3319=CARTESIAN_POINT('Ctrl Pts',(-39.8264242952897,121.308435153374,188.260237764433));
#3320=CARTESIAN_POINT('Ctrl Pts',(-39.8574333182086,121.193204449824,188.428117679034));
#3321=CARTESIAN_POINT('Ctrl Pts',(-39.914967473307,120.928158972982,188.693163161557));
#3322=CARTESIAN_POINT('Ctrl Pts',(-39.9453556982392,120.760263011616,188.808424445685));
#3323=CARTESIAN_POINT('Ctrl Pts',(-39.9881505261615,120.391020658811,188.961874120322));
#3324=CARTESIAN_POINT('Ctrl Pts',(-39.9999999321998,120.189583928927,189.));
#3325=CARTESIAN_POINT('Ctrl Pts',(-39.9999999999997,120.000001788139,189.));
#3326=CARTESIAN_POINT('',(-40.,120.,195.));
#3327=CARTESIAN_POINT('',(-40.,120.,0.));
#3328=CARTESIAN_POINT('',(-35.,125.,195.));
#3329=CARTESIAN_POINT('Origin',(-35.,120.,195.));
#3330=CARTESIAN_POINT('',(-35.,125.,180.));
#3331=CARTESIAN_POINT('',(-35.,125.,180.));
#3332=CARTESIAN_POINT('',(-35.,125.,0.));
#3333=CARTESIAN_POINT('',(-40.,120.,0.));
#3334=CARTESIAN_POINT('Origin',(-20.,130.,53.3012701892219));
#3335=CARTESIAN_POINT('',(-20.,125.,53.3012701892219));
#3336=CARTESIAN_POINT('',(-20.,125.669872981078,50.8012701892219));
#3337=CARTESIAN_POINT('Origin',(-35.,131.919872981078,29.9759526419165));
#3338=CARTESIAN_POINT('',(-40.,131.919872981078,29.9759526419165));
#3339=CARTESIAN_POINT('',(-35.,136.25,32.4759526419164));
#3340=CARTESIAN_POINT('Origin',(-7.,128.,12.9903810567666));
#3341=CARTESIAN_POINT('',(-10.,128.,12.9903810567666));
#3342=CARTESIAN_POINT('',(-7.,125.,12.9903810567666));
#3343=CARTESIAN_POINT('Origin',(-15.,128.169872981078,36.4711431702997));
#3344=CARTESIAN_POINT('',(-15.,132.5,38.9711431702997));
#3345=CARTESIAN_POINT('',(-10.,128.169872981078,36.4711431702997));
#3346=CARTESIAN_POINT('Origin',(-40.,125.,0.));
#3347=CARTESIAN_POINT('',(-40.,88.6602540378444,48.3012701892219));
#3348=CARTESIAN_POINT('',(-40.,83.0801270189222,38.6362066797608));
#3349=CARTESIAN_POINT('',(-40.,90.,53.3012701892219));
#3350=CARTESIAN_POINT('Origin',(-40.,80.,53.3012701892219));
#3351=CARTESIAN_POINT('',(-40.,90.,186.000000000001));
#3352=CARTESIAN_POINT('',(-40.,90.,0.));
#3353=CARTESIAN_POINT('',(-40.,90.,188.999999999999));
#3354=CARTESIAN_POINT('Origin',(-40.,89.9999982118607,187.5));
#3355=CARTESIAN_POINT('',(-40.,90.,195.));
#3356=CARTESIAN_POINT('',(-40.,90.,0.));
#3357=CARTESIAN_POINT('',(-40.,95.,195.));
#3358=CARTESIAN_POINT('',(-40.,100.,195.));
#3359=CARTESIAN_POINT('',(-40.,95.,180.));
#3360=CARTESIAN_POINT('',(-40.,95.,180.));
#3361=CARTESIAN_POINT('',(-40.,115.,180.));
#3362=CARTESIAN_POINT('',(-40.,115.,180.));
#3363=CARTESIAN_POINT('',(-40.,115.,195.));
#3364=CARTESIAN_POINT('',(-40.,115.,180.));
#3365=CARTESIAN_POINT('',(-40.,115.,195.));
#3366=CARTESIAN_POINT('Origin',(-40.,120.000001788139,187.5));
#3367=CARTESIAN_POINT('Origin',(-40.,125.,51.9615242270663));
#3368=CARTESIAN_POINT('Origin',(-10.,140.,25.9807621135332));
#3369=CARTESIAN_POINT('Origin',(-4.99923847578196,120.,-0.0872620321864176));
#3370=CARTESIAN_POINT('',(-8.1426733272987,125.,180.));
#3371=CARTESIAN_POINT('',(-3.14191168707917,120.,180.));
#3372=CARTESIAN_POINT('Origin',(-8.1426733272987,120.,180.));
#3373=CARTESIAN_POINT('',(0.,120.,0.));
#3374=CARTESIAN_POINT('',(-4.99923847578196,125.,-0.0872620321864176));
#3375=CARTESIAN_POINT('Origin',(0.,85.,0.));
#3376=CARTESIAN_POINT('',(-3.14191168707916,110.,180.));
#3377=CARTESIAN_POINT('',(-3.14191168707917,95.,180.));
#3378=CARTESIAN_POINT('',(-3.40373766100243,110.,195.));
#3379=CARTESIAN_POINT('',(-3.14191168707916,110.,180.));
#3380=CARTESIAN_POINT('',(-3.40373766100243,100.,195.));
#3381=CARTESIAN_POINT('',(-3.40373766100243,102.5,195.));
#3382=CARTESIAN_POINT('',(-3.14191168707916,100.,180.));
#3383=CARTESIAN_POINT('',(-3.14267315330529,100.,180.043624370878));
#3384=CARTESIAN_POINT('',(-3.14191168707917,90.,180.));
#3385=CARTESIAN_POINT('',(-3.14191168707917,95.,180.));
#3386=CARTESIAN_POINT('',(-0.00609172980904238,90.,0.34899496702501));
#3387=CARTESIAN_POINT('',(-0.122185454497523,89.5,7.));
#3388=CARTESIAN_POINT('',(-3.29900727143312,105.,189.));
#3389=CARTESIAN_POINT('Origin',(-3.2728246740408,105.,187.5));
#3390=CARTESIAN_POINT('Origin',(-16.6182597392326,105.,180.));
#3391=CARTESIAN_POINT('',(-8.30912986961632,125.,180.));
#3392=CARTESIAN_POINT('',(-35.,115.,180.));
#3393=CARTESIAN_POINT('',(-35.,110.,180.));
#3394=CARTESIAN_POINT('',(-28.3091298696163,115.,180.));
#3395=CARTESIAN_POINT('',(-35.,95.,180.));
#3396=CARTESIAN_POINT('',(-25.8091298696163,95.,180.));
#3397=CARTESIAN_POINT('',(-35.,85.,180.));
#3398=CARTESIAN_POINT('',(-35.,95.,180.));
#3399=CARTESIAN_POINT('',(-8.1426733272987,85.,180.));
#3400=CARTESIAN_POINT('',(-28.3091298696163,85.,180.));
#3401=CARTESIAN_POINT('Origin',(-8.1426733272987,90.,180.));
#3402=CARTESIAN_POINT('',(-8.14191168707916,100.,180.));
#3403=CARTESIAN_POINT('',(-12.3800857131559,100.,180.));
#3404=CARTESIAN_POINT('',(-8.14191168707916,110.,180.));
#3405=CARTESIAN_POINT('',(-8.14191168707917,107.5,180.));
#3406=CARTESIAN_POINT('',(-9.8800857131559,110.,180.));
#3407=CARTESIAN_POINT('Ctrl Pts',(-15.,85.,53.3012701892219));
#3408=CARTESIAN_POINT('Ctrl Pts',(-14.1200959449922,85.,53.3012701892219));
#3409=CARTESIAN_POINT('Ctrl Pts',(-12.9457844544706,85.,52.9523709316058));
#3410=CARTESIAN_POINT('Ctrl Pts',(-10.920022293714,85.,51.6113826889097));
#3411=CARTESIAN_POINT('Ctrl Pts',(-8.63473250463746,85.,48.6590772411655));
#3412=CARTESIAN_POINT('Ctrl Pts',(-7.00330610588666,85.,42.7600445392328));
#3413=CARTESIAN_POINT('Ctrl Pts',(-6.99999999999999,85.,38.5251799143754));
#3414=CARTESIAN_POINT('Ctrl Pts',(-6.99999999999999,85.,36.7653718043597));
#3415=CARTESIAN_POINT('Ctrl Pts',(-15.,85.,53.0547758605529));
#3416=CARTESIAN_POINT('Ctrl Pts',(-14.1655136371826,85.,53.0547758605529));
#3417=CARTESIAN_POINT('Ctrl Pts',(-13.0527978760354,85.0000522346245,52.7140095721152));
#3418=CARTESIAN_POINT('Ctrl Pts',(-11.1291528645934,85.0000650167311,51.404006280782));
#3419=CARTESIAN_POINT('Ctrl Pts',(-8.95124894420978,85.0001926384533,48.5154601995015));
#3420=CARTESIAN_POINT('Ctrl Pts',(-7.37957170747932,85.000295277246,42.7163602712571));
#3421=CARTESIAN_POINT('Ctrl Pts',(-7.38574098524666,85.0002760050803,38.5279006318453));
#3422=CARTESIAN_POINT('Ctrl Pts',(-7.40406101782088,85.,36.7653718043597));
#3423=CARTESIAN_POINT('Ctrl Pts',(-15.,84.9633440010376,52.5569144940343));
#3424=CARTESIAN_POINT('Ctrl Pts',(-14.256123810759,84.9633440010376,52.5569144940343));
#3425=CARTESIAN_POINT('Ctrl Pts',(-13.2648688277022,84.9596748294627,52.2309713428256));
#3426=CARTESIAN_POINT('Ctrl Pts',(-11.547178975587,84.9468801981143,50.9778486454877));
#3427=CARTESIAN_POINT('Ctrl Pts',(-9.59070463615053,84.9193106894473,48.2082147239912));
#3428=CARTESIAN_POINT('Ctrl Pts',(-8.16788243892346,84.8742410993607,42.6055088048056));
#3429=CARTESIAN_POINT('Ctrl Pts',(-8.21812443258308,84.847367702608,38.5236477691709));
#3430=CARTESIAN_POINT('Ctrl Pts',(-8.29006017562655,84.8312975643698,36.7653718043597));
#3431=CARTESIAN_POINT('Ctrl Pts',(-15.,84.8095305557902,51.8819229363006));
#3432=CARTESIAN_POINT('Ctrl Pts',(-14.3757451501355,84.8095305557902,51.8819229363006));
#3433=CARTESIAN_POINT('Ctrl Pts',(-13.5443761418046,84.7907682071855,51.5740184729515));
#3434=CARTESIAN_POINT('Ctrl Pts',(-12.0953886508059,84.7223707378404,50.3910646554542));
#3435=CARTESIAN_POINT('Ctrl Pts',(-10.4252726512809,84.5741720866981,47.7699032102588));
#3436=CARTESIAN_POINT('Ctrl Pts',(-9.16931736333592,84.3091357434738,42.4180350888575));
#3437=CARTESIAN_POINT('Ctrl Pts',(-9.23962353570557,84.1172256329281,38.4794471421282));
#3438=CARTESIAN_POINT('Ctrl Pts',(-9.35607054823135,83.999373776294,36.7653718043597));
#3439=CARTESIAN_POINT('Ctrl Pts',(-15.,84.5909672828258,51.2942219493677));
#3440=CARTESIAN_POINT('Ctrl Pts',(-14.4772796570108,84.5909672828258,51.2942219493677));
#3441=CARTESIAN_POINT('Ctrl Pts',(-13.7803957063791,84.5509294029545,51.0024709092822));
#3442=CARTESIAN_POINT('Ctrl Pts',(-12.5495563248653,84.4055079402341,49.8824042080041));
#3443=CARTESIAN_POINT('Ctrl Pts',(-11.0913858663717,84.0918663582917,47.3940103199955));
#3444=CARTESIAN_POINT('Ctrl Pts',(-9.86218016146533,83.5467301813716,42.256062477457));
#3445=CARTESIAN_POINT('Ctrl Pts',(-9.82518122718268,83.176138889271,38.4182413069608));
#3446=CARTESIAN_POINT('Ctrl Pts',(-9.90668886069214,82.9491855478061,36.7653718043597));
#3447=CARTESIAN_POINT('Ctrl Pts',(-15.,84.4225623921731,50.9613729521091));
#3448=CARTESIAN_POINT('Ctrl Pts',(-14.5334065969655,84.4225623921731,50.9613729521091));
#3449=CARTESIAN_POINT('Ctrl Pts',(-13.9101629080087,84.3663607622666,50.6798660311905));
#3450=CARTESIAN_POINT('Ctrl Pts',(-12.7923316586081,84.1644974873837,49.5988658574677));
#3451=CARTESIAN_POINT('Ctrl Pts',(-11.4269906113839,83.731872543491,47.1926200123789));
#3452=CARTESIAN_POINT('Ctrl Pts',(-10.1319247767329,83.0156471929456,42.1752813297269));
#3453=CARTESIAN_POINT('Ctrl Pts',(-9.97116770364518,82.5742871500181,38.3789573026026));
#3454=CARTESIAN_POINT('Ctrl Pts',(-10.,82.3030457633657,36.7653718043597));
#3455=CARTESIAN_POINT('Ctrl Pts',(-15.,84.3301270189222,50.8012701892219));
#3456=CARTESIAN_POINT('Ctrl Pts',(-14.5600479724961,84.3301270189222,50.8012701892219));
#3457=CARTESIAN_POINT('Ctrl Pts',(-13.9715845416923,84.2652712293115,50.5251634148607));
#3458=CARTESIAN_POINT('Ctrl Pts',(-12.9050339828971,84.033670191639,49.4643317070773));
#3459=CARTESIAN_POINT('Ctrl Pts',(-11.5760563925915,83.5394972172091,47.1003198077008));
#3460=CARTESIAN_POINT('Ctrl Pts',(-10.2286436575879,82.7465553327399,42.1404980800322));
#3461=CARTESIAN_POINT('Ctrl Pts',(-10.,82.2857572241986,38.3601979040614));
#3462=CARTESIAN_POINT('Ctrl Pts',(-10.,82.,36.7653718043597));
#3463=CARTESIAN_POINT('',(-10.,85.,50.2960220093218));
#3464=CARTESIAN_POINT('',(-11.5336923305438,85.,51.9615242270661));
#3465=CARTESIAN_POINT('Ctrl Pts',(-9.9988946281274,85.,50.2955100640322));
#3466=CARTESIAN_POINT('Ctrl Pts',(-10.464685561767,85.,50.943842967183));
#3467=CARTESIAN_POINT('Ctrl Pts',(-10.9806111773995,85.,51.5066971751889));
#3468=CARTESIAN_POINT('Ctrl Pts',(-11.5354366879322,85.,51.9629010033251));
#3469=CARTESIAN_POINT('',(-15.,85.,53.3012701892219));
#3470=CARTESIAN_POINT('Ctrl Pts',(-11.5337207744343,85.,51.9614896558688));
#3471=CARTESIAN_POINT('Ctrl Pts',(-11.5584925260992,85.,51.9818709283609));
#3472=CARTESIAN_POINT('Ctrl Pts',(-11.9069799433947,85.,52.2647163476678));
#3473=CARTESIAN_POINT('Ctrl Pts',(-12.9457844544706,85.,52.9523709316058));
#3474=CARTESIAN_POINT('Ctrl Pts',(-14.1200959449922,85.,53.3012701892219));
#3475=CARTESIAN_POINT('Ctrl Pts',(-15.,85.,53.3012701892219));
#3476=CARTESIAN_POINT('',(-15.,84.3301270189222,50.8012701892219));
#3477=CARTESIAN_POINT('Origin',(-15.,80.,53.3012701892219));
#3478=CARTESIAN_POINT('',(-10.,82.,36.7653718043597));
#3479=CARTESIAN_POINT('Ctrl Pts',(-15.,84.3301270189222,50.8012701892219));
#3480=CARTESIAN_POINT('Ctrl Pts',(-14.5600479724961,84.3301270189222,50.8012701892219));
#3481=CARTESIAN_POINT('Ctrl Pts',(-13.9715845416923,84.2652712293115,50.5251634148607));
#3482=CARTESIAN_POINT('Ctrl Pts',(-12.9050339828971,84.033670191639,49.4643317070773));
#3483=CARTESIAN_POINT('Ctrl Pts',(-11.5760563925915,83.5394972172091,47.1003198077008));
#3484=CARTESIAN_POINT('Ctrl Pts',(-10.2286436575879,82.7465553327399,42.1404980800322));
#3485=CARTESIAN_POINT('Ctrl Pts',(-10.,82.2857572241986,38.3601979040614));
#3486=CARTESIAN_POINT('Ctrl Pts',(-10.,82.,36.7653718043597));
#3487=CARTESIAN_POINT('',(-7.,85.,36.7653718043597));
#3488=CARTESIAN_POINT('Origin',(-7.,82.,36.7653718043597));
#3489=CARTESIAN_POINT('Ctrl Pts',(-6.99999999999999,85.,36.7653718043597));
#3490=CARTESIAN_POINT('Ctrl Pts',(-6.99999999999999,85.,38.5251799143754));
#3491=CARTESIAN_POINT('Ctrl Pts',(-7.00330610588666,85.,42.7600445392328));
#3492=CARTESIAN_POINT('Ctrl Pts',(-8.36870489369617,85.,47.6971548536392));
#3493=CARTESIAN_POINT('Ctrl Pts',(-9.67270471023282,85.,49.8415835938975));
#3494=CARTESIAN_POINT('Ctrl Pts',(-9.99951248694034,85.,50.2963699686738));
#3495=CARTESIAN_POINT('Origin',(-35.,80.,53.3012701892219));
#3496=CARTESIAN_POINT('',(-35.,85.,53.3012701892219));
#3497=CARTESIAN_POINT('',(-35.,84.3301270189222,50.8012701892219));
#3498=CARTESIAN_POINT('Origin',(-35.,80.,53.3012701892219));
#3499=CARTESIAN_POINT('Origin',(-35.,90.,53.3012701892219));
#3500=CARTESIAN_POINT('Origin',(-35.,88.6602540378444,48.3012701892219));
#3501=CARTESIAN_POINT('Origin',(-35.,90.,0.));
#3502=CARTESIAN_POINT('',(-39.7696954447405,88.4999982118607,187.5));
#3503=CARTESIAN_POINT('Ctrl Pts',(-39.9999999999997,89.9999982118607,189.));
#3504=CARTESIAN_POINT('Ctrl Pts',(-39.9999999321998,89.8104160710735,189.));
#3505=CARTESIAN_POINT('Ctrl Pts',(-39.9881505261615,89.6089793411889,188.961874120322));
#3506=CARTESIAN_POINT('Ctrl Pts',(-39.9453556982392,89.2397369883839,188.808424445685));
#3507=CARTESIAN_POINT('Ctrl Pts',(-39.914967473307,89.071841027018,188.693163161557));
#3508=CARTESIAN_POINT('Ctrl Pts',(-39.8574333182086,88.8067955501764,188.428117679034));
#3509=CARTESIAN_POINT('Ctrl Pts',(-39.8264242952897,88.6915648466261,188.260237764433));
#3510=CARTESIAN_POINT('Ctrl Pts',(-39.782189148938,88.5381377542832,187.891053743088));
#3511=CARTESIAN_POINT('Ctrl Pts',(-39.7696954447405,88.4999982118607,187.689638628163));
#3512=CARTESIAN_POINT('Ctrl Pts',(-39.7696954447405,88.4999982118607,187.5));
#3513=CARTESIAN_POINT('Ctrl Pts',(-39.7696954447405,88.4999982118607,187.5));
#3514=CARTESIAN_POINT('Ctrl Pts',(-39.7696954447405,88.4999982118607,187.310361371837));
#3515=CARTESIAN_POINT('Ctrl Pts',(-39.782189148938,88.5381377542832,187.108946256912));
#3516=CARTESIAN_POINT('Ctrl Pts',(-39.8264242952897,88.6915648466261,186.739762235567));
#3517=CARTESIAN_POINT('Ctrl Pts',(-39.8574333182086,88.8067955501765,186.571882320966));
#3518=CARTESIAN_POINT('Ctrl Pts',(-39.914967473307,89.071841027018,186.306836838443));
#3519=CARTESIAN_POINT('Ctrl Pts',(-39.9453556982392,89.2397369883839,186.191575554315));
#3520=CARTESIAN_POINT('Ctrl Pts',(-39.9881505261615,89.6089793411889,186.038125879678));
#3521=CARTESIAN_POINT('Ctrl Pts',(-39.9999999321998,89.8104160710734,186.));
#3522=CARTESIAN_POINT('Ctrl Pts',(-39.9999999999997,89.9999982118606,186.));
#3523=CARTESIAN_POINT('',(-35.,85.,0.));
#3524=CARTESIAN_POINT('',(-35.,85.,195.));
#3525=CARTESIAN_POINT('',(-35.,85.,180.));
#3526=CARTESIAN_POINT('Origin',(-35.,90.,195.));
#3527=CARTESIAN_POINT('Origin',(-35.,83.0801270189222,38.6362066797608));
#3528=CARTESIAN_POINT('',(-35.,78.75,41.1362066797608));
#3529=CARTESIAN_POINT('Origin',(-40.,80.,53.3012701892219));
#3530=CARTESIAN_POINT('',(-40.,85.,53.3012701892219));
#3531=CARTESIAN_POINT('',(-40.,84.3301270189222,50.8012701892219));
#3532=CARTESIAN_POINT('Origin',(-15.,81.8301270189222,36.4711431702997));
#3533=CARTESIAN_POINT('',(-10.,81.8301270189222,36.4711431702997));
#3534=CARTESIAN_POINT('',(-15.,77.5,38.9711431702997));
#3535=CARTESIAN_POINT('Origin',(-7.,82.,12.9903810567666));
#3536=CARTESIAN_POINT('',(-7.,85.,12.9903810567666));
#3537=CARTESIAN_POINT('',(-10.,82.,12.9903810567666));
#3538=CARTESIAN_POINT('Origin',(-40.,89.9999982118607,187.5));
#3539=CARTESIAN_POINT('',(-35.,88.4999982118607,187.5));
#3540=CARTESIAN_POINT('',(-40.,88.4999982118607,187.5));
#3541=CARTESIAN_POINT('Origin',(-35.,89.9999982118607,187.5));
#3542=CARTESIAN_POINT('Origin',(-21.5709558435396,105.,195.));
#3543=CARTESIAN_POINT('',(-35.,95.,195.));
#3544=CARTESIAN_POINT('',(-35.,95.,195.));
#3545=CARTESIAN_POINT('',(-28.2854779217698,95.,195.));
#3546=CARTESIAN_POINT('Origin',(-40.,85.,0.));
#3547=CARTESIAN_POINT('',(-5.005330205591,85.,0.261732934838592));
#3548=CARTESIAN_POINT('Origin',(-5.005330205591,90.,0.261732934838592));
#3549=CARTESIAN_POINT('Origin',(-3.2728246740408,105.,187.5));
#3550=CARTESIAN_POINT('',(-8.14191168707916,105.,189.));
#3551=CARTESIAN_POINT('',(-3.2728246740408,105.,189.));
#3552=CARTESIAN_POINT('Origin',(-8.14191168707916,105.,187.5));
#3553=CARTESIAN_POINT('Origin',(-40.,120.000001788139,187.5));
#3554=CARTESIAN_POINT('',(-35.,121.500001788139,187.5));
#3555=CARTESIAN_POINT('',(-40.,121.500001788139,187.5));
#3556=CARTESIAN_POINT('Origin',(-35.,120.000001788139,187.5));
#3557=CARTESIAN_POINT('Origin',(-8.14191168707916,110.,180.));
#3558=CARTESIAN_POINT('',(-8.14191168707916,100.,195.));
#3559=CARTESIAN_POINT('',(-8.14191168707916,110.,195.));
#3560=CARTESIAN_POINT('',(-8.14191168707916,107.5,195.));
#3561=CARTESIAN_POINT('',(-8.14191168707916,110.,180.));
#3562=CARTESIAN_POINT('',(-8.14191168707916,100.,180.));
#3563=CARTESIAN_POINT('Origin',(-3.14191168707916,110.,180.));
#3564=CARTESIAN_POINT('',(-12.3564337653094,110.,195.));
#3565=CARTESIAN_POINT('Origin',(-8.14191168707916,100.,180.));
#3566=CARTESIAN_POINT('',(-14.8564337653094,100.,195.));
#3567=CARTESIAN_POINT('Origin',(-21.5709558435396,105.,195.));
#3568=CARTESIAN_POINT('Origin',(-35.,95.,180.));
#3569=CARTESIAN_POINT('',(-35.,95.,180.));
#3570=CARTESIAN_POINT('Origin',(-35.,85.,180.));
#3571=CARTESIAN_POINT('Origin',(-35.,115.,180.));
#3572=CARTESIAN_POINT('',(-35.,115.,195.));
#3573=CARTESIAN_POINT('',(-35.,110.,195.));
#3574=CARTESIAN_POINT('',(-35.,115.,180.));
#3575=CARTESIAN_POINT('Origin',(-40.,115.,180.));
#3576=CARTESIAN_POINT('',(-30.7854779217698,115.,195.));
#3577=CARTESIAN_POINT('Origin',(-21.5709558435396,105.,195.));
#3578=CARTESIAN_POINT('Origin',(0.,125.,0.));
#3579=CARTESIAN_POINT('Origin',(-40.,85.,51.9615242270663));
#3580=CARTESIAN_POINT('Origin',(-10.,70.,25.9807621135332));
#3581=CARTESIAN_POINT('Origin',(0.763480521534726,94.,7.));
#3582=UNCERTAINTY_MEASURE_WITH_UNIT(LENGTH_MEASURE(0.01),#3586,
'DISTANCE_ACCURACY_VALUE',
'Maximum model space distance between geometric entities at asserted c
onnectivities');
#3583=UNCERTAINTY_MEASURE_WITH_UNIT(LENGTH_MEASURE(0.01),#3586,
'DISTANCE_ACCURACY_VALUE',
'Maximum model space distance between geometric entities at asserted c
onnectivities');
#3584=(
GEOMETRIC_REPRESENTATION_CONTEXT(3)
GLOBAL_UNCERTAINTY_ASSIGNED_CONTEXT((#3582))
GLOBAL_UNIT_ASSIGNED_CONTEXT((#3586,#3588,#3589))
REPRESENTATION_CONTEXT('','3D')
);
#3585=(
GEOMETRIC_REPRESENTATION_CONTEXT(3)
GLOBAL_UNCERTAINTY_ASSIGNED_CONTEXT((#3583))
GLOBAL_UNIT_ASSIGNED_CONTEXT((#3586,#3588,#3589))
REPRESENTATION_CONTEXT('','3D')
);
#3586=(
LENGTH_UNIT()
NAMED_UNIT(*)
SI_UNIT(.MILLI.,.METRE.)
);
#3587=(
LENGTH_UNIT()
NAMED_UNIT(*)
SI_UNIT($,.METRE.)
);
#3588=(
NAMED_UNIT(*)
PLANE_ANGLE_UNIT()
SI_UNIT($,.RADIAN.)
);
#3589=(
NAMED_UNIT(*)
SI_UNIT($,.STERADIAN.)
SOLID_ANGLE_UNIT()
);
#3590=SHAPE_DEFINITION_REPRESENTATION(#3591,#3592);
#3591=PRODUCT_DEFINITION_SHAPE('',$,#3594);
#3592=SHAPE_REPRESENTATION('',(#1877),#3584);
#3593=PRODUCT_DEFINITION_CONTEXT('part definition',#3598,'design');
#3594=PRODUCT_DEFINITION('Cam Tower','Cam Tower',#3595,#3593);
#3595=PRODUCT_DEFINITION_FORMATION('',$,#3600);
#3596=PRODUCT_RELATED_PRODUCT_CATEGORY('Cam Tower','Cam Tower',(#3600));
#3597=APPLICATION_PROTOCOL_DEFINITION('international standard',
'automotive_design',2009,#3598);
#3598=APPLICATION_CONTEXT(
'Core Data for Automotive Mechanical Design Process');
#3599=PRODUCT_CONTEXT('part definition',#3598,'mechanical');
#3600=PRODUCT('Cam Tower','Cam Tower',$,(#3599));
#3601=PRESENTATION_STYLE_ASSIGNMENT((#3602));
#3602=SURFACE_STYLE_USAGE(.BOTH.,#3603);
#3603=SURFACE_SIDE_STYLE('',(#3604));
#3604=SURFACE_STYLE_FILL_AREA(#3605);
#3605=FILL_AREA_STYLE('Steel - Satin',(#3606));
#3606=FILL_AREA_STYLE_COLOUR('Steel - Satin',#3607);
#3607=COLOUR_RGB('Steel - Satin',0.627450980392157,0.627450980392157,0.627450980392157);
ENDSEC;
END-ISO-10303-21;
